{
	"credit": "Made with Blockbench",
	"texture_size": [128, 128],
	"textures": {
		"0": "item/hats/athenus_tower",
		"particle": "item/hats/athenus_tower"
	},
	"elements": [
		{
			"from": [0, -12, 0],
			"to": [16, -10, 16],
			"rotation": {"angle": 0, "axis": "y", "origin": [0, -12, 0]},
			"faces": {
				"north": {"uv": [2, 2, 4, 2.25], "texture": "#0"},
				"east": {"uv": [0, 2, 2, 2.25], "texture": "#0"},
				"south": {"uv": [6, 2, 8, 2.25], "texture": "#0"},
				"west": {"uv": [4, 2, 6, 2.25], "texture": "#0"},
				"up": {"uv": [4, 2, 2, 0], "texture": "#0"},
				"down": {"uv": [6, 0, 4, 2], "texture": "#0"}
			}
		},
		{
			"from": [3, -2, 3],
			"to": [13, 4, 13],
			"rotation": {"angle": 0, "axis": "y", "origin": [0, -12, 0]},
			"faces": {
				"north": {"uv": [6, 9.25, 7.25, 10], "texture": "#0"},
				"east": {"uv": [4.75, 9.25, 6, 10], "texture": "#0"},
				"south": {"uv": [8.5, 9.25, 9.75, 10], "texture": "#0"},
				"west": {"uv": [7.25, 9.25, 8.5, 10], "texture": "#0"},
				"up": {"uv": [7.25, 9.25, 6, 8], "texture": "#0"},
				"down": {"uv": [8.5, 8, 7.25, 9.25], "texture": "#0"}
			}
		},
		{
			"from": [2, -11, 2],
			"to": [14, -2, 14],
			"rotation": {"angle": 0, "axis": "y", "origin": [0, -12, 0]},
			"faces": {
				"north": {"uv": [7, 4.25, 8.5, 5.375], "texture": "#0"},
				"east": {"uv": [5.5, 4.25, 7, 5.375], "texture": "#0"},
				"south": {"uv": [10, 4.25, 11.5, 5.375], "texture": "#0"},
				"west": {"uv": [8.5, 4.25, 10, 5.375], "texture": "#0"},
				"up": {"uv": [8.5, 4.25, 7, 2.75], "texture": "#0"},
				"down": {"uv": [10, 2.75, 8.5, 4.25], "texture": "#0"}
			}
		},
		{
			"from": [2, 4, 2],
			"to": [14, 15, 14],
			"rotation": {"angle": 0, "axis": "y", "origin": [0, -12, 0]},
			"faces": {
				"north": {"uv": [1.5, 5.75, 3, 7.125], "texture": "#0"},
				"east": {"uv": [0, 5.75, 1.5, 7.125], "texture": "#0"},
				"south": {"uv": [4.5, 5.75, 6, 7.125], "texture": "#0"},
				"west": {"uv": [3, 5.75, 4.5, 7.125], "texture": "#0"},
				"up": {"uv": [3, 5.75, 1.5, 4.25], "texture": "#0"},
				"down": {"uv": [4.5, 4.25, 3, 5.75], "texture": "#0"}
			}
		},
		{
			"from": [1, 6, 4],
			"to": [15, 13, 12],
			"rotation": {"angle": 0, "axis": "y", "origin": [0, -12, 0]},
			"faces": {
				"north": {"uv": [7, 1, 8.75, 1.875], "texture": "#0"},
				"east": {"uv": [6, 1, 7, 1.875], "texture": "#0"},
				"south": {"uv": [9.75, 1, 11.5, 1.875], "texture": "#0"},
				"west": {"uv": [8.75, 1, 9.75, 1.875], "texture": "#0"},
				"up": {"uv": [8.75, 1, 7, 0], "texture": "#0"},
				"down": {"uv": [10.5, 0, 8.75, 1], "texture": "#0"}
			}
		},
		{
			"from": [4, 6, 1],
			"to": [12, 13, 15],
			"rotation": {"angle": 0, "axis": "y", "origin": [8, 9.5, 8]},
			"faces": {
				"north": {"uv": [6, 7.125, 7, 8], "texture": "#0"},
				"east": {"uv": [4.25, 7.125, 6, 8], "texture": "#0"},
				"south": {"uv": [8.75, 7.125, 9.75, 8], "texture": "#0"},
				"west": {"uv": [7, 7.125, 8.75, 8], "texture": "#0"},
				"up": {"uv": [7, 7.125, 6, 5.375], "texture": "#0"},
				"down": {"uv": [8, 5.375, 7, 7.125], "texture": "#0"}
			}
		},
		{
			"from": [6, -10, 1],
			"to": [10, -5, 2],
			"rotation": {"angle": 0, "axis": "y", "origin": [8, 9.5, 8]},
			"faces": {
				"north": {"uv": [8.625, 8.125, 9.125, 8.75], "texture": "#0"},
				"east": {"uv": [8.5, 8.125, 8.625, 8.75], "texture": "#0"},
				"south": {"uv": [9.25, 8.125, 9.75, 8.75], "texture": "#0"},
				"west": {"uv": [9.125, 8.125, 9.25, 8.75], "texture": "#0"},
				"up": {"uv": [9.125, 8.125, 8.625, 8], "texture": "#0"},
				"down": {"uv": [9.625, 8, 9.125, 8.125], "texture": "#0"}
			}
		},
		{
			"from": [3.5, 23, 6.5],
			"to": [12.5, 24, 9.5],
			"rotation": {"angle": 0, "axis": "y", "origin": [8, 24.5, 9.5]},
			"faces": {
				"north": {"uv": [11.625, 9.875, 12.75, 10], "texture": "#0"},
				"east": {"uv": [11.25, 9.875, 11.625, 10], "texture": "#0"},
				"south": {"uv": [13.125, 9.875, 14.25, 10], "texture": "#0"},
				"west": {"uv": [12.75, 9.875, 13.125, 10], "texture": "#0"},
				"up": {"uv": [12.75, 9.875, 11.625, 9.5], "texture": "#0"},
				"down": {"uv": [13.875, 9.5, 12.75, 9.875], "texture": "#0"}
			}
		},
		{
			"from": [13.9, 3, 8.5],
			"to": [15.9, 8, 8.5],
			"rotation": {"angle": -22.5, "axis": "z", "origin": [14.5, -6, 8.5]},
			"faces": {
				"north": {"uv": [1.5, 0.625, 1.75, 1.25], "texture": "#0"},
				"east": {"uv": [1.5, 0.625, 1.5, 1.25], "texture": "#0"},
				"south": {"uv": [1.75, 0.625, 2, 1.25], "texture": "#0"},
				"west": {"uv": [1.75, 0.625, 1.75, 1.25], "texture": "#0"},
				"up": {"uv": [1.75, 0.625, 1.5, 0.625], "texture": "#0"},
				"down": {"uv": [2, 0.625, 1.75, 0.625], "texture": "#0"}
			}
		},
		{
			"from": [14, 0, 7],
			"to": [17, 3, 10],
			"rotation": {"angle": -22.5, "axis": "z", "origin": [14.5, -6, 8.5]},
			"faces": {
				"north": {"uv": [0.375, 5.375, 0.75, 5.75], "texture": "#0"},
				"east": {"uv": [0, 5.375, 0.375, 5.75], "texture": "#0"},
				"south": {"uv": [1.125, 5.375, 1.5, 5.75], "texture": "#0"},
				"west": {"uv": [0.75, 5.375, 1.125, 5.75], "texture": "#0"},
				"up": {"uv": [0.75, 5.375, 0.375, 5], "texture": "#0"},
				"down": {"uv": [1.125, 5, 0.75, 5.375], "texture": "#0"}
			}
		},
		{
			"from": [13, -1, 6],
			"to": [18, 0, 11],
			"rotation": {"angle": -22.5, "axis": "z", "origin": [14.5, -6, 8.5]},
			"faces": {
				"north": {"uv": [13.125, 2.875, 13.75, 3], "texture": "#0"},
				"east": {"uv": [12.5, 2.875, 13.125, 3], "texture": "#0"},
				"south": {"uv": [14.375, 2.875, 15, 3], "texture": "#0"},
				"west": {"uv": [13.75, 2.875, 14.375, 3], "texture": "#0"},
				"up": {"uv": [13.75, 2.875, 13.125, 2.25], "texture": "#0"},
				"down": {"uv": [14.375, 2.25, 13.75, 2.875], "texture": "#0"}
			}
		},
		{
			"from": [14, -11, 7],
			"to": [17, -1, 10],
			"rotation": {"angle": -22.5, "axis": "z", "origin": [14.5, -6, 8.5]},
			"faces": {
				"north": {"uv": [0.375, 2.625, 0.75, 3.875], "texture": "#0"},
				"east": {"uv": [0, 2.625, 0.375, 3.875], "texture": "#0"},
				"south": {"uv": [1.125, 2.625, 1.5, 3.875], "texture": "#0"},
				"west": {"uv": [0.75, 2.625, 1.125, 3.875], "texture": "#0"},
				"up": {"uv": [0.75, 2.625, 0.375, 2.25], "texture": "#0"},
				"down": {"uv": [1.125, 2.25, 0.75, 2.625], "texture": "#0"}
			}
		},
		{
			"from": [13, -4, 6],
			"to": [18, -3, 11],
			"rotation": {"angle": -22.5, "axis": "z", "origin": [14.5, -6, 8.5]},
			"faces": {
				"north": {"uv": [12.875, 7.625, 13.5, 7.75], "texture": "#0"},
				"east": {"uv": [12.25, 7.625, 12.875, 7.75], "texture": "#0"},
				"south": {"uv": [14.125, 7.625, 14.75, 7.75], "texture": "#0"},
				"west": {"uv": [13.5, 7.625, 14.125, 7.75], "texture": "#0"},
				"up": {"uv": [13.5, 7.625, 12.875, 7], "texture": "#0"},
				"down": {"uv": [14.125, 7, 13.5, 7.625], "texture": "#0"}
			}
		},
		{
			"from": [13, -7, 6],
			"to": [18, -6, 11],
			"rotation": {"angle": -22.5, "axis": "z", "origin": [14.5, -6, 8.5]},
			"faces": {
				"north": {"uv": [12.875, 6.875, 13.5, 7], "texture": "#0"},
				"east": {"uv": [12.25, 6.875, 12.875, 7], "texture": "#0"},
				"south": {"uv": [14.125, 6.875, 14.75, 7], "texture": "#0"},
				"west": {"uv": [13.5, 6.875, 14.125, 7], "texture": "#0"},
				"up": {"uv": [13.5, 6.875, 12.875, 6.25], "texture": "#0"},
				"down": {"uv": [14.125, 6.25, 13.5, 6.875], "texture": "#0"}
			}
		},
		{
			"from": [0, 3, 8.5],
			"to": [2, 8, 8.5],
			"rotation": {"angle": 22.5, "axis": "z", "origin": [1.5, -6, 8.5]},
			"faces": {
				"north": {"uv": [1.5, 0, 1.75, 0.625], "texture": "#0"},
				"east": {"uv": [1.5, 0, 1.5, 0.625], "texture": "#0"},
				"south": {"uv": [1.75, 0, 2, 0.625], "texture": "#0"},
				"west": {"uv": [1.75, 0, 1.75, 0.625], "texture": "#0"},
				"up": {"uv": [1.75, 0, 1.5, 0], "texture": "#0"},
				"down": {"uv": [2, 0, 1.75, 0], "texture": "#0"}
			}
		},
		{
			"from": [-1, 0, 7],
			"to": [2, 3, 10],
			"rotation": {"angle": 22.5, "axis": "z", "origin": [1.5, -6, 8.5]},
			"faces": {
				"north": {"uv": [0.375, 4.625, 0.75, 5], "texture": "#0"},
				"east": {"uv": [0, 4.625, 0.375, 5], "texture": "#0"},
				"south": {"uv": [1.125, 4.625, 1.5, 5], "texture": "#0"},
				"west": {"uv": [0.75, 4.625, 1.125, 5], "texture": "#0"},
				"up": {"uv": [0.75, 4.625, 0.375, 4.25], "texture": "#0"},
				"down": {"uv": [1.125, 4.25, 0.75, 4.625], "texture": "#0"}
			}
		},
		{
			"from": [-2, -1, 6],
			"to": [3, 0, 11],
			"rotation": {"angle": 22.5, "axis": "z", "origin": [1.5, -6, 8.5]},
			"faces": {
				"north": {"uv": [12.875, 1.375, 13.5, 1.5], "texture": "#0"},
				"east": {"uv": [12.25, 1.375, 12.875, 1.5], "texture": "#0"},
				"south": {"uv": [14.125, 1.375, 14.75, 1.5], "texture": "#0"},
				"west": {"uv": [13.5, 1.375, 14.125, 1.5], "texture": "#0"},
				"up": {"uv": [13.5, 1.375, 12.875, 0.75], "texture": "#0"},
				"down": {"uv": [14.125, 0.75, 13.5, 1.375], "texture": "#0"}
			}
		},
		{
			"from": [-1, -11, 7],
			"to": [2, -1, 10],
			"rotation": {"angle": 22.5, "axis": "z", "origin": [1.5, -6, 8.5]},
			"faces": {
				"north": {"uv": [0.375, 0.375, 0.75, 1.625], "texture": "#0"},
				"east": {"uv": [0, 0.375, 0.375, 1.625], "texture": "#0"},
				"south": {"uv": [1.125, 0.375, 1.5, 1.625], "texture": "#0"},
				"west": {"uv": [0.75, 0.375, 1.125, 1.625], "texture": "#0"},
				"up": {"uv": [0.75, 0.375, 0.375, 0], "texture": "#0"},
				"down": {"uv": [1.125, 0, 0.75, 0.375], "texture": "#0"}
			}
		},
		{
			"from": [-2, -4, 6],
			"to": [3, -3, 11],
			"rotation": {"angle": 22.5, "axis": "z", "origin": [1.5, -6, 8.5]},
			"faces": {
				"north": {"uv": [12.875, 0.625, 13.5, 0.75], "texture": "#0"},
				"east": {"uv": [12.25, 0.625, 12.875, 0.75], "texture": "#0"},
				"south": {"uv": [14.125, 0.625, 14.75, 0.75], "texture": "#0"},
				"west": {"uv": [13.5, 0.625, 14.125, 0.75], "texture": "#0"},
				"up": {"uv": [13.5, 0.625, 12.875, 0], "texture": "#0"},
				"down": {"uv": [14.125, 0, 13.5, 0.625], "texture": "#0"}
			}
		},
		{
			"from": [-2, -7, 6],
			"to": [3, -6, 11],
			"rotation": {"angle": 22.5, "axis": "z", "origin": [1.5, -6, 8.5]},
			"faces": {
				"north": {"uv": [12.75, 10.75, 13.375, 10.875], "texture": "#0"},
				"east": {"uv": [12.125, 10.75, 12.75, 10.875], "texture": "#0"},
				"south": {"uv": [14, 10.75, 14.625, 10.875], "texture": "#0"},
				"west": {"uv": [13.375, 10.75, 14, 10.875], "texture": "#0"},
				"up": {"uv": [13.375, 10.75, 12.75, 10.125], "texture": "#0"},
				"down": {"uv": [14, 10.125, 13.375, 10.75], "texture": "#0"}
			}
		},
		{
			"from": [1, 17, 6],
			"to": [15, 20, 10],
			"rotation": {"angle": 0, "axis": "y", "origin": [0, -12, 0]},
			"faces": {
				"north": {"uv": [3.125, 10.5, 4.875, 10.875], "texture": "#0"},
				"east": {"uv": [2.625, 10.5, 3.125, 10.875], "texture": "#0"},
				"south": {"uv": [5.375, 10.5, 7.125, 10.875], "texture": "#0"},
				"west": {"uv": [4.875, 10.5, 5.375, 10.875], "texture": "#0"},
				"up": {"uv": [4.875, 10.5, 3.125, 10], "texture": "#0"},
				"down": {"uv": [6.625, 10, 4.875, 10.5], "texture": "#0"}
			}
		},
		{
			"from": [6, 17, 1],
			"to": [10, 20, 13],
			"rotation": {"angle": 0, "axis": "y", "origin": [8, 17.5, 19]},
			"faces": {
				"north": {"uv": [11.25, 7.75, 11.75, 8.125], "texture": "#0"},
				"east": {"uv": [9.75, 7.75, 11.25, 8.125], "texture": "#0"},
				"south": {"uv": [13.25, 7.75, 13.75, 8.125], "texture": "#0"},
				"west": {"uv": [11.75, 7.75, 13.25, 8.125], "texture": "#0"},
				"up": {"uv": [11.75, 7.75, 11.25, 6.25], "texture": "#0"},
				"down": {"uv": [12.25, 6.25, 11.75, 7.75], "texture": "#0"}
			}
		},
		{
			"from": [1, 15, 1],
			"to": [15, 17, 15],
			"rotation": {"angle": -45, "axis": "y", "origin": [8, 16.5, 8]},
			"faces": {
				"north": {"uv": [1.75, 4, 3.5, 4.25], "texture": "#0"},
				"east": {"uv": [0, 4, 1.75, 4.25], "texture": "#0"},
				"south": {"uv": [5.25, 4, 7, 4.25], "texture": "#0"},
				"west": {"uv": [3.5, 4, 5.25, 4.25], "texture": "#0"},
				"up": {"uv": [3.5, 4, 1.75, 2.25], "texture": "#0"},
				"down": {"uv": [5.25, 2.25, 3.5, 4], "texture": "#0"}
			}
		},
		{
			"from": [5, 20, 0],
			"to": [11, 21, 14],
			"rotation": {"angle": 0, "axis": "y", "origin": [8, 17.5, 19]},
			"faces": {
				"north": {"uv": [9.75, 10, 10.5, 10.125], "texture": "#0"},
				"east": {"uv": [8, 10, 9.75, 10.125], "texture": "#0"},
				"south": {"uv": [12.25, 10, 13, 10.125], "texture": "#0"},
				"west": {"uv": [10.5, 10, 12.25, 10.125], "texture": "#0"},
				"up": {"uv": [10.5, 10, 9.75, 8.25], "texture": "#0"},
				"down": {"uv": [11.25, 8.25, 10.5, 10], "texture": "#0"}
			}
		},
		{
			"from": [0, 20, 5],
			"to": [16, 21, 11],
			"rotation": {"angle": 0, "axis": "y", "origin": [0, -12, 0]},
			"faces": {
				"north": {"uv": [8.75, 6.125, 10.75, 6.25], "texture": "#0"},
				"east": {"uv": [8, 6.125, 8.75, 6.25], "texture": "#0"},
				"south": {"uv": [11.5, 6.125, 13.5, 6.25], "texture": "#0"},
				"west": {"uv": [10.75, 6.125, 11.5, 6.25], "texture": "#0"},
				"up": {"uv": [10.75, 6.125, 8.75, 5.375], "texture": "#0"},
				"down": {"uv": [12.75, 5.375, 10.75, 6.125], "texture": "#0"}
			}
		},
		{
			"from": [1.5, 22, 5.5],
			"to": [14.5, 23, 10.5],
			"rotation": {"angle": 0, "axis": "y", "origin": [8, 23.5, 9.5]},
			"faces": {
				"north": {"uv": [7.75, 10.75, 9.375, 10.875], "texture": "#0"},
				"east": {"uv": [7.125, 10.75, 7.75, 10.875], "texture": "#0"},
				"south": {"uv": [10, 10.75, 11.625, 10.875], "texture": "#0"},
				"west": {"uv": [9.375, 10.75, 10, 10.875], "texture": "#0"},
				"up": {"uv": [9.375, 10.75, 7.75, 10.125], "texture": "#0"},
				"down": {"uv": [11, 10.125, 9.375, 10.75], "texture": "#0"}
			}
		},
		{
			"from": [2.5, 21, 6.5],
			"to": [13.5, 22, 9.5],
			"rotation": {"angle": 0, "axis": "y", "origin": [8, 22.5, 9.5]},
			"faces": {
				"north": {"uv": [5.625, 2.625, 7, 2.75], "texture": "#0"},
				"east": {"uv": [5.25, 2.625, 5.625, 2.75], "texture": "#0"},
				"south": {"uv": [7.375, 2.625, 8.75, 2.75], "texture": "#0"},
				"west": {"uv": [7, 2.625, 7.375, 2.75], "texture": "#0"},
				"up": {"uv": [7, 2.625, 5.625, 2.25], "texture": "#0"},
				"down": {"uv": [8.375, 2.25, 7, 2.625], "texture": "#0"}
			}
		},
		{
			"from": [7, 21, 2],
			"to": [9, 23, 12],
			"rotation": {"angle": 0, "axis": "y", "origin": [8, 23.5, 8]},
			"faces": {
				"north": {"uv": [9.875, 12.75, 10.125, 13], "texture": "#0"},
				"east": {"uv": [8.625, 12.75, 9.875, 13], "texture": "#0"},
				"south": {"uv": [11.375, 12.75, 11.625, 13], "texture": "#0"},
				"west": {"uv": [10.125, 12.75, 11.375, 13], "texture": "#0"},
				"up": {"uv": [10.125, 12.75, 9.875, 11.5], "texture": "#0"},
				"down": {"uv": [10.375, 11.5, 10.125, 12.75], "texture": "#0"}
			}
		},
		{
			"from": [6, 23, 1],
			"to": [10, 24, 13],
			"rotation": {"angle": 0, "axis": "y", "origin": [8, 17.5, 19]},
			"faces": {
				"north": {"uv": [11.5, 3.75, 12, 3.875], "texture": "#0"},
				"east": {"uv": [10, 3.75, 11.5, 3.875], "texture": "#0"},
				"south": {"uv": [13.5, 3.75, 14, 3.875], "texture": "#0"},
				"west": {"uv": [12, 3.75, 13.5, 3.875], "texture": "#0"},
				"up": {"uv": [12, 3.75, 11.5, 2.25], "texture": "#0"},
				"down": {"uv": [12.5, 2.25, 12, 3.75], "texture": "#0"}
			}
		},
		{
			"from": [3, 24, 6],
			"to": [13, 25, 10],
			"rotation": {"angle": 0, "axis": "y", "origin": [8, 25.5, 8]},
			"faces": {
				"north": {"uv": [3.5, 12.5, 4.75, 12.625], "texture": "#0"},
				"east": {"uv": [3, 12.5, 3.5, 12.625], "texture": "#0"},
				"south": {"uv": [5.25, 12.5, 6.5, 12.625], "texture": "#0"},
				"west": {"uv": [4.75, 12.5, 5.25, 12.625], "texture": "#0"},
				"up": {"uv": [4.75, 12.5, 3.5, 12], "texture": "#0"},
				"down": {"uv": [6, 12, 4.75, 12.5], "texture": "#0"}
			}
		},
		{
			"from": [5, 21, 5],
			"to": [11, 27, 11],
			"rotation": {"angle": 0, "axis": "y", "origin": [8, 17.5, 19]},
			"faces": {
				"north": {"uv": [0.75, 12.5, 1.5, 13.25], "texture": "#0"},
				"east": {"uv": [0, 12.5, 0.75, 13.25], "texture": "#0"},
				"south": {"uv": [2.25, 12.5, 3, 13.25], "texture": "#0"},
				"west": {"uv": [1.5, 12.5, 2.25, 13.25], "texture": "#0"},
				"up": {"uv": [1.5, 12.5, 0.75, 11.75], "texture": "#0"},
				"down": {"uv": [2.25, 11.75, 1.5, 12.5], "texture": "#0"}
			}
		},
		{
			"from": [4, 27, 4],
			"to": [12, 28, 12],
			"rotation": {"angle": 0, "axis": "y", "origin": [8, 17.5, 19]},
			"faces": {
				"north": {"uv": [4.5, 11.875, 5.5, 12], "texture": "#0"},
				"east": {"uv": [3.5, 11.875, 4.5, 12], "texture": "#0"},
				"south": {"uv": [6.5, 11.875, 7.5, 12], "texture": "#0"},
				"west": {"uv": [5.5, 11.875, 6.5, 12], "texture": "#0"},
				"up": {"uv": [5.5, 11.875, 4.5, 10.875], "texture": "#0"},
				"down": {"uv": [6.5, 10.875, 5.5, 11.875], "texture": "#0"}
			}
		},
		{
			"from": [5, 28, 5],
			"to": [11, 30, 11],
			"rotation": {"angle": 0, "axis": "y", "origin": [8, 17.5, 19]},
			"faces": {
				"north": {"uv": [3.5, 8.75, 4.25, 9], "texture": "#0"},
				"east": {"uv": [2.75, 8.75, 3.5, 9], "texture": "#0"},
				"south": {"uv": [5, 8.75, 5.75, 9], "texture": "#0"},
				"west": {"uv": [4.25, 8.75, 5, 9], "texture": "#0"},
				"up": {"uv": [4.25, 8.75, 3.5, 8], "texture": "#0"},
				"down": {"uv": [5, 8, 4.25, 8.75], "texture": "#0"}
			}
		},
		{
			"from": [7, 30, 7],
			"to": [9, 32, 9],
			"rotation": {"angle": 0, "axis": "y", "origin": [8, 17.5, 19]},
			"faces": {
				"north": {"uv": [4.75, 5.5, 5, 5.75], "texture": "#0"},
				"east": {"uv": [4.5, 5.5, 4.75, 5.75], "texture": "#0"},
				"south": {"uv": [5.25, 5.5, 5.5, 5.75], "texture": "#0"},
				"west": {"uv": [5, 5.5, 5.25, 5.75], "texture": "#0"},
				"up": {"uv": [5, 5.5, 4.75, 5.25], "texture": "#0"},
				"down": {"uv": [5.25, 5.25, 5, 5.5], "texture": "#0"}
			}
		},
		{
			"from": [7, 12, 13],
			"to": [9, 25, 21],
			"rotation": {"angle": 0, "axis": "y", "origin": [8, 17.5, 19]},
			"faces": {
				"north": {"uv": [11.625, 11.125, 11.875, 12.75], "texture": "#0"},
				"east": {"uv": [10.625, 11.125, 11.625, 12.75], "texture": "#0"},
				"south": {"uv": [12.875, 11.125, 13.125, 12.75], "texture": "#0"},
				"west": {"uv": [11.875, 11.125, 12.875, 12.75], "texture": "#0"},
				"up": {"uv": [11.875, 11.125, 11.625, 10.125], "texture": "#0"},
				"down": {"uv": [12.125, 10.125, 11.875, 11.125], "texture": "#0"}
			}
		},
		{
			"from": [6, 25, 12],
			"to": [10, 26, 22],
			"rotation": {"angle": 0, "axis": "y", "origin": [8, 17.5, 19]},
			"faces": {
				"north": {"uv": [12.5, 9.375, 13, 9.5], "texture": "#0"},
				"east": {"uv": [11.25, 9.375, 12.5, 9.5], "texture": "#0"},
				"south": {"uv": [14.25, 9.375, 14.75, 9.5], "texture": "#0"},
				"west": {"uv": [13, 9.375, 14.25, 9.5], "texture": "#0"},
				"up": {"uv": [13, 9.375, 12.5, 8.125], "texture": "#0"},
				"down": {"uv": [13.5, 8.125, 13, 9.375], "texture": "#0"}
			}
		},
		{
			"from": [7, 26, 18],
			"to": [9, 28, 20],
			"rotation": {"angle": 0, "axis": "y", "origin": [8, 17.5, 19]},
			"faces": {
				"north": {"uv": [4.75, 5, 5, 5.25], "texture": "#0"},
				"east": {"uv": [4.5, 5, 4.75, 5.25], "texture": "#0"},
				"south": {"uv": [5.25, 5, 5.5, 5.25], "texture": "#0"},
				"west": {"uv": [5, 5, 5.25, 5.25], "texture": "#0"},
				"up": {"uv": [5, 5, 4.75, 4.75], "texture": "#0"},
				"down": {"uv": [5.25, 4.75, 5, 5], "texture": "#0"}
			}
		},
		{
			"from": [6, 28, 17],
			"to": [10, 29, 21],
			"rotation": {"angle": 0, "axis": "y", "origin": [8, 17.5, 19]},
			"faces": {
				"north": {"uv": [0.5, 9, 1, 9.125], "texture": "#0"},
				"east": {"uv": [0, 9, 0.5, 9.125], "texture": "#0"},
				"south": {"uv": [1.5, 9, 2, 9.125], "texture": "#0"},
				"west": {"uv": [1, 9, 1.5, 9.125], "texture": "#0"},
				"up": {"uv": [1, 9, 0.5, 8.5], "texture": "#0"},
				"down": {"uv": [1.5, 8.5, 1, 9], "texture": "#0"}
			}
		},
		{
			"from": [7, 29, 18],
			"to": [9, 31, 20],
			"rotation": {"angle": 0, "axis": "y", "origin": [8, 17.5, 19]},
			"faces": {
				"north": {"uv": [4.75, 4.5, 5, 4.75], "texture": "#0"},
				"east": {"uv": [4.5, 4.5, 4.75, 4.75], "texture": "#0"},
				"south": {"uv": [5.25, 4.5, 5.5, 4.75], "texture": "#0"},
				"west": {"uv": [5, 4.5, 5.25, 4.75], "texture": "#0"},
				"up": {"uv": [5, 4.5, 4.75, 4.25], "texture": "#0"},
				"down": {"uv": [5.25, 4.25, 5, 4.5], "texture": "#0"}
			}
		},
		{
			"from": [7, 9, 14],
			"to": [9, 12, 19],
			"rotation": {"angle": 0, "axis": "y", "origin": [8, 17.5, 19]},
			"faces": {
				"north": {"uv": [5.875, 3.375, 6.125, 3.75], "texture": "#0"},
				"east": {"uv": [5.25, 3.375, 5.875, 3.75], "texture": "#0"},
				"south": {"uv": [6.75, 3.375, 7, 3.75], "texture": "#0"},
				"west": {"uv": [6.125, 3.375, 6.75, 3.75], "texture": "#0"},
				"up": {"uv": [6.125, 3.375, 5.875, 2.75], "texture": "#0"},
				"down": {"uv": [6.375, 2.75, 6.125, 3.375], "texture": "#0"}
			}
		},
		{
			"from": [2.61732, -0.92388, 0],
			"to": [13.61732, 2.07612, 2],
			"rotation": {"angle": -22.5, "axis": "z", "origin": [9.11732, 0.07612, 1]},
			"faces": {
				"north": {"uv": [8.25, 6.5, 9.625, 6.875], "texture": "#0"},
				"east": {"uv": [8, 6.5, 8.25, 6.875], "texture": "#0"},
				"south": {"uv": [9.875, 6.5, 11.25, 6.875], "texture": "#0"},
				"west": {"uv": [9.625, 6.5, 9.875, 6.875], "texture": "#0"},
				"up": {"uv": [9.625, 6.5, 8.25, 6.25], "texture": "#0"},
				"down": {"uv": [11, 6.25, 9.625, 6.5], "texture": "#0"}
			}
		},
		{
			"from": [6.62778, 9.78918, -1],
			"to": [11.62778, 12.78918, 1],
			"rotation": {"angle": -22.5, "axis": "z", "origin": [5.12778, 3.78918, 1]},
			"faces": {
				"north": {"uv": [0.25, 10.375, 0.875, 10.75], "texture": "#0", "cullface": "north"},
				"east": {"uv": [0, 10.375, 0.25, 10.75], "texture": "#0"},
				"south": {"uv": [1.125, 10.375, 1.75, 10.75], "texture": "#0"},
				"west": {"uv": [0.875, 10.375, 1.125, 10.75], "texture": "#0"},
				"up": {"uv": [0.875, 10.375, 0.25, 10.125], "texture": "#0"},
				"down": {"uv": [1.5, 10.125, 0.875, 10.375], "texture": "#0"}
			}
		},
		{
			"from": [3.36595, 2.90087, 15],
			"to": [17.36595, 5.90087, 17],
			"rotation": {"angle": 22.5, "axis": "z", "origin": [5.86595, -1.09913, 1]},
			"faces": {
				"north": {"uv": [11.75, 4.75, 13.5, 5.125], "texture": "#0"},
				"east": {"uv": [11.5, 4.75, 11.75, 5.125], "texture": "#0"},
				"south": {"uv": [13.75, 4.75, 15.5, 5.125], "texture": "#0", "cullface": "east"},
				"west": {"uv": [13.5, 4.75, 13.75, 5.125], "texture": "#0"},
				"up": {"uv": [13.5, 4.75, 11.75, 4.5], "texture": "#0"},
				"down": {"uv": [15.25, 4.5, 13.5, 4.75], "texture": "#0"}
			}
		},
		{
			"from": [-1.23671, -6.96442, 14],
			"to": [12.76329, -3.96442, 16],
			"rotation": {"angle": 22.5, "axis": "z", "origin": [1.26329, -3.96442, 1]},
			"faces": {
				"north": {"uv": [11.75, 4.125, 13.5, 4.5], "texture": "#0"},
				"east": {"uv": [11.5, 4.125, 11.75, 4.5], "texture": "#0"},
				"south": {"uv": [13.75, 4.125, 15.5, 4.5], "texture": "#0"},
				"west": {"uv": [13.5, 4.125, 13.75, 4.5], "texture": "#0"},
				"up": {"uv": [13.5, 4.125, 11.75, 3.875], "texture": "#0"},
				"down": {"uv": [15.25, 3.875, 13.5, 4.125], "texture": "#0"}
			}
		},
		{
			"from": [-6.07154, -5.86047, 14],
			"to": [-1.07154, -2.86047, 16],
			"rotation": {"angle": 45, "axis": "z", "origin": [1.42846, -3.86047, 1]},
			"faces": {
				"north": {"uv": [0.25, 9.75, 0.875, 10.125], "texture": "#0"},
				"east": {"uv": [0, 9.75, 0.25, 10.125], "texture": "#0"},
				"south": {"uv": [1.125, 9.75, 1.75, 10.125], "texture": "#0"},
				"west": {"uv": [0.875, 9.75, 1.125, 10.125], "texture": "#0"},
				"up": {"uv": [0.875, 9.75, 0.25, 9.5], "texture": "#0"},
				"down": {"uv": [1.5, 9.5, 0.875, 9.75], "texture": "#0"}
			}
		},
		{
			"from": [0.87747, 1.41132, 1],
			"to": [3.87747, 4.41132, 16],
			"rotation": {"angle": 0, "axis": "y", "origin": [-5.12253, 5.41132, 1.5]},
			"faces": {
				"north": {"uv": [1.875, 11.375, 2.25, 11.75], "texture": "#0"},
				"east": {"uv": [0, 11.375, 1.875, 11.75], "texture": "#0"},
				"south": {"uv": [4.125, 11.375, 4.5, 11.75], "texture": "#0"},
				"west": {"uv": [2.25, 11.375, 4.125, 11.75], "texture": "#0", "cullface": "west"},
				"up": {"uv": [2.25, 11.375, 1.875, 9.5], "texture": "#0"},
				"down": {"uv": [2.625, 9.5, 2.25, 11.375], "texture": "#0"}
			}
		},
		{
			"from": [11.8879, -2.56356, 1],
			"to": [14.8879, 0.43644, 15],
			"rotation": {"angle": 0, "axis": "y", "origin": [-4.1121, 5.43644, 1.5]},
			"faces": {
				"north": {"uv": [11.5, 1.875, 11.875, 2.25], "texture": "#0", "cullface": "north"},
				"east": {"uv": [9.75, 1.875, 11.5, 2.25], "texture": "#0"},
				"south": {"uv": [13.625, 1.875, 14, 2.25], "texture": "#0"},
				"west": {"uv": [11.875, 1.875, 13.625, 2.25], "texture": "#0"},
				"up": {"uv": [11.875, 1.875, 11.5, 0.125], "texture": "#0"},
				"down": {"uv": [12.25, 0.125, 11.875, 1.875], "texture": "#0"}
			}
		},
		{
			"from": [12.81178, 6.76889, 0],
			"to": [15.81178, 9.76889, 16],
			"rotation": {"angle": 0, "axis": "y", "origin": [-5.18822, 4.76889, 1.5]},
			"faces": {
				"north": {"uv": [2, 9.125, 2.375, 9.5], "texture": "#0", "cullface": "up"},
				"east": {"uv": [0, 9.125, 2, 9.5], "texture": "#0"},
				"south": {"uv": [4.375, 9.125, 4.75, 9.5], "texture": "#0"},
				"west": {"uv": [2.375, 9.125, 4.375, 9.5], "texture": "#0"},
				"up": {"uv": [2.375, 9.125, 2, 7.125], "texture": "#0"},
				"down": {"uv": [2.75, 7.125, 2.375, 9.125], "texture": "#0"}
			}
		},
		{
			"from": [3.81178, 8.76889, -5],
			"to": [9.81178, 14.76889, 2],
			"rotation": {"angle": 0, "axis": "y", "origin": [-5.18822, 4.76889, 1.5]},
			"faces": {
				"north": {"uv": [7.5, 12, 8.25, 12.75], "texture": "#0"},
				"east": {"uv": [6.625, 12, 7.5, 12.75], "texture": "#0"},
				"south": {"uv": [9.125, 12, 9.875, 12.75], "texture": "#0"},
				"west": {"uv": [8.25, 12, 9.125, 12.75], "texture": "#0"},
				"up": {"uv": [8.25, 12, 7.5, 11.125], "texture": "#0"},
				"down": {"uv": [9, 11.125, 8.25, 12], "texture": "#0"}
			}
		},
		{
			"from": [-0.18822, 11.76889, -2],
			"to": [5.81178, 15.76889, -2],
			"rotation": {"angle": -22.5, "axis": "z", "origin": [1.31178, 14.26889, -0.5]},
			"faces": {
				"north": {"uv": [8.75, 2.25, 9.5, 2.75], "texture": "#0"},
				"east": {"uv": [8.75, 2.25, 8.75, 2.75], "texture": "#0"},
				"south": {"uv": [9.5, 2.25, 10.25, 2.75], "texture": "#0"},
				"west": {"uv": [9.5, 2.25, 9.5, 2.75], "texture": "#0"},
				"up": {"uv": [9.5, 2.25, 8.75, 2.25], "texture": "#0"},
				"down": {"uv": [10.25, 2.25, 9.5, 2.25], "texture": "#0"}
			}
		},
		{
			"from": [8.18822, 12.76889, -2],
			"to": [14.18822, 16.76889, -2],
			"rotation": {"angle": 22.5, "axis": "z", "origin": [14.68822, 14.26889, -0.5]},
			"faces": {
				"north": {"uv": [2.75, 7.125, 3.5, 7.625], "texture": "#0"},
				"east": {"uv": [2.75, 7.125, 2.75, 7.625], "texture": "#0"},
				"south": {"uv": [3.5, 7.125, 4.25, 7.625], "texture": "#0"},
				"west": {"uv": [3.5, 7.125, 3.5, 7.625], "texture": "#0"},
				"up": {"uv": [3.5, 7.125, 2.75, 7.125], "texture": "#0"},
				"down": {"uv": [4.25, 7.125, 3.5, 7.125], "texture": "#0"}
			}
		},
		{
			"from": [4.81178, 9.76889, -8],
			"to": [8.81178, 11.76889, -4],
			"rotation": {"angle": 0, "axis": "y", "origin": [5.81178, 11.76889, -2.5]},
			"faces": {
				"north": {"uv": [0.5, 7.625, 1, 7.875], "texture": "#0"},
				"east": {"uv": [0, 7.625, 0.5, 7.875], "texture": "#0"},
				"south": {"uv": [1.5, 7.625, 2, 7.875], "texture": "#0"},
				"west": {"uv": [1, 7.625, 1.5, 7.875], "texture": "#0"},
				"up": {"uv": [1, 7.625, 0.5, 7.125], "texture": "#0"},
				"down": {"uv": [1.5, 7.125, 1, 7.625], "texture": "#0"}
			}
		},
		{
			"from": [4.81178, 9.76889, -9],
			"to": [8.81178, 12.76889, -8],
			"rotation": {"angle": 0, "axis": "y", "origin": [5.81178, 11.76889, -2.5]},
			"faces": {
				"north": {"uv": [8.625, 8.875, 9.125, 9.25], "texture": "#0"},
				"east": {"uv": [8.5, 8.875, 8.625, 9.25], "texture": "#0"},
				"south": {"uv": [9.25, 8.875, 9.75, 9.25], "texture": "#0"},
				"west": {"uv": [9.125, 8.875, 9.25, 9.25], "texture": "#0"},
				"up": {"uv": [9.125, 8.875, 8.625, 8.75], "texture": "#0"},
				"down": {"uv": [9.625, 8.75, 9.125, 8.875], "texture": "#0"}
			}
		},
		{
			"from": [4.81178, 9.76889, -9],
			"to": [8.81178, 10.76889, -5],
			"rotation": {"angle": -22.5, "axis": "x", "origin": [5.81178, 10.26889, -2.5]},
			"faces": {
				"north": {"uv": [0.5, 8.375, 1, 8.5], "texture": "#0"},
				"east": {"uv": [0, 8.375, 0.5, 8.5], "texture": "#0"},
				"south": {"uv": [1.5, 8.375, 2, 8.5], "texture": "#0"},
				"west": {"uv": [1, 8.375, 1.5, 8.5], "texture": "#0"},
				"up": {"uv": [1, 8.375, 0.5, 7.875], "texture": "#0"},
				"down": {"uv": [1.5, 7.875, 1, 8.375], "texture": "#0"}
			}
		}
	],
	"display": {
		"thirdperson_righthand": {
			"translation": [0, 3.25, 0],
			"scale": [0.2, 0.2, 0.2]
		},
		"thirdperson_lefthand": {
			"translation": [0, 3.25, 0],
			"scale": [0.2, 0.2, 0.2]
		},
		"firstperson_righthand": {
			"translation": [3, 0, 0],
			"scale": [0.39, 0.39, 0.39]
		},
		"firstperson_lefthand": {
			"translation": [3, 0, 0],
			"scale": [0.39, 0.39, 0.39]
		},
		"ground": {
			"translation": [0, 1.25, 0],
			"scale": [0.3, 0.3, 0.3]
		},
		"gui": {
			"rotation": [28, -149, 0],
			"translation": [0, -0.25, 0],
			"scale": [0.3, 0.3, 0.3]
		},
		"head": {
			"translation": [0, 25.75, 0]
		},
		"fixed": {
			"rotation": [-90, 0, 0],
			"translation": [0, 0, -19.75]
		}
	},
	"groups": [
		{
			"name": "group",
			"origin": [8, 8, 8],
			"color": 0,
			"children": [
				{
					"name": "tower",
					"origin": [1.5, 7, 8.5],
					"color": 0,
					"children": [
						0,
						1,
						2,
						3,
						4,
						5,
						6,
						7,
						{
							"name": "side towers",
							"origin": [1.5, -5, 8.5],
							"color": 0,
							"children": [
								{
									"name": "right tower",
									"origin": [14.5, -5, 8.5],
									"color": 0,
									"children": [8, 9, 10, 11, 12, 13]
								},
								{
									"name": "left tower",
									"origin": [1.5, -5, 8.5],
									"color": 0,
									"children": [14, 15, 16, 17, 18, 19]
								}
							]
						},
						{
							"name": "top",
							"origin": [8, 17.5, 19],
							"color": 0,
							"children": [20, 21, 22, 23, 24, 25, 26, 27, 28, 29, 30, 31, 32, 33, 34, 35, 36, 37, 38, 39]
						}
					]
				},
				{
					"name": "dragon",
					"origin": [5.81178, 10.26889, -2.5],
					"color": 0,
					"children": [40, 41, 42, 43, 44, 45, 46, 47, 48, 49, 50, 51, 52, 53]
				}
			]
		}
	]
}