{
	"credit": "Made with Blockbench",
	"texture_size": [96, 64],
	"textures": {
		"0": "item/hats/axe_head",
		"particle": "item/hats/axe_head"
	},
	"elements": [
		{
			"name": "handle",
			"from": [7, 9, 2],
			"to": [9, 11, 32],
			"faces": {
				"north": {"uv": [5, 14, 5.33333, 14.5], "texture": "#0"},
				"east": {"uv": [0, 14, 5, 14.5], "texture": "#0"},
				"south": {"uv": [10.33333, 14, 10.66667, 14.5], "texture": "#0"},
				"west": {"uv": [5.33333, 14, 10.33333, 14.5], "texture": "#0"},
				"up": {"uv": [5.33333, 14, 5, 6.5], "texture": "#0"},
				"down": {"uv": [5.66667, 6.5, 5.33333, 14], "texture": "#0"}
			}
		},
		{
			"name": "head1",
			"from": [7, -1, 2],
			"to": [9, 4, 12],
			"faces": {
				"north": {"uv": [1.66667, 11, 2, 12.25], "texture": "#0"},
				"east": {"uv": [0, 11, 1.66667, 12.25], "texture": "#0"},
				"south": {"uv": [3.66667, 11, 4, 12.25], "texture": "#0"},
				"west": {"uv": [2, 11, 3.66667, 12.25], "texture": "#0"},
				"up": {"uv": [2, 11, 1.66667, 8.5], "texture": "#0"},
				"down": {"uv": [2.33333, 8.5, 2, 11], "texture": "#0"}
			}
		},
		{
			"name": "head2",
			"from": [7, 4, 3],
			"to": [9, 7, 11],
			"faces": {
				"north": {"uv": [1.33333, 7, 1.66667, 7.75], "texture": "#0"},
				"east": {"uv": [0, 7, 1.33333, 7.75], "texture": "#0"},
				"south": {"uv": [3, 7, 3.33333, 7.75], "texture": "#0"},
				"west": {"uv": [1.66667, 7, 3, 7.75], "texture": "#0"},
				"up": {"uv": [1.66667, 7, 1.33333, 5], "texture": "#0"},
				"down": {"uv": [2, 5, 1.66667, 7], "texture": "#0"}
			}
		},
		{
			"name": "head3",
			"from": [7, 7, 4],
			"to": [9, 8, 10],
			"faces": {
				"north": {"uv": [1, 3.75, 1.33333, 4], "texture": "#0"},
				"east": {"uv": [0, 3.75, 1, 4], "texture": "#0"},
				"south": {"uv": [2.33333, 3.75, 2.66667, 4], "texture": "#0"},
				"west": {"uv": [1.33333, 3.75, 2.33333, 4], "texture": "#0"},
				"up": {"uv": [1.33333, 3.75, 1, 2.25], "texture": "#0"},
				"down": {"uv": [1.66667, 2.25, 1.33333, 3.75], "texture": "#0"}
			}
		},
		{
			"name": "head4",
			"from": [6, 8, 3],
			"to": [10, 12, 11],
			"faces": {
				"north": {"uv": [5.16667, 4, 5.83333, 5], "texture": "#0"},
				"east": {"uv": [3.83333, 4, 5.16667, 5], "texture": "#0"},
				"south": {"uv": [7.16667, 4, 7.83333, 5], "texture": "#0"},
				"west": {"uv": [5.83333, 4, 7.16667, 5], "texture": "#0"},
				"up": {"uv": [5.83333, 4, 5.16667, 2], "texture": "#0"},
				"down": {"uv": [6.5, 2, 5.83333, 4], "texture": "#0"}
			}
		}
	],
	"display": {
		"thirdperson_righthand": {
			"rotation": [89.25, 0, 0],
			"translation": [0, 5.5, 0],
			"scale": [0.6, 0.6, 0.6]
		},
		"thirdperson_lefthand": {
			"rotation": [89.25, 0, 0],
			"translation": [0, 5.5, 0],
			"scale": [0.6, 0.6, 0.6]
		},
		"firstperson_righthand": {
			"rotation": [70.5, 0, 0],
			"translation": [0, 5.5, 0]
		},
		"firstperson_lefthand": {
			"rotation": [70.5, 0, 0],
			"translation": [0, 5.5, 0]
		},
		"ground": {
			"translation": [0, 6, -11.75]
		},
		"gui": {
			"rotation": [90.53, -48, -90],
			"translation": [3, 1.5, 0],
			"scale": [0.47, 0.47, 0.47]
		},
		"head": {
			"rotation": [-22.5, 0, 0],
			"translation": [0, 11.5, -1.25]
		},
		"fixed": {
			"rotation": [101.79, 53.47, 82.85],
			"translation": [-3.25, 2, 0],
			"scale": [0.59, 0.59, 0.59]
		}
	},
	"groups": [
		{
			"name": "group",
			"origin": [0, 0, 0],
			"color": 0,
			"children": [
				0,
				{
					"name": "group",
					"origin": [0, 0, 0],
					"color": 0,
					"children": [1, 2, 3, 4]
				}
			]
		}
	]
}