{
	"credit": "Made with Blockbench",
	"texture_size": [96, 48],
	"textures": {
		"0": "item/hats/balloons",
		"particle": "item/hats/balloons"
	},
	"elements": [
		{
			"from": [8, 18, 1],
			"to": [16, 26, 9],
			"faces": {
				"north": {"uv": [2.33333, 2.66667, 3.66667, 5.33333], "texture": "#0"},
				"east": {"uv": [1, 2.66667, 2.33333, 5.33333], "texture": "#0"},
				"south": {"uv": [5, 2.66667, 6.33333, 5.33333], "texture": "#0"},
				"west": {"uv": [3.66667, 2.66667, 5, 5.33333], "texture": "#0"},
				"up": {"uv": [3.66667, 2.66667, 2.33333, 0], "texture": "#0"},
				"down": {"uv": [5, 0, 3.66667, 2.66667], "texture": "#0"}
			}
		},
		{
			"from": [11, 17, 4],
			"to": [13, 18, 6],
			"faces": {
				"north": {"uv": [0.33333, 0.66667, 0.66667, 1], "texture": "#0"},
				"east": {"uv": [0, 0.66667, 0.33333, 1], "texture": "#0"},
				"south": {"uv": [1, 0.66667, 1.33333, 1], "texture": "#0"},
				"west": {"uv": [0.66667, 0.66667, 1, 1], "texture": "#0"},
				"up": {"uv": [0.66667, 0.66667, 0.33333, 0], "texture": "#0"},
				"down": {"uv": [1, 0, 0.66667, 0.66667], "texture": "#0"}
			}
		},
		{
			"from": [10, 16, 3],
			"to": [14, 17, 7],
			"faces": {
				"north": {"uv": [6.16667, 1.33333, 6.83333, 1.66667], "texture": "#0"},
				"east": {"uv": [5.5, 1.33333, 6.16667, 1.66667], "texture": "#0"},
				"south": {"uv": [7.5, 1.33333, 8.16667, 1.66667], "texture": "#0"},
				"west": {"uv": [6.83333, 1.33333, 7.5, 1.66667], "texture": "#0"},
				"up": {"uv": [6.83333, 1.33333, 6.16667, 0], "texture": "#0"},
				"down": {"uv": [7.5, 0, 6.83333, 1.33333], "texture": "#0"}
			}
		},
		{
			"from": [-1, 15, 2],
			"to": [7, 23, 10],
			"faces": {
				"north": {"uv": [9.5, 2.66667, 10.83333, 5.33333], "texture": "#0"},
				"east": {"uv": [8.16667, 2.66667, 9.5, 5.33333], "texture": "#0"},
				"south": {"uv": [12.16667, 2.66667, 13.5, 5.33333], "texture": "#0"},
				"west": {"uv": [10.83333, 2.66667, 12.16667, 5.33333], "texture": "#0"},
				"up": {"uv": [10.83333, 2.66667, 9.5, 0], "texture": "#0"},
				"down": {"uv": [12.16667, 0, 10.83333, 2.66667], "texture": "#0"}
			}
		},
		{
			"from": [2, 14, 5],
			"to": [4, 15, 7],
			"faces": {
				"north": {"uv": [0.33333, 0.66667, 0.66667, 1], "texture": "#0"},
				"east": {"uv": [0, 0.66667, 0.33333, 1], "texture": "#0"},
				"south": {"uv": [1, 0.66667, 1.33333, 1], "texture": "#0"},
				"west": {"uv": [0.66667, 0.66667, 1, 1], "texture": "#0"},
				"up": {"uv": [0.66667, 0.66667, 0.33333, 0], "texture": "#0"},
				"down": {"uv": [1, 0, 0.66667, 0.66667], "texture": "#0"}
			}
		},
		{
			"from": [1, 13, 4],
			"to": [5, 14, 8],
			"faces": {
				"north": {"uv": [13.83333, 1.33333, 14.5, 1.66667], "texture": "#0"},
				"east": {"uv": [13.16667, 1.33333, 13.83333, 1.66667], "texture": "#0"},
				"south": {"uv": [15.16667, 1.33333, 15.83333, 1.66667], "texture": "#0"},
				"west": {"uv": [14.5, 1.33333, 15.16667, 1.66667], "texture": "#0"},
				"up": {"uv": [14.5, 1.33333, 13.83333, 0], "texture": "#0"},
				"down": {"uv": [15.16667, 0, 14.5, 1.33333], "texture": "#0"}
			}
		},
		{
			"from": [4, 13, 11],
			"to": [12, 21, 19],
			"faces": {
				"north": {"uv": [2.5, 9.33333, 3.83333, 12], "texture": "#0"},
				"east": {"uv": [1.16667, 9.33333, 2.5, 12], "texture": "#0"},
				"south": {"uv": [5.16667, 9.33333, 6.5, 12], "texture": "#0"},
				"west": {"uv": [3.83333, 9.33333, 5.16667, 12], "texture": "#0"},
				"up": {"uv": [3.83333, 9.33333, 2.5, 6.66667], "texture": "#0"},
				"down": {"uv": [5.16667, 6.66667, 3.83333, 9.33333], "texture": "#0"}
			}
		},
		{
			"from": [7, 12, 14],
			"to": [9, 13, 16],
			"faces": {
				"north": {"uv": [0.33333, 0.66667, 0.66667, 1], "texture": "#0"},
				"east": {"uv": [0, 0.66667, 0.33333, 1], "texture": "#0"},
				"south": {"uv": [1, 0.66667, 1.33333, 1], "texture": "#0"},
				"west": {"uv": [0.66667, 0.66667, 1, 1], "texture": "#0"},
				"up": {"uv": [0.66667, 0.66667, 0.33333, 0], "texture": "#0"},
				"down": {"uv": [1, 0, 0.66667, 0.66667], "texture": "#0"}
			}
		},
		{
			"from": [6, 11, 13],
			"to": [10, 12, 17],
			"faces": {
				"north": {"uv": [6.83333, 8.33333, 7.5, 8.66667], "texture": "#0"},
				"east": {"uv": [6.16667, 8.33333, 6.83333, 8.66667], "texture": "#0"},
				"south": {"uv": [8.16667, 8.33333, 8.83333, 8.66667], "texture": "#0"},
				"west": {"uv": [7.5, 8.33333, 8.16667, 8.66667], "texture": "#0"},
				"up": {"uv": [7.5, 8.33333, 6.83333, 7], "texture": "#0"},
				"down": {"uv": [8.16667, 7, 7.5, 8.33333], "texture": "#0"}
			}
		},
		{
			"from": [9, 0, 17],
			"to": [25, 16, 17],
			"rotation": {"angle": 45, "axis": "y", "origin": [0, 0, 16]},
			"faces": {
				"north": {"uv": [10.66667, 6.66667, 13.33333, 12], "texture": "#0"},
				"east": {"uv": [10.66667, 6.66667, 10.66667, 12], "texture": "#0"},
				"south": {"uv": [13.33333, 6.66667, 16, 12], "texture": "#0"},
				"west": {"uv": [13.33333, 6.66667, 13.33333, 12], "texture": "#0"},
				"up": {"uv": [13.33333, 6.66667, 10.66667, 6.66667], "texture": "#0"},
				"down": {"uv": [16, 6.66667, 13.33333, 6.66667], "texture": "#0"}
			}
		},
		{
			"from": [3, 0, 13],
			"to": [19, 13, 13],
			"rotation": {"angle": -45, "axis": "y", "origin": [16, 0, 0]},
			"faces": {
				"north": {"uv": [13.33333, 7.66667, 10.66667, 12], "texture": "#0"},
				"east": {"uv": [13.33333, 7.66667, 13.33333, 12], "texture": "#0"},
				"south": {"uv": [16, 7.66667, 13.33333, 12], "texture": "#0"},
				"west": {"uv": [10.66667, 7.66667, 10.66667, 12], "texture": "#0"},
				"up": {"uv": [10.66667, 7.66667, 13.33333, 7.66667], "texture": "#0"},
				"down": {"uv": [13.33333, 7.66667, 16, 7.66667], "texture": "#0"}
			}
		},
		{
			"from": [8, 0, 8],
			"to": [8, 11, 24],
			"faces": {
				"north": {"uv": [13.33333, 8.33333, 13.33333, 12], "texture": "#0"},
				"east": {"uv": [10.66667, 8.33333, 13.33333, 12], "texture": "#0"},
				"south": {"uv": [16, 8.33333, 16, 12], "texture": "#0"},
				"west": {"uv": [13.33333, 8.33333, 16, 12], "texture": "#0"},
				"up": {"uv": [13.33333, 8.33333, 13.33333, 3], "texture": "#0"},
				"down": {"uv": [13.33333, 3, 13.33333, 8.33333], "texture": "#0"}
			}
		}
	],
	"display": {
		"thirdperson_righthand": {
			"rotation": [44, 29, 0],
			"translation": [0, 4.25, 4],
			"scale": [0.65, 0.65, 0.65]
		},
		"thirdperson_lefthand": {
			"rotation": [44, 29, 0],
			"translation": [0, 4.25, 4],
			"scale": [0.65, 0.65, 0.65]
		},
		"firstperson_righthand": {
			"scale": [0.7, 0.7, 0.7]
		},
		"firstperson_lefthand": {
			"scale": [0.7, 0.7, 0.7]
		},
		"ground": {
			"translation": [0, 5.5, 0]
		},
		"gui": {
			"rotation": [30, 34, 0],
			"translation": [0.75, -3, 0],
			"scale": [0.47, 0.47, 0.47]
		},
		"head": {
			"translation": [0, 13.75, -1.25]
		},
		"fixed": {
			"rotation": [-90, 0, 0],
			"translation": [0, -8.25, -31.5],
			"scale": [4, 4, 4]
		}
	},
	"groups": [
		{
			"name": "balloons",
			"origin": [0, 0, 0],
			"color": 0,
			"children": [
				{
					"name": "balloon1",
					"origin": [0, 0, 0],
					"color": 0,
					"children": [0, 1, 2]
				},
				{
					"name": "balloon2",
					"origin": [0, 0, 0],
					"color": 0,
					"children": [3, 4, 5]
				},
				{
					"name": "balloon3",
					"origin": [0, 0, 0],
					"color": 0,
					"children": [6, 7, 8]
				},
				{
					"name": "string",
					"origin": [0, 0, 0],
					"color": 0,
					"children": [9, 10, 11]
				}
			]
		}
	]
}