{
	"parent": "item/handheld",
	"textures": {
		"layer0": "item/big_sword"
	},
	"display": {
        "thirdperson_righthand": {
			"rotation": [ -50, 260, -20],
			"translation": [ -1.5, 8, 2.8 ],
            "scale": [ 1.5, 2.0, 1.5]
        },
        "thirdperson_lefthand": {
		  "rotation": [ -50, -260, 20],
		  "translation": [ 1.5, 8, 2.8 ],
          "scale": [ 1.5, 2.0, 1.5]
		},
		"firstperson_righthand": {
			"rotation": [ 0, -80, 30],
			"translation": [ 0, 5, 0 ],
			"scale": [ 1.5, 2.0, 1.5]
		},
		"firstperson_lefthand": {
			"rotation": [ 0, 110, -30],
			"translation": [ 0, 5, 0 ],
			"scale": [ 1.5, 2.0, 1.5]
		}
	}
}