{
	"credit": "Made with Blockbench",
	"texture_size": [128, 128],
	"textures": {
		"0": "item/hats/blocktham",
		"particle": "item/hats/blocktham"
	},
	"elements": [
		{
			"name": "globe",
			"from": [0, 6, 0],
			"to": [16, 22, 16],
			"faces": {
				"north": {"uv": [2, 2, 4, 4], "texture": "#0"},
				"east": {"uv": [0, 2, 2, 4], "texture": "#0"},
				"south": {"uv": [6, 2, 8, 4], "texture": "#0"},
				"west": {"uv": [4, 2, 6, 4], "texture": "#0"},
				"up": {"uv": [4, 2, 2, 0], "texture": "#0"},
				"down": {"uv": [6, 0, 4, 2], "texture": "#0"}
			}
		},
		{
			"from": [7.5, 16, 11],
			"to": [8.5, 19, 12],
			"faces": {
				"north": {"uv": [0.125, 0.125, 0.25, 0.5], "texture": "#0"},
				"east": {"uv": [0, 0.125, 0.125, 0.5], "texture": "#0"},
				"south": {"uv": [0.375, 0.125, 0.5, 0.5], "texture": "#0"},
				"west": {"uv": [0.25, 0.125, 0.375, 0.5], "texture": "#0"},
				"up": {"uv": [0.25, 0.125, 0.125, 0], "texture": "#0"},
				"down": {"uv": [0.375, 0, 0.25, 0.125], "texture": "#0"}
			}
		},
		{
			"from": [2, 7, 10],
			"to": [14, 11, 13.8],
			"faces": {
				"north": {"uv": [5.25, 6.625, 6.75, 7.125], "texture": "#0"},
				"east": {"uv": [4.875, 6.625, 5.25, 7.125], "texture": "#0"},
				"south": {"uv": [7.125, 6.625, 8.625, 7.125], "texture": "#0"},
				"west": {"uv": [6.75, 6.625, 7.125, 7.125], "texture": "#0"},
				"up": {"uv": [6.75, 6.625, 5.25, 6.25], "texture": "#0"},
				"down": {"uv": [8.25, 6.25, 6.75, 6.625], "texture": "#0"}
			}
		},
		{
			"from": [2, 11, 11],
			"to": [14, 12, 13.2],
			"faces": {
				"north": {"uv": [5.125, 7.375, 6.625, 7.5], "texture": "#0"},
				"east": {"uv": [4.875, 7.375, 5.125, 7.5], "texture": "#0"},
				"south": {"uv": [6.875, 7.375, 8.375, 7.5], "texture": "#0"},
				"west": {"uv": [6.625, 7.375, 6.875, 7.5], "texture": "#0"},
				"up": {"uv": [6.625, 7.375, 5.125, 7.125], "texture": "#0"},
				"down": {"uv": [8.125, 7.125, 6.625, 7.375], "texture": "#0"}
			}
		},
		{
			"from": [11, 10, 7],
			"to": [14, 11, 10],
			"faces": {
				"north": {"uv": [5.625, 5.5, 6, 5.625], "texture": "#0"},
				"east": {"uv": [5.25, 5.5, 5.625, 5.625], "texture": "#0"},
				"south": {"uv": [6.375, 5.5, 6.75, 5.625], "texture": "#0"},
				"west": {"uv": [6, 5.5, 6.375, 5.625], "texture": "#0"},
				"up": {"uv": [6, 5.5, 5.625, 5.125], "texture": "#0"},
				"down": {"uv": [6.375, 5.125, 6, 5.5], "texture": "#0"}
			}
		},
		{
			"from": [2, 10, 7],
			"to": [5, 11, 10],
			"faces": {
				"north": {"uv": [5.625, 5, 6, 5.125], "texture": "#0"},
				"east": {"uv": [5.25, 5, 5.625, 5.125], "texture": "#0"},
				"south": {"uv": [6.375, 5, 6.75, 5.125], "texture": "#0"},
				"west": {"uv": [6, 5, 6.375, 5.125], "texture": "#0"},
				"up": {"uv": [6, 5, 5.625, 4.625], "texture": "#0"},
				"down": {"uv": [6.375, 4.625, 6, 5], "texture": "#0"}
			}
		},
		{
			"from": [2, 7, 7],
			"to": [5, 9, 10],
			"faces": {
				"north": {"uv": [5.625, 4.375, 6, 4.625], "texture": "#0"},
				"east": {"uv": [5.25, 4.375, 5.625, 4.625], "texture": "#0"},
				"south": {"uv": [6.375, 4.375, 6.75, 4.625], "texture": "#0"},
				"west": {"uv": [6, 4.375, 6.375, 4.625], "texture": "#0"},
				"up": {"uv": [6, 4.375, 5.625, 4], "texture": "#0"},
				"down": {"uv": [6.375, 4, 6, 4.375], "texture": "#0"}
			}
		},
		{
			"from": [11, 7, 7],
			"to": [14, 9, 10],
			"faces": {
				"north": {"uv": [0.375, 5, 0.75, 5.25], "texture": "#0"},
				"east": {"uv": [0, 5, 0.375, 5.25], "texture": "#0"},
				"south": {"uv": [1.125, 5, 1.5, 5.25], "texture": "#0"},
				"west": {"uv": [0.75, 5, 1.125, 5.25], "texture": "#0"},
				"up": {"uv": [0.75, 5, 0.375, 4.625], "texture": "#0"},
				"down": {"uv": [1.125, 4.625, 0.75, 5], "texture": "#0"}
			}
		},
		{
			"from": [13, 9, 7.4],
			"to": [14, 10, 8.4],
			"faces": {
				"north": {"uv": [6.125, 1.375, 6.25, 1.5], "texture": "#0"},
				"east": {"uv": [6, 1.375, 6.125, 1.5], "texture": "#0"},
				"south": {"uv": [6.375, 1.375, 6.5, 1.5], "texture": "#0"},
				"west": {"uv": [6.25, 1.375, 6.375, 1.5], "texture": "#0"},
				"up": {"uv": [6.25, 1.375, 6.125, 1.25], "texture": "#0"},
				"down": {"uv": [6.375, 1.25, 6.25, 1.375], "texture": "#0"}
			}
		},
		{
			"from": [11, 9, 7.4],
			"to": [12, 10, 8.4],
			"faces": {
				"north": {"uv": [0.875, 6.125, 1, 6.25], "texture": "#0"},
				"east": {"uv": [0.75, 6.125, 0.875, 6.25], "texture": "#0"},
				"south": {"uv": [1.125, 6.125, 1.25, 6.25], "texture": "#0"},
				"west": {"uv": [1, 6.125, 1.125, 6.25], "texture": "#0"},
				"up": {"uv": [1, 6.125, 0.875, 6], "texture": "#0"},
				"down": {"uv": [1.125, 6, 1, 6.125], "texture": "#0"}
			}
		},
		{
			"from": [9.6, 7, 4.4],
			"to": [10.6, 9, 5.4],
			"faces": {
				"north": {"uv": [1.25, 4.125, 1.375, 4.375], "texture": "#0"},
				"east": {"uv": [1.125, 4.125, 1.25, 4.375], "texture": "#0"},
				"south": {"uv": [1.5, 4.125, 1.625, 4.375], "texture": "#0"},
				"west": {"uv": [1.375, 4.125, 1.5, 4.375], "texture": "#0"},
				"up": {"uv": [1.375, 4.125, 1.25, 4], "texture": "#0"},
				"down": {"uv": [1.5, 4, 1.375, 4.125], "texture": "#0"}
			}
		},
		{
			"from": [5.4, 7, 4.4],
			"to": [6.4, 9, 5.4],
			"rotation": {"angle": 0, "axis": "y", "origin": [16, 0, 0]},
			"faces": {
				"north": {"uv": [1.625, 1.375, 1.75, 1.625], "texture": "#0"},
				"east": {"uv": [1.5, 1.375, 1.625, 1.625], "texture": "#0"},
				"south": {"uv": [1.875, 1.375, 2, 1.625], "texture": "#0"},
				"west": {"uv": [1.75, 1.375, 1.875, 1.625], "texture": "#0"},
				"up": {"uv": [1.75, 1.375, 1.625, 1.25], "texture": "#0"},
				"down": {"uv": [1.875, 1.25, 1.75, 1.375], "texture": "#0"}
			}
		},
		{
			"from": [4, 9, 7.4],
			"to": [5, 10, 8.4],
			"faces": {
				"north": {"uv": [6.125, 0.375, 6.25, 0.5], "texture": "#0"},
				"east": {"uv": [6, 0.375, 6.125, 0.5], "texture": "#0"},
				"south": {"uv": [6.375, 0.375, 6.5, 0.5], "texture": "#0"},
				"west": {"uv": [6.25, 0.375, 6.375, 0.5], "texture": "#0"},
				"up": {"uv": [6.25, 0.375, 6.125, 0.25], "texture": "#0"},
				"down": {"uv": [6.375, 0.25, 6.25, 0.375], "texture": "#0"}
			}
		},
		{
			"from": [2, 9, 7.4],
			"to": [3, 10, 8.4],
			"faces": {
				"north": {"uv": [6.125, 0.125, 6.25, 0.25], "texture": "#0"},
				"east": {"uv": [6, 0.125, 6.125, 0.25], "texture": "#0"},
				"south": {"uv": [6.375, 0.125, 6.5, 0.25], "texture": "#0"},
				"west": {"uv": [6.25, 0.125, 6.375, 0.25], "texture": "#0"},
				"up": {"uv": [6.25, 0.125, 6.125, 0], "texture": "#0"},
				"down": {"uv": [6.375, 0, 6.25, 0.125], "texture": "#0"}
			}
		},
		{
			"from": [3, 11, 7],
			"to": [4, 12, 11],
			"faces": {
				"north": {"uv": [6.5, 0.5, 6.625, 0.625], "texture": "#0"},
				"east": {"uv": [6, 0.5, 6.5, 0.625], "texture": "#0"},
				"south": {"uv": [7.125, 0.5, 7.25, 0.625], "texture": "#0"},
				"west": {"uv": [6.625, 0.5, 7.125, 0.625], "texture": "#0"},
				"up": {"uv": [6.625, 0.5, 6.5, 0], "texture": "#0"},
				"down": {"uv": [6.75, 0, 6.625, 0.5], "texture": "#0"}
			}
		},
		{
			"from": [6.5, 10, 7],
			"to": [9.5, 11, 10],
			"faces": {
				"north": {"uv": [0.375, 5.625, 0.75, 5.75], "texture": "#0"},
				"east": {"uv": [0, 5.625, 0.375, 5.75], "texture": "#0"},
				"south": {"uv": [1.125, 5.625, 1.5, 5.75], "texture": "#0"},
				"west": {"uv": [0.75, 5.625, 1.125, 5.75], "texture": "#0"},
				"up": {"uv": [0.75, 5.625, 0.375, 5.25], "texture": "#0"},
				"down": {"uv": [1.125, 5.25, 0.75, 5.625], "texture": "#0"}
			}
		},
		{
			"from": [7.5, 11, 7],
			"to": [8.5, 12, 10],
			"faces": {
				"north": {"uv": [1, 7.25, 1.125, 7.375], "texture": "#0"},
				"east": {"uv": [0.625, 7.25, 1, 7.375], "texture": "#0"},
				"south": {"uv": [1.5, 7.25, 1.625, 7.375], "texture": "#0"},
				"west": {"uv": [1.125, 7.25, 1.5, 7.375], "texture": "#0"},
				"up": {"uv": [1.125, 7.25, 1, 6.875], "texture": "#0"},
				"down": {"uv": [1.25, 6.875, 1.125, 7.25], "texture": "#0"}
			}
		},
		{
			"from": [8.5, 9, 7.4],
			"to": [9.5, 10, 8.4],
			"faces": {
				"north": {"uv": [0.125, 6.125, 0.25, 6.25], "texture": "#0"},
				"east": {"uv": [0, 6.125, 0.125, 6.25], "texture": "#0"},
				"south": {"uv": [0.375, 6.125, 0.5, 6.25], "texture": "#0"},
				"west": {"uv": [0.25, 6.125, 0.375, 6.25], "texture": "#0"},
				"up": {"uv": [0.25, 6.125, 0.125, 6], "texture": "#0"},
				"down": {"uv": [0.375, 6, 0.25, 6.125], "texture": "#0"}
			}
		},
		{
			"from": [6.5, 9, 7.4],
			"to": [7.5, 10, 8.4],
			"faces": {
				"north": {"uv": [1.25, 5.375, 1.375, 5.5], "texture": "#0"},
				"east": {"uv": [1.125, 5.375, 1.25, 5.5], "texture": "#0"},
				"south": {"uv": [1.5, 5.375, 1.625, 5.5], "texture": "#0"},
				"west": {"uv": [1.375, 5.375, 1.5, 5.5], "texture": "#0"},
				"up": {"uv": [1.375, 5.375, 1.25, 5.25], "texture": "#0"},
				"down": {"uv": [1.5, 5.25, 1.375, 5.375], "texture": "#0"}
			}
		},
		{
			"from": [8.5, 7, 7],
			"to": [9.5, 9, 10],
			"faces": {
				"north": {"uv": [0.375, 7, 0.5, 7.25], "texture": "#0"},
				"east": {"uv": [0, 7, 0.375, 7.25], "texture": "#0"},
				"south": {"uv": [0.875, 7, 1, 7.25], "texture": "#0"},
				"west": {"uv": [0.5, 7, 0.875, 7.25], "texture": "#0"},
				"up": {"uv": [0.5, 7, 0.375, 6.625], "texture": "#0"},
				"down": {"uv": [0.625, 6.625, 0.5, 7], "texture": "#0"}
			}
		},
		{
			"from": [6.5, 7, 7],
			"to": [7.5, 9, 10],
			"faces": {
				"north": {"uv": [6.375, 1, 6.5, 1.25], "texture": "#0"},
				"east": {"uv": [6, 1, 6.375, 1.25], "texture": "#0"},
				"south": {"uv": [6.875, 1, 7, 1.25], "texture": "#0"},
				"west": {"uv": [6.5, 1, 6.875, 1.25], "texture": "#0"},
				"up": {"uv": [6.5, 1, 6.375, 0.625], "texture": "#0"},
				"down": {"uv": [6.625, 0.625, 6.5, 1], "texture": "#0"}
			}
		},
		{
			"from": [7.5, 7, 9],
			"to": [8.5, 9, 10],
			"faces": {
				"north": {"uv": [1.625, 0.125, 1.75, 0.375], "texture": "#0"},
				"east": {"uv": [1.5, 0.125, 1.625, 0.375], "texture": "#0"},
				"south": {"uv": [1.875, 0.125, 2, 0.375], "texture": "#0"},
				"west": {"uv": [1.75, 0.125, 1.875, 0.375], "texture": "#0"},
				"up": {"uv": [1.75, 0.125, 1.625, 0], "texture": "#0"},
				"down": {"uv": [1.875, 0, 1.75, 0.125], "texture": "#0"}
			}
		},
		{
			"from": [7.5, 6.3, 8],
			"to": [8.5, 8.3, 9],
			"faces": {
				"north": {"uv": [0.125, 1.375, 0.25, 1.625], "texture": "#0"},
				"east": {"uv": [0, 1.375, 0.125, 1.625], "texture": "#0"},
				"south": {"uv": [0.375, 1.375, 0.5, 1.625], "texture": "#0"},
				"west": {"uv": [0.25, 1.375, 0.375, 1.625], "texture": "#0"},
				"up": {"uv": [0.25, 1.375, 0.125, 1.25], "texture": "#0"},
				"down": {"uv": [0.375, 1.25, 0.25, 1.375], "texture": "#0"}
			}
		},
		{
			"from": [7.5, 6.6, 7],
			"to": [8.5, 7.6, 8],
			"faces": {
				"north": {"uv": [1.25, 4.75, 1.375, 4.875], "texture": "#0"},
				"east": {"uv": [1.125, 4.75, 1.25, 4.875], "texture": "#0"},
				"south": {"uv": [1.5, 4.75, 1.625, 4.875], "texture": "#0"},
				"west": {"uv": [1.375, 4.75, 1.5, 4.875], "texture": "#0"},
				"up": {"uv": [1.375, 4.75, 1.25, 4.625], "texture": "#0"},
				"down": {"uv": [1.5, 4.625, 1.375, 4.75], "texture": "#0"}
			}
		},
		{
			"from": [12, 11, 7],
			"to": [13, 12, 11],
			"faces": {
				"north": {"uv": [0.5, 6.5, 0.625, 6.625], "texture": "#0"},
				"east": {"uv": [0, 6.5, 0.5, 6.625], "texture": "#0"},
				"south": {"uv": [1.125, 6.5, 1.25, 6.625], "texture": "#0"},
				"west": {"uv": [0.625, 6.5, 1.125, 6.625], "texture": "#0"},
				"up": {"uv": [0.625, 6.5, 0.5, 6], "texture": "#0"},
				"down": {"uv": [0.75, 6, 0.625, 6.5], "texture": "#0"}
			}
		},
		{
			"from": [6, 7, 9.5],
			"to": [10, 13, 13.5],
			"faces": {
				"north": {"uv": [0.5, 0.5, 1, 1.25], "texture": "#0"},
				"east": {"uv": [0, 0.5, 0.5, 1.25], "texture": "#0"},
				"south": {"uv": [1.5, 0.5, 2, 1.25], "texture": "#0"},
				"west": {"uv": [1, 0.5, 1.5, 1.25], "texture": "#0"},
				"up": {"uv": [1, 0.5, 0.5, 0], "texture": "#0"},
				"down": {"uv": [1.5, 0, 1, 0.5], "texture": "#0"}
			}
		},
		{
			"from": [7, 15.4, 10.5],
			"to": [9, 16.4, 12.5],
			"faces": {
				"north": {"uv": [6.75, 7.75, 7, 7.875], "texture": "#0"},
				"east": {"uv": [6.5, 7.75, 6.75, 7.875], "texture": "#0"},
				"south": {"uv": [7.25, 7.75, 7.5, 7.875], "texture": "#0"},
				"west": {"uv": [7, 7.75, 7.25, 7.875], "texture": "#0"},
				"up": {"uv": [7, 7.75, 6.75, 7.5], "texture": "#0"},
				"down": {"uv": [7.25, 7.5, 7, 7.75], "texture": "#0"}
			}
		},
		{
			"from": [6, 13, 9.5],
			"to": [10, 15, 13.5],
			"faces": {
				"north": {"uv": [0.5, 1.75, 1, 2], "texture": "#0"},
				"east": {"uv": [0, 1.75, 0.5, 2], "texture": "#0"},
				"south": {"uv": [1.5, 1.75, 2, 2], "texture": "#0"},
				"west": {"uv": [1, 1.75, 1.5, 2], "texture": "#0"},
				"up": {"uv": [1, 1.75, 0.5, 1.25], "texture": "#0"},
				"down": {"uv": [1.5, 1.25, 1, 1.75], "texture": "#0"}
			}
		},
		{
			"from": [6.3, 14, 9.8],
			"to": [9.7, 16, 13.2],
			"faces": {
				"north": {"uv": [0.375, 4.375, 0.75, 4.625], "texture": "#0"},
				"east": {"uv": [0, 4.375, 0.375, 4.625], "texture": "#0"},
				"south": {"uv": [1.125, 4.375, 1.5, 4.625], "texture": "#0"},
				"west": {"uv": [0.75, 4.375, 1.125, 4.625], "texture": "#0"},
				"up": {"uv": [0.75, 4.375, 0.375, 4], "texture": "#0"},
				"down": {"uv": [1.125, 4, 0.75, 4.375], "texture": "#0"}
			}
		},
		{
			"from": [1.5, 5, 1.5],
			"to": [14.5, 7, 14.5],
			"faces": {
				"north": {"uv": [1.625, 7.625, 3.25, 7.875], "texture": "#0"},
				"east": {"uv": [0, 7.625, 1.625, 7.875], "texture": "#0"},
				"south": {"uv": [4.875, 7.625, 6.5, 7.875], "texture": "#0"},
				"west": {"uv": [3.25, 7.625, 4.875, 7.875], "texture": "#0"},
				"up": {"uv": [3.25, 7.625, 1.625, 6], "texture": "#0"},
				"down": {"uv": [4.875, 6, 3.25, 7.625], "texture": "#0"}
			}
		},
		{
			"name": "base",
			"from": [2, 2, 2],
			"to": [14, 4, 14],
			"faces": {
				"north": {"uv": [7.5, 1.5, 9, 1.75], "texture": "#0"},
				"east": {"uv": [6, 1.5, 7.5, 1.75], "texture": "#0"},
				"south": {"uv": [10.5, 1.5, 12, 1.75], "texture": "#0"},
				"west": {"uv": [9, 1.5, 10.5, 1.75], "texture": "#0"},
				"up": {"uv": [9, 1.5, 7.5, 0], "texture": "#0"},
				"down": {"uv": [10.5, 0, 9, 1.5], "texture": "#0"}
			}
		},
		{
			"from": [1, 0, 1],
			"to": [15, 2, 15],
			"faces": {
				"north": {"uv": [7, 6, 8.75, 6.25], "texture": "#0"},
				"east": {"uv": [5.25, 6, 7, 6.25], "texture": "#0"},
				"south": {"uv": [10.5, 6, 12.25, 6.25], "texture": "#0"},
				"west": {"uv": [8.75, 6, 10.5, 6.25], "texture": "#0"},
				"up": {"uv": [8.75, 6, 7, 4.25], "texture": "#0"},
				"down": {"uv": [10.5, 4.25, 8.75, 6], "texture": "#0"}
			}
		},
		{
			"from": [1, 4, 1],
			"to": [15, 6, 15],
			"faces": {
				"north": {"uv": [1.75, 5.75, 3.5, 6], "texture": "#0"},
				"east": {"uv": [0, 5.75, 1.75, 6], "texture": "#0"},
				"south": {"uv": [5.25, 5.75, 7, 6], "texture": "#0"},
				"west": {"uv": [3.5, 5.75, 5.25, 6], "texture": "#0"},
				"up": {"uv": [3.5, 5.75, 1.75, 4], "texture": "#0"},
				"down": {"uv": [5.25, 4, 3.5, 5.75], "texture": "#0"}
			}
		}
	],
	"display": {
		"thirdperson_righthand": {
			"scale": [0.36, 0.36, 0.36]
		},
		"thirdperson_lefthand": {
			"scale": [0.36, 0.36, 0.36]
		},
		"firstperson_righthand": {
			"scale": [0.39, 0.39, 0.39]
		},
		"firstperson_lefthand": {
			"scale": [0.39, 0.39, 0.39]
		},
		"ground": {
			"scale": [0.5, 0.5, 0.5]
		},
		"gui": {
			"rotation": [30, -133, 0],
			"translation": [0, -1.5, 0],
			"scale": [0.5, 0.5, 0.5]
		},
		"head": {
			"translation": [0, 14, 0.25]
		},
		"fixed": {
			"rotation": [-90, 0, 0],
			"translation": [0, -1.25, -6.25],
			"scale": [0.8, 0.8, 0.8]
		}
	},
	"groups": [
		{
			"name": "group",
			"origin": [0, 0, 0],
			"color": 0,
			"children": [
				0,
				{
					"name": "interior",
					"origin": [8, 8, 8],
					"color": 0,
					"children": [
						{
							"name": "building",
							"origin": [0, 0, 0],
							"color": 0,
							"children": [1, 2, 3, 4, 5, 6, 7, 8, 9, 10, 11, 12, 13, 14, 15, 16, 17, 18, 19, 20, 21, 22, 23, 24, 25, 26, 27, 28]
						},
						29
					]
				},
				{
					"name": "base",
					"origin": [0, 0, 0],
					"color": 0,
					"children": [30, 31, 32]
				}
			]
		}
	]
}