{
	"credit": "Made with Blockbench",
	"texture_size": [64, 64],
	"textures": {
		"0": "item/brass_blade",
		"particle": "item/brass_blade"
	},
	"elements": [
		{
			"from": [7.5, -16, 7.5],
			"to": [8.5, -4, 8.5],
			"faces": {
				"north": {"uv": [4.25, 0.25, 4.5, 3.25], "texture": "#0"},
				"east": {"uv": [4, 0.25, 4.25, 3.25], "texture": "#0"},
				"south": {"uv": [4.75, 0.25, 5, 3.25], "texture": "#0"},
				"west": {"uv": [4.5, 0.25, 4.75, 3.25], "texture": "#0"},
				"up": {"uv": [4.5, 0.25, 4.25, 0], "texture": "#0"},
				"down": {"uv": [4.75, 0, 4.5, 0.25], "texture": "#0"}
			}
		},
		{
			"from": [7, -15.5, 7],
			"to": [9, -13.5, 9],
			"faces": {
				"north": {"uv": [0.5, 0.5, 1, 1], "texture": "#0"},
				"east": {"uv": [0, 0.5, 0.5, 1], "texture": "#0"},
				"south": {"uv": [1.5, 0.5, 2, 1], "texture": "#0"},
				"west": {"uv": [1, 0.5, 1.5, 1], "texture": "#0"},
				"up": {"uv": [1, 0.5, 0.5, 0], "texture": "#0"},
				"down": {"uv": [1.5, 0, 1, 0.5], "texture": "#0"}
			}
		},
		{
			"from": [7, -4, 0],
			"to": [9, -3, 16],
			"faces": {
				"north": {"uv": [8, 4, 8.5, 4.25], "texture": "#0"},
				"east": {"uv": [4, 4, 8, 4.25], "texture": "#0"},
				"south": {"uv": [12.5, 4, 13, 4.25], "texture": "#0"},
				"west": {"uv": [8.5, 4, 12.5, 4.25], "texture": "#0"},
				"up": {"uv": [8.5, 4, 8, 0], "texture": "#0"},
				"down": {"uv": [9, 0, 8.5, 4], "texture": "#0"}
			}
		},
		{
			"from": [7, -3, 14],
			"to": [9, -2, 16],
			"faces": {
				"north": {"uv": [2, 1, 2.5, 1.25], "texture": "#0"},
				"east": {"uv": [1.5, 1, 2, 1.25], "texture": "#0"},
				"south": {"uv": [3, 1, 3.5, 1.25], "texture": "#0"},
				"west": {"uv": [2.5, 1, 3, 1.25], "texture": "#0"},
				"up": {"uv": [2.5, 1, 2, 0.5], "texture": "#0"},
				"down": {"uv": [3, 0.5, 2.5, 1], "texture": "#0"}
			}
		},
		{
			"from": [7, -3, 0],
			"to": [9, -2, 2],
			"faces": {
				"north": {"uv": [0.5, 1.5, 1, 1.75], "texture": "#0"},
				"east": {"uv": [0, 1.5, 0.5, 1.75], "texture": "#0"},
				"south": {"uv": [1.5, 1.5, 2, 1.75], "texture": "#0"},
				"west": {"uv": [1, 1.5, 1.5, 1.75], "texture": "#0"},
				"up": {"uv": [1, 1.5, 0.5, 1], "texture": "#0"},
				"down": {"uv": [1.5, 1, 1, 1.5], "texture": "#0"}
			}
		},
		{
			"from": [8, -3, 4],
			"to": [8, 32, 12],
			"faces": {
				"north": {"uv": [2, 2, 2, 10.75], "texture": "#0"},
				"east": {"uv": [0, 2, 2, 10.75], "texture": "#0"},
				"south": {"uv": [4, 2, 4, 10.75], "texture": "#0"},
				"west": {"uv": [2, 2, 0, 10.75], "texture": "#0"},
				"up": {"uv": [2, 2, 2, 0], "texture": "#0"},
				"down": {"uv": [2, 0, 2, 2], "texture": "#0"}
			}
		}
	],
	"gui_light": "front",
	"display": {
		"thirdperson_righthand": {
			"translation": [0, 12.75, 1.25]
		},
		"thirdperson_lefthand": {
			"translation": [0, 12.75, 1.25]
		},
		"firstperson_righthand": {
			"rotation": [0, 0, 14],
			"translation": [1.13, 3.2, 1.13],
			"scale": [0.68, 0.68, 0.68]
		},
		"firstperson_lefthand": {
			"rotation": [0, 0, 14],
			"translation": [1.13, 3.2, 1.13],
			"scale": [0.68, 0.68, 0.68]
		},
		"ground": {
			"rotation": [-43, 0, 0],
			"translation": [0, 4.5, 0],
			"scale": [0.5, 0.5, 0.5]
		},
		"gui": {
			"rotation": [-90, -45.25, -90],
			"translation": [0.5, 0, 0],
			"scale": [0.35, 0.35, 0.35]
		},
		"fixed": {
			"rotation": [-90, 41, 90],
			"translation": [-0.75, -0.5, 0],
			"scale": [0.75, 0.75, 0.75]
		}
	},
	"groups": [
		{
			"name": "group",
			"origin": [0, 0, 0],
			"color": 0,
			"children": [0, 1, 2, 3, 4, 5]
		}
	]
}