{
	"credit": "Made with Blockbench",
	"texture_size": [90, 70],
	"textures": {
		"0": "item/hats/candy_wrapper_hat",
		"particle": "item/hats/candy_wrapper_hat"
	},
	"elements": [
		{
			"from": [17, 4, 3],
			"to": [27, 4, 13],
			"rotation": {"angle": -22.5, "axis": "z", "origin": [22, 5, 7]},
			"faces": {
				"north": {"uv": [6.4, 8.91429, 8.17778, 8.91429], "texture": "#0"},
				"east": {"uv": [4.62222, 8.91429, 6.4, 8.91429], "texture": "#0"},
				"south": {"uv": [9.95556, 8.91429, 11.73333, 8.91429], "texture": "#0"},
				"west": {"uv": [8.17778, 8.91429, 9.95556, 8.91429], "texture": "#0"},
				"up": {"uv": [8.17778, 8.91429, 6.4, 6.62857], "texture": "#0"},
				"down": {"uv": [9.95556, 6.62857, 8.17778, 8.91429], "texture": "#0"}
			}
		},
		{
			"from": [17, 2, 5],
			"to": [27, 12, 5],
			"rotation": {"angle": 22.5, "axis": "y", "origin": [22, 5, 7]},
			"faces": {
				"north": {"uv": [6.4, 6.62857, 8.17778, 8.91429], "texture": "#0"},
				"east": {"uv": [6.4, 6.62857, 6.4, 8.91429], "texture": "#0"},
				"south": {"uv": [9.95556, 8.91429, 8.17778, 6.62857], "texture": "#0"},
				"west": {"uv": [8.17778, 6.62857, 8.17778, 8.91429], "texture": "#0"},
				"up": {"uv": [8.17778, 6.62857, 6.4, 6.62857], "texture": "#0"},
				"down": {"uv": [9.95556, 6.62857, 8.17778, 6.62857], "texture": "#0"}
			}
		},
		{
			"from": [17, 2, 11],
			"to": [27, 12, 11],
			"rotation": {"angle": -22.5, "axis": "y", "origin": [22, 5, 7]},
			"faces": {
				"north": {"uv": [6.4, 6.62857, 8.17778, 8.91429], "texture": "#0"},
				"east": {"uv": [6.4, 6.62857, 6.4, 8.91429], "texture": "#0"},
				"south": {"uv": [9.95556, 6.62857, 8.17778, 8.91429], "texture": "#0"},
				"west": {"uv": [8.17778, 6.62857, 8.17778, 8.91429], "texture": "#0"},
				"up": {"uv": [8.17778, 6.62857, 6.4, 6.62857], "texture": "#0"},
				"down": {"uv": [9.95556, 6.62857, 8.17778, 6.62857], "texture": "#0"}
			}
		},
		{
			"from": [19, 10, 3],
			"to": [29, 10, 13],
			"rotation": {"angle": 22.5, "axis": "z", "origin": [22, 5, 7]},
			"faces": {
				"north": {"uv": [6.4, 8.91429, 8.17778, 8.91429], "texture": "#0"},
				"east": {"uv": [4.62222, 8.91429, 6.4, 8.91429], "texture": "#0"},
				"south": {"uv": [9.95556, 8.91429, 11.73333, 8.91429], "texture": "#0"},
				"west": {"uv": [8.17778, 8.91429, 9.95556, 8.91429], "texture": "#0"},
				"up": {"uv": [8.17778, 8.91429, 6.4, 6.62857], "texture": "#0"},
				"down": {"uv": [9.95556, 6.62857, 8.17778, 8.91429], "texture": "#0"}
			}
		},
		{
			"from": [16, 5, 6],
			"to": [18, 9, 10],
			"rotation": {"angle": 0, "axis": "y", "origin": [11, 9, 8]},
			"faces": {
				"north": {"uv": [0.71111, 2.74286, 1.06667, 3.65714], "texture": "#0"},
				"east": {"uv": [0, 2.74286, 0.71111, 3.65714], "texture": "#0"},
				"south": {"uv": [1.77778, 2.74286, 2.13333, 3.65714], "texture": "#0"},
				"west": {"uv": [1.06667, 2.74286, 1.77778, 3.65714], "texture": "#0"},
				"up": {"uv": [1.06667, 2.74286, 0.71111, 1.82857], "texture": "#0"},
				"down": {"uv": [1.42222, 1.82857, 1.06667, 2.74286], "texture": "#0"}
			}
		},
		{
			"from": [-11, 4, 3],
			"to": [-1, 4, 13],
			"rotation": {"angle": 22.5, "axis": "z", "origin": [-6, 5, 7]},
			"faces": {
				"north": {"uv": [8.17778, 8.91429, 6.4, 8.91429], "texture": "#0"},
				"east": {"uv": [9.95556, 8.91429, 8.17778, 8.91429], "texture": "#0"},
				"south": {"uv": [11.73333, 8.91429, 9.95556, 8.91429], "texture": "#0"},
				"west": {"uv": [6.4, 8.91429, 4.62222, 8.91429], "texture": "#0"},
				"up": {"uv": [6.4, 8.91429, 8.17778, 6.62857], "texture": "#0"},
				"down": {"uv": [8.17778, 6.62857, 9.95556, 8.91429], "texture": "#0"}
			}
		},
		{
			"from": [-11, 2, 5],
			"to": [-1, 12, 5],
			"rotation": {"angle": -22.5, "axis": "y", "origin": [-6, 5, 7]},
			"faces": {
				"north": {"uv": [8.17778, 6.62857, 6.4, 8.91429], "texture": "#0"},
				"east": {"uv": [8.17778, 6.62857, 8.17778, 8.91429], "texture": "#0"},
				"south": {"uv": [8.17778, 8.91429, 9.95556, 6.62857], "texture": "#0"},
				"west": {"uv": [6.4, 6.62857, 6.4, 8.91429], "texture": "#0"},
				"up": {"uv": [6.4, 6.62857, 8.17778, 6.62857], "texture": "#0"},
				"down": {"uv": [8.17778, 6.62857, 9.95556, 6.62857], "texture": "#0"}
			}
		},
		{
			"from": [-11, 2, 11],
			"to": [-1, 12, 11],
			"rotation": {"angle": 22.5, "axis": "y", "origin": [-6, 5, 7]},
			"faces": {
				"north": {"uv": [8.17778, 6.62857, 6.4, 8.91429], "texture": "#0"},
				"east": {"uv": [8.17778, 6.62857, 8.17778, 8.91429], "texture": "#0"},
				"south": {"uv": [8.17778, 6.62857, 9.95556, 8.91429], "texture": "#0"},
				"west": {"uv": [6.4, 6.62857, 6.4, 8.91429], "texture": "#0"},
				"up": {"uv": [6.4, 6.62857, 8.17778, 6.62857], "texture": "#0"},
				"down": {"uv": [8.17778, 6.62857, 9.95556, 6.62857], "texture": "#0"}
			}
		},
		{
			"from": [-13, 10, 3],
			"to": [-3, 10, 13],
			"rotation": {"angle": -22.5, "axis": "z", "origin": [-6, 5, 7]},
			"faces": {
				"north": {"uv": [8.17778, 8.91429, 6.4, 8.91429], "texture": "#0"},
				"east": {"uv": [9.95556, 8.91429, 8.17778, 8.91429], "texture": "#0"},
				"south": {"uv": [11.73333, 8.91429, 9.95556, 8.91429], "texture": "#0"},
				"west": {"uv": [6.4, 8.91429, 4.62222, 8.91429], "texture": "#0"},
				"up": {"uv": [6.4, 8.91429, 8.17778, 6.62857], "texture": "#0"},
				"down": {"uv": [8.17778, 6.62857, 9.95556, 8.91429], "texture": "#0"}
			}
		},
		{
			"from": [-2, 5, 6],
			"to": [0, 9, 10],
			"rotation": {"angle": 0, "axis": "y", "origin": [5, 9, 8]},
			"faces": {
				"north": {"uv": [1.06667, 2.74286, 0.71111, 3.65714], "texture": "#0"},
				"east": {"uv": [1.77778, 2.74286, 1.06667, 3.65714], "texture": "#0"},
				"south": {"uv": [2.13333, 2.74286, 1.77778, 3.65714], "texture": "#0"},
				"west": {"uv": [0.71111, 2.74286, 0, 3.65714], "texture": "#0"},
				"up": {"uv": [0.71111, 2.74286, 1.06667, 1.82857], "texture": "#0"},
				"down": {"uv": [1.06667, 1.82857, 1.42222, 2.74286], "texture": "#0"}
			}
		},
		{
			"from": [0, 11, 0],
			"to": [16, 14, 16],
			"rotation": {"angle": 0, "axis": "y", "origin": [11, 9, 8]},
			"faces": {
				"north": {"uv": [2.84444, 3.65714, 5.68889, 4.34286], "texture": "#0"},
				"east": {"uv": [0, 3.65714, 2.84444, 4.34286], "texture": "#0"},
				"south": {"uv": [8.53333, 3.65714, 11.37778, 4.34286], "texture": "#0"},
				"west": {"uv": [5.68889, 3.65714, 8.53333, 4.34286], "texture": "#0"},
				"up": {"uv": [5.68889, 3.65714, 2.84444, 0], "texture": "#0"},
				"down": {"uv": [8.53333, 0, 5.68889, 3.65714], "texture": "#0"}
			}
		},
		{
			"from": [14, 0, 0],
			"to": [16, 11, 14],
			"rotation": {"angle": 0, "axis": "y", "origin": [11, 9, 8]},
			"faces": {
				"north": {"uv": [5.68889, 10.05714, 6.04444, 12.57143], "texture": "#0"},
				"east": {"uv": [3.2, 10.05714, 5.68889, 12.57143], "texture": "#0"},
				"south": {"uv": [8.53333, 10.05714, 8.88889, 12.57143], "texture": "#0"},
				"west": {"uv": [6.04444, 10.05714, 8.53333, 12.57143], "texture": "#0"},
				"up": {"uv": [6.04444, 10.05714, 5.68889, 6.85714], "texture": "#0"},
				"down": {"uv": [6.4, 6.85714, 6.04444, 10.05714], "texture": "#0"}
			}
		},
		{
			"from": [0, 0, 0],
			"to": [2, 11, 14],
			"rotation": {"angle": 0, "axis": "y", "origin": [11, 9, 8]},
			"faces": {
				"north": {"uv": [2.48889, 7.54286, 2.84444, 10.05714], "texture": "#0"},
				"east": {"uv": [0, 7.54286, 2.48889, 10.05714], "texture": "#0"},
				"south": {"uv": [5.33333, 7.54286, 5.68889, 10.05714], "texture": "#0"},
				"west": {"uv": [2.84444, 7.54286, 5.33333, 10.05714], "texture": "#0"},
				"up": {"uv": [2.84444, 7.54286, 2.48889, 4.34286], "texture": "#0"},
				"down": {"uv": [3.2, 4.34286, 2.84444, 7.54286], "texture": "#0"}
			}
		},
		{
			"from": [0, 0, 14],
			"to": [16, 11, 16],
			"rotation": {"angle": 0, "axis": "y", "origin": [11, 9, 8]},
			"faces": {
				"north": {"uv": [9.24444, 9.37143, 12.08889, 11.88571], "texture": "#0"},
				"east": {"uv": [8.88889, 9.37143, 9.24444, 11.88571], "texture": "#0"},
				"south": {"uv": [12.44444, 9.37143, 15.28889, 11.88571], "texture": "#0"},
				"west": {"uv": [12.08889, 9.37143, 12.44444, 11.88571], "texture": "#0"},
				"up": {"uv": [12.08889, 9.37143, 9.24444, 8.91429], "texture": "#0"},
				"down": {"uv": [14.93333, 8.91429, 12.08889, 9.37143], "texture": "#0"}
			}
		}
	],
	"display": {
		"thirdperson_righthand": {
			"rotation": [0, 180, 0],
			"scale": [0.4, 0.4, 0.4]
		},
		"thirdperson_lefthand": {
			"rotation": [0, 180, 0],
			"scale": [0.4, 0.4, 0.4]
		},
		"firstperson_righthand": {
			"rotation": [0, 120, -52],
			"translation": [0, 3, 0],
			"scale": [0.4, 0.4, 0.4]
		},
		"firstperson_lefthand": {
			"rotation": [0, 120, -52],
			"translation": [0, 3, 0],
			"scale": [0.4, 0.4, 0.4]
		},
		"ground": {
			"scale": [0.38, 0.38, 0.38]
		},
		"gui": {
			"rotation": [15, 9, 24],
			"scale": [0.38, 0.38, 0.38]
		},
		"head": {
			"translation": [0, 2.5, 0]
		}
	},
	"groups": [
		{
			"name": "group",
			"origin": [21, 5.5, 15],
			"color": 0,
			"children": [
				{
					"name": "group",
					"origin": [11, 9, 8],
					"color": 0,
					"children": [0, 1, 2, 3, 4]
				},
				{
					"name": "group",
					"origin": [11, 9, 8],
					"color": 0,
					"children": [5, 6, 7, 8, 9]
				},
				{
					"name": "group",
					"origin": [11, 9, 8],
					"color": 0,
					"children": [10, 11, 12, 13]
				}
			]
		}
	]
}