{
	"credit": "Made with Blockbench",
	"texture_size": [90, 70],
	"textures": {
		"0": "item/hats/candy_head",
		"particle": "item/hats/candy_head"
	},
	"elements": [
		{
			"from": [-11, 4, 3],
			"to": [-1, 4, 13],
			"rotation": {"angle": 22.5, "axis": "z", "origin": [-6, 5, 7]},
			"faces": {
				"north": {"uv": [6.04445, 2.74286, 4.26667, 2.74286], "texture": "#0"},
				"east": {"uv": [7.82223, 2.74286, 6.04445, 2.74286], "texture": "#0"},
				"south": {"uv": [9.6, 2.74286, 7.82223, 2.74286], "texture": "#0"},
				"west": {"uv": [4.26667, 2.74286, 2.48889, 2.74286], "texture": "#0"},
				"up": {"uv": [4.26667, 2.74286, 6.04445, 0.45714], "texture": "#0"},
				"down": {"uv": [6.04445, 0.45714, 7.82223, 2.74286], "texture": "#0"}
			}
		},
		{
			"from": [-11, 2, 5],
			"to": [-1, 12, 5],
			"rotation": {"angle": -22.5, "axis": "y", "origin": [-6, 5, 7]},
			"faces": {
				"north": {"uv": [6.04445, 0.45714, 4.26667, 2.74286], "texture": "#0"},
				"east": {"uv": [6.04445, 0.45714, 6.04445, 2.74286], "texture": "#0"},
				"south": {"uv": [6.04445, 2.74286, 7.82223, 0.45714], "texture": "#0"},
				"west": {"uv": [4.26667, 0.45714, 4.26667, 2.74286], "texture": "#0"},
				"up": {"uv": [4.26667, 0.45714, 6.04445, 0.45714], "texture": "#0"},
				"down": {"uv": [6.04445, 0.45714, 7.82223, 0.45714], "texture": "#0"}
			}
		},
		{
			"from": [-11, 2, 11],
			"to": [-1, 12, 11],
			"rotation": {"angle": 22.5, "axis": "y", "origin": [-6, 5, 7]},
			"faces": {
				"north": {"uv": [6.04445, 0.45714, 4.26667, 2.74286], "texture": "#0"},
				"east": {"uv": [6.04445, 0.45714, 6.04445, 2.74286], "texture": "#0"},
				"south": {"uv": [6.04445, 0.45714, 7.82223, 2.74286], "texture": "#0"},
				"west": {"uv": [4.26667, 0.45714, 4.26667, 2.74286], "texture": "#0"},
				"up": {"uv": [4.26667, 0.45714, 6.04445, 0.45714], "texture": "#0"},
				"down": {"uv": [6.04445, 0.45714, 7.82223, 0.45714], "texture": "#0"}
			}
		},
		{
			"from": [-13, 10, 3],
			"to": [-3, 10, 13],
			"rotation": {"angle": -22.5, "axis": "z", "origin": [-6, 5, 7]},
			"faces": {
				"north": {"uv": [6.04445, 2.74286, 4.26667, 2.74286], "texture": "#0"},
				"east": {"uv": [7.82223, 2.74286, 6.04445, 2.74286], "texture": "#0"},
				"south": {"uv": [9.6, 2.74286, 7.82223, 2.74286], "texture": "#0"},
				"west": {"uv": [4.26667, 2.74286, 2.48889, 2.74286], "texture": "#0"},
				"up": {"uv": [4.26667, 2.74286, 6.04445, 0.45714], "texture": "#0"},
				"down": {"uv": [6.04445, 0.45714, 7.82223, 2.74286], "texture": "#0"}
			}
		},
		{
			"from": [-2, 5, 6],
			"to": [0, 9, 10],
			"rotation": {"angle": 0, "axis": "y", "origin": [5, 9, 8]},
			"faces": {
				"north": {"uv": [1.06667, 2.74286, 0.71111, 3.65714], "texture": "#0"},
				"east": {"uv": [1.77778, 2.74286, 1.06667, 3.65714], "texture": "#0"},
				"south": {"uv": [2.13333, 2.74286, 1.77778, 3.65714], "texture": "#0"},
				"west": {"uv": [0.71111, 2.74286, 0, 3.65714], "texture": "#0"},
				"up": {"uv": [0.71111, 2.74286, 1.06667, 1.82857], "texture": "#0"},
				"down": {"uv": [1.06667, 1.82857, 1.42222, 2.74286], "texture": "#0"}
			}
		},
		{
			"from": [17, 4, 3],
			"to": [27, 4, 13],
			"rotation": {"angle": -22.5, "axis": "z", "origin": [22, 5, 7]},
			"faces": {
				"north": {"uv": [4.26667, 2.74286, 6.04445, 2.74286], "texture": "#0"},
				"east": {"uv": [2.48889, 2.74286, 4.26667, 2.74286], "texture": "#0"},
				"south": {"uv": [7.82223, 2.74286, 9.6, 2.74286], "texture": "#0"},
				"west": {"uv": [6.04445, 2.74286, 7.82223, 2.74286], "texture": "#0"},
				"up": {"uv": [6.04445, 2.74286, 4.26667, 0.45714], "texture": "#0"},
				"down": {"uv": [7.82223, 0.45714, 6.04445, 2.74286], "texture": "#0"}
			}
		},
		{
			"from": [17, 2, 5],
			"to": [27, 12, 5],
			"rotation": {"angle": 22.5, "axis": "y", "origin": [22, 5, 7]},
			"faces": {
				"north": {"uv": [4.26667, 0.45714, 6.04445, 2.74286], "texture": "#0"},
				"east": {"uv": [4.26667, 0.45714, 4.26667, 2.74286], "texture": "#0"},
				"south": {"uv": [7.82223, 2.74286, 6.04445, 0.45714], "texture": "#0"},
				"west": {"uv": [6.04445, 0.45714, 6.04445, 2.74286], "texture": "#0"},
				"up": {"uv": [6.04445, 0.45714, 4.26667, 0.45714], "texture": "#0"},
				"down": {"uv": [7.82223, 0.45714, 6.04445, 0.45714], "texture": "#0"}
			}
		},
		{
			"from": [17, 2, 11],
			"to": [27, 12, 11],
			"rotation": {"angle": -22.5, "axis": "y", "origin": [22, 5, 7]},
			"faces": {
				"north": {"uv": [4.26667, 0.45714, 6.04445, 2.74286], "texture": "#0"},
				"east": {"uv": [4.26667, 0.45714, 4.26667, 2.74286], "texture": "#0"},
				"south": {"uv": [7.82223, 0.45714, 6.04445, 2.74286], "texture": "#0"},
				"west": {"uv": [6.04445, 0.45714, 6.04445, 2.74286], "texture": "#0"},
				"up": {"uv": [6.04445, 0.45714, 4.26667, 0.45714], "texture": "#0"},
				"down": {"uv": [7.82223, 0.45714, 6.04445, 0.45714], "texture": "#0"}
			}
		},
		{
			"from": [19, 10, 3],
			"to": [29, 10, 13],
			"rotation": {"angle": 22.5, "axis": "z", "origin": [22, 5, 7]},
			"faces": {
				"north": {"uv": [4.26667, 2.74286, 6.04445, 2.74286], "texture": "#0"},
				"east": {"uv": [2.48889, 2.74286, 4.26667, 2.74286], "texture": "#0"},
				"south": {"uv": [7.82223, 2.74286, 9.6, 2.74286], "texture": "#0"},
				"west": {"uv": [6.04445, 2.74286, 7.82223, 2.74286], "texture": "#0"},
				"up": {"uv": [6.04445, 2.74286, 4.26667, 0.45714], "texture": "#0"},
				"down": {"uv": [7.82223, 0.45714, 6.04445, 2.74286], "texture": "#0"}
			}
		},
		{
			"from": [16, 5, 6],
			"to": [18, 9, 10],
			"rotation": {"angle": 0, "axis": "y", "origin": [11, 9, 8]},
			"faces": {
				"north": {"uv": [0.71111, 2.74286, 1.06667, 3.65714], "texture": "#0"},
				"east": {"uv": [0, 2.74286, 0.71111, 3.65714], "texture": "#0"},
				"south": {"uv": [1.77778, 2.74286, 2.13333, 3.65714], "texture": "#0"},
				"west": {"uv": [1.06667, 2.74286, 1.77778, 3.65714], "texture": "#0"},
				"up": {"uv": [1.06667, 2.74286, 0.71111, 1.82857], "texture": "#0"},
				"down": {"uv": [1.42222, 1.82857, 1.06667, 2.74286], "texture": "#0"}
			}
		},
		{
			"from": [0, 0, 0],
			"to": [16, 15, 16],
			"rotation": {"angle": 0, "axis": "y", "origin": [11, 9, 8]},
			"faces": {
				"north": {"uv": [2.84444, 7.08571, 5.68889, 10.51429], "texture": "#0"},
				"east": {"uv": [0, 7.08571, 2.84444, 10.51429], "texture": "#0"},
				"south": {"uv": [8.53333, 7.08571, 11.37778, 10.51429], "texture": "#0"},
				"west": {"uv": [5.68889, 7.08571, 8.53333, 10.51429], "texture": "#0"},
				"up": {"uv": [5.68889, 7.08571, 2.84444, 3.42857], "texture": "#0"},
				"down": {"uv": [8.53333, 3.42857, 5.68889, 7.08571], "texture": "#0"}
			}
		}
	],
	"display": {
		"thirdperson_righthand": {
			"rotation": [0, 180, 0],
			"scale": [0.4, 0.4, 0.4]
		},
		"thirdperson_lefthand": {
			"rotation": [0, 180, 0],
			"scale": [0.4, 0.4, 0.4]
		},
		"firstperson_righthand": {
			"rotation": [0, 120, -52],
			"scale": [0.4, 0.4, 0.4]
		},
		"firstperson_lefthand": {
			"rotation": [0, 120, -52],
			"scale": [0.4, 0.4, 0.4]
		},
		"gui": {
			"rotation": [15, 9, 24],
			"scale": [0.38, 0.38, 0.38]
		},
		"head": {
			"translation": [0, 1.5, 0]
		}
	},
	"groups": [
		{
			"name": "group",
			"origin": [21, 5.5, 15],
			"color": 0,
			"children": [
				{
					"name": "group",
					"origin": [11, 9, 8],
					"color": 0,
					"children": [0, 1, 2, 3, 4]
				},
				{
					"name": "group",
					"origin": [11, 9, 8],
					"color": 0,
					"children": [5, 6, 7, 8, 9]
				},
				{
					"name": "group",
					"origin": [11, 9, 8],
					"color": 0,
					"children": [10]
				}
			]
		}
	]
}