{
	"credit": "Made with Blockbench",
	"texture_size": [64, 64],
	"textures": {
		"0": "item/hats/cat_ears",
		"particle": "item/hats/cat_ears"
	},
	"elements": [
		{
			"from": [11, 22, 7],
			"to": [15, 25, 8],
			"faces": {
				"north": {"uv": [11, 1.75, 12, 2.5], "texture": "#0"},
				"east": {"uv": [10.75, 1.75, 11, 2.5], "texture": "#0"},
				"south": {"uv": [12.25, 1.75, 13.25, 2.5], "texture": "#0"},
				"west": {"uv": [12, 1.75, 12.25, 2.5], "texture": "#0"},
				"up": {"uv": [12, 1.75, 11, 1.5], "texture": "#0"},
				"down": {"uv": [13, 1.5, 12, 1.75], "texture": "#0"}
			}
		},
		{
			"from": [12, 25, 7],
			"to": [14, 27, 8],
			"faces": {
				"north": {"uv": [12, 0.5, 12.5, 1], "texture": "#0"},
				"east": {"uv": [11.75, 0.5, 12, 1], "texture": "#0"},
				"south": {"uv": [12.75, 0.5, 13.25, 1], "texture": "#0"},
				"west": {"uv": [12.5, 0.5, 12.75, 1], "texture": "#0"},
				"up": {"uv": [12.5, 0.5, 12, 0.25], "texture": "#0"},
				"down": {"uv": [13, 0.25, 12.5, 0.5], "texture": "#0"}
			}
		},
		{
			"from": [1, 22, 7],
			"to": [5, 25, 8],
			"faces": {
				"north": {"uv": [13.75, 1.75, 14.75, 2.5], "texture": "#0"},
				"east": {"uv": [13.5, 1.75, 13.75, 2.5], "texture": "#0"},
				"south": {"uv": [15, 1.75, 16, 2.5], "texture": "#0"},
				"west": {"uv": [14.75, 1.75, 15, 2.5], "texture": "#0"},
				"up": {"uv": [14.75, 1.75, 13.75, 1.5], "texture": "#0"},
				"down": {"uv": [15.75, 1.5, 14.75, 1.75], "texture": "#0"}
			}
		},
		{
			"from": [2, 25, 7],
			"to": [4, 27, 8],
			"faces": {
				"north": {"uv": [14.75, 0.5, 15.25, 1], "texture": "#0"},
				"east": {"uv": [14.5, 0.5, 14.75, 1], "texture": "#0"},
				"south": {"uv": [15.5, 0.5, 16, 1], "texture": "#0"},
				"west": {"uv": [15.25, 0.5, 15.5, 1], "texture": "#0"},
				"up": {"uv": [15.25, 0.5, 14.75, 0.25], "texture": "#0"},
				"down": {"uv": [15.75, 0.25, 15.25, 0.5], "texture": "#0"}
			}
		},
		{
			"from": [1, 21, 7],
			"to": [15, 22, 8],
			"faces": {
				"north": {"uv": [1.5, 0.25, 5, 0.5], "texture": "#0"},
				"east": {"uv": [1.25, 0.25, 1.5, 0.5], "texture": "#0"},
				"south": {"uv": [5.25, 0.25, 8.75, 0.5], "texture": "#0"},
				"west": {"uv": [5, 0.25, 5.25, 0.5], "texture": "#0"},
				"up": {"uv": [5, 0.25, 1.5, 0], "texture": "#0"},
				"down": {"uv": [8.5, 0, 5, 0.25], "texture": "#0"}
			}
		},
		{
			"from": [14, 14, 7],
			"to": [15, 21, 8],
			"faces": {
				"north": {"uv": [0.25, 0.25, 0.5, 2], "texture": "#0"},
				"east": {"uv": [0, 0.25, 0.25, 2], "texture": "#0"},
				"south": {"uv": [0.75, 0.25, 1, 2], "texture": "#0"},
				"west": {"uv": [0.5, 0.25, 0.75, 2], "texture": "#0"},
				"up": {"uv": [0.5, 0.25, 0.25, 0], "texture": "#0"},
				"down": {"uv": [0.75, 0, 0.5, 0.25], "texture": "#0"}
			}
		},
		{
			"from": [1, 14, 7],
			"to": [2, 21, 8],
			"faces": {
				"north": {"uv": [0.25, 0.25, 0.5, 2], "texture": "#0"},
				"east": {"uv": [0, 0.25, 0.25, 2], "texture": "#0"},
				"south": {"uv": [0.75, 0.25, 1, 2], "texture": "#0"},
				"west": {"uv": [0.5, 0.25, 0.75, 2], "texture": "#0"},
				"up": {"uv": [0.5, 0.25, 0.25, 0], "texture": "#0"},
				"down": {"uv": [0.75, 0, 0.5, 0.25], "texture": "#0"}
			}
		}
	],
	"display": {
		"thirdperson_righthand": {
			"rotation": [-156.53, 1.09, -180],
			"translation": [0, -1.75, -0.25],
			"scale": [0.4, 0.4, 0.4]
		},
		"thirdperson_lefthand": {
			"rotation": [-156.53, 1.09, -180],
			"translation": [0, -1.75, -0.25],
			"scale": [0.4, 0.4, 0.4]
		},
		"firstperson_righthand": {
			"rotation": [-4.25, 112, 0],
			"translation": [0, -9.5, 0]
		},
		"firstperson_lefthand": {
			"rotation": [-4.25, 112, 0],
			"translation": [0, -9.5, 0]
		},
		"ground": {
			"translation": [0, -5, 0],
			"scale": [0.45, 0.45, 0.45]
		},
		"gui": {
			"rotation": [28, -145, 0],
			"translation": [0, -7.5, 0],
			"scale": [0.74, 0.74, 0.74]
		},
		"head": {
			"translation": [0, -6.75, 0]
		},
		"fixed": {
			"translation": [0, -12.25, 0]
		}
	},
	"groups": [
		{
			"name": "hat",
			"origin": [8, 8, 8],
			"color": 0,
			"children": [
				{
					"name": "cat ears",
					"origin": [0, 0, 0],
					"color": 0,
					"children": [
						{
							"name": "left ear",
							"origin": [0, 0, 0],
							"color": 0,
							"children": [0, 1]
						},
						{
							"name": "right ear",
							"origin": [0, 0, 0],
							"color": 0,
							"children": [2, 3]
						},
						{
							"name": "band",
							"origin": [0, 0, 0],
							"color": 0,
							"children": [4, 5, 6]
						}
					]
				}
			]
		}
	]
}