{
	"credit": "Made with Blockbench",
	"texture_size": [64, 32],
	"textures": {
		"1": "item/hats/cathat",
		"particle": "item/hats/cathat"
	},
	"elements": [
		{
			"name": "head",
			"from": [5.5, 7, -5],
			"to": [10.5, 11, 0],
			"faces": {
				"north": {"uv": [1.25, 2.5, 2.5, 4.5], "texture": "#1"},
				"east": {"uv": [0, 2.5, 1.25, 4.5], "texture": "#1"},
				"south": {"uv": [3.75, 2.5, 5, 4.5], "texture": "#1"},
				"west": {"uv": [2.5, 2.5, 3.75, 4.5], "texture": "#1"},
				"up": {"uv": [2.5, 2.5, 1.25, 0], "texture": "#1"},
				"down": {"uv": [3.75, 0, 2.5, 2.5], "texture": "#1"}
			}
		},
		{
			"name": "head",
			"from": [6.5, 7.02, -6],
			"to": [9.5, 9.02, -4],
			"faces": {
				"north": {"uv": [0.5, 13, 1.25, 14], "texture": "#1"},
				"east": {"uv": [0, 13, 0.5, 14], "texture": "#1"},
				"south": {"uv": [1.75, 13, 2.5, 14], "texture": "#1"},
				"west": {"uv": [1.25, 13, 1.75, 14], "texture": "#1"},
				"up": {"uv": [1.25, 13, 0.5, 12], "texture": "#1"},
				"down": {"uv": [2, 12, 1.25, 13], "texture": "#1"}
			}
		},
		{
			"name": "head",
			"from": [9, 11, -2],
			"to": [10, 12, 0],
			"faces": {
				"north": {"uv": [0.5, 6, 0.75, 6.5], "texture": "#1"},
				"east": {"uv": [0, 6, 0.5, 6.5], "texture": "#1"},
				"south": {"uv": [1.25, 6, 1.5, 6.5], "texture": "#1"},
				"west": {"uv": [0.75, 6, 1.25, 6.5], "texture": "#1"},
				"up": {"uv": [0.75, 6, 0.5, 5], "texture": "#1"},
				"down": {"uv": [1, 5, 0.75, 6], "texture": "#1"}
			}
		},
		{
			"name": "head",
			"from": [6, 11, -2],
			"to": [7, 12, 0],
			"faces": {
				"north": {"uv": [2, 6, 2.25, 6.5], "texture": "#1"},
				"east": {"uv": [1.5, 6, 2, 6.5], "texture": "#1"},
				"south": {"uv": [2.75, 6, 3, 6.5], "texture": "#1"},
				"west": {"uv": [2.25, 6, 2.75, 6.5], "texture": "#1"},
				"up": {"uv": [2.25, 6, 2, 5], "texture": "#1"},
				"down": {"uv": [2.5, 5, 2.25, 6], "texture": "#1"}
			}
		},
		{
			"name": "body",
			"from": [6, 4, -1],
			"to": [10, 10, 15],
			"faces": {
				"north": {"uv": [6.5, 0, 7.5, 3], "texture": "#1"},
				"east": {"uv": [5, 3, 6.5, 11], "rotation": 270, "texture": "#1"},
				"south": {"uv": [7.5, 0, 8.5, 3], "texture": "#1"},
				"west": {"uv": [7.5, 3, 9, 11], "rotation": 90, "texture": "#1"},
				"up": {"uv": [7.5, 11, 6.5, 3], "texture": "#1"},
				"down": {"uv": [10, 3, 9, 11], "texture": "#1"}
			}
		},
		{
			"name": "front_left_leg",
			"from": [5.9, -3.1, -3],
			"to": [7.9, 6.9, -1],
			"rotation": {"angle": 22.5, "axis": "x", "origin": [0, 0, 0]},
			"faces": {
				"north": {"uv": [10.5, 1, 11, 6], "texture": "#1"},
				"east": {"uv": [10, 1, 10.5, 6], "texture": "#1"},
				"south": {"uv": [11.5, 1, 12, 6], "texture": "#1"},
				"west": {"uv": [11, 1, 11.5, 6], "texture": "#1"},
				"up": {"uv": [11, 1, 10.5, 0], "texture": "#1"},
				"down": {"uv": [11.5, 0, 11, 1], "texture": "#1"}
			}
		},
		{
			"name": "front_right_leg",
			"from": [8.1, -3.1, -3],
			"to": [10.1, 6.9, -1],
			"rotation": {"angle": 22.5, "axis": "x", "origin": [0, 0, 0]},
			"faces": {
				"north": {"uv": [10.5, 1, 11, 6], "texture": "#1"},
				"east": {"uv": [10, 1, 10.5, 6], "texture": "#1"},
				"south": {"uv": [11.5, 1, 12, 6], "texture": "#1"},
				"west": {"uv": [11, 1, 11.5, 6], "texture": "#1"},
				"up": {"uv": [11, 1, 10.5, 0], "texture": "#1"},
				"down": {"uv": [11.5, 0, 11, 1], "texture": "#1"}
			}
		},
		{
			"name": "back_left_leg",
			"from": [5.9, -6, 14],
			"to": [7.9, 0, 16],
			"rotation": {"angle": -22.5, "axis": "x", "origin": [0, 0, 0]},
			"faces": {
				"north": {"uv": [2.5, 7.5, 3, 10.5], "texture": "#1"},
				"east": {"uv": [2, 7.5, 2.5, 10.5], "texture": "#1"},
				"south": {"uv": [3.5, 7.5, 4, 10.5], "texture": "#1"},
				"west": {"uv": [3, 7.5, 3.5, 10.5], "texture": "#1"},
				"up": {"uv": [3, 7.5, 2.5, 6.5], "texture": "#1"},
				"down": {"uv": [3.5, 6.5, 3, 7.5], "texture": "#1"}
			}
		},
		{
			"name": "back_right_leg",
			"from": [8.1, -6, 14],
			"to": [10.1, 0, 16],
			"rotation": {"angle": -22.5, "axis": "x", "origin": [0, 0, 0]},
			"faces": {
				"north": {"uv": [2.5, 7.5, 3, 10.5], "texture": "#1"},
				"east": {"uv": [2, 7.5, 2.5, 10.5], "texture": "#1"},
				"south": {"uv": [3.5, 7.5, 4, 10.5], "texture": "#1"},
				"west": {"uv": [3, 7.5, 3.5, 10.5], "texture": "#1"},
				"up": {"uv": [3, 7.5, 2.5, 6.5], "texture": "#1"},
				"down": {"uv": [3.5, 6.5, 3, 7.5], "texture": "#1"}
			}
		},
		{
			"name": "tail",
			"from": [7.5, -11.5, 16],
			"to": [8.5, -3.5, 17],
			"rotation": {"angle": -45, "axis": "x", "origin": [0, 0, 0]},
			"faces": {
				"north": {"uv": [0.25, 8, 0.5, 12], "texture": "#1"},
				"east": {"uv": [0, 8, 0.25, 12], "texture": "#1"},
				"south": {"uv": [0.75, 8, 1, 12], "texture": "#1"},
				"west": {"uv": [0.5, 8, 0.75, 12], "texture": "#1"},
				"up": {"uv": [0.5, 8, 0.25, 7.5], "texture": "#1"},
				"down": {"uv": [0.75, 7.5, 0.5, 8], "texture": "#1"}
			}
		},
		{
			"name": "tail2",
			"from": [7.5, 9.9509, 16.41579],
			"to": [8.5, 10.9509, 24.41579],
			"rotation": {"angle": 22.5, "axis": "x", "origin": [0, -1.0491, 0.91579]},
			"faces": {
				"north": {"uv": [1.25, 7.5, 1.5, 8], "texture": "#1"},
				"east": {"uv": [1, 8, 1.25, 12], "rotation": 270, "texture": "#1"},
				"south": {"uv": [1.5, 7.5, 1.75, 8], "texture": "#1"},
				"west": {"uv": [1.75, 8, 2, 12], "rotation": 270, "texture": "#1"},
				"up": {"uv": [1.5, 12, 1.25, 8], "texture": "#1"},
				"down": {"uv": [1.75, 8, 1.5, 12], "texture": "#1"}
			}
		}
	],
	"display": {
		"thirdperson_righthand": {
			"rotation": [85, 0, 0],
			"translation": [0, -2.25, 3],
			"scale": [0.65, 0.65, 0.65]
		},
		"thirdperson_lefthand": {
			"rotation": [85, 0, 0],
			"translation": [0, -2.25, 3],
			"scale": [0.65, 0.65, 0.65]
		},
		"firstperson_righthand": {
			"translation": [0, 0, 7.5]
		},
		"firstperson_lefthand": {
			"translation": [0, 0, 7.5]
		},
		"gui": {
			"rotation": [24, -140, 0],
			"translation": [0, 1.25, 0],
			"scale": [0.61, 0.61, 0.61]
		},
		"head": {
			"translation": [0, 10.25, 0]
		}
	},
	"groups": [
		{
			"name": "head",
			"origin": [0, 9, -9],
			"color": 0,
			"children": [0, 1, 2, 3]
		},
		{
			"name": "body",
			"origin": [0, 15, 6],
			"color": 0,
			"children": [4]
		},
		{
			"name": "front_left_leg",
			"origin": [-1.1, 9.9, -5],
			"color": 0,
			"children": [5]
		},
		{
			"name": "front_right_leg",
			"origin": [1.1, 9.9, -5],
			"color": 0,
			"children": [6]
		},
		{
			"name": "back_left_leg",
			"origin": [-1.1, 6, 5],
			"color": 0,
			"children": [7]
		},
		{
			"name": "back_right_leg",
			"origin": [1.1, 6, 5],
			"color": 0,
			"children": [8]
		},
		{
			"name": "tail",
			"origin": [0, 8.5, 8],
			"color": 0,
			"children": [9]
		},
		{
			"name": "tail2",
			"origin": [0, 0.5, 8],
			"color": 0,
			"children": [10]
		}
	]
}