{
	"credit": "Made with Blockbench",
	"texture_size": [48, 48],
	"textures": {
		"0": "item/hats/centurion_helm",
		"particle": "item/hats/centurion_helm"
	},
	"elements": [
		{
			"from": [4, 0, 4],
			"to": [12, 8, 4],
			"faces": {
				"north": {"uv": [4.66667, 6, 7.33333, 8.66667], "texture": "#0"},
				"east": {"uv": [4.66667, 6, 4.66667, 8.66667], "texture": "#0"},
				"south": {"uv": [4.66667, 6, 7.33333, 8.66667], "texture": "#0"},
				"west": {"uv": [7.33333, 6, 7.33333, 8.66667], "texture": "#0"},
				"up": {"uv": [7.33333, 6, 4.66667, 6], "texture": "#0"},
				"down": {"uv": [10, 6, 7.33333, 6], "texture": "#0"}
			}
		},
		{
			"from": [4, 2, 12],
			"to": [12, 8, 12],
			"faces": {
				"north": {"uv": [7.33333, 6, 10, 8], "texture": "#0"},
				"east": {"uv": [7.33333, 6, 7.33333, 8], "texture": "#0"},
				"south": {"uv": [7.33333, 6, 10, 8], "texture": "#0"},
				"west": {"uv": [10, 6, 10, 8], "texture": "#0"},
				"up": {"uv": [10, 6, 7.33333, 6], "texture": "#0"},
				"down": {"uv": [12.66667, 6, 10, 6], "texture": "#0"}
			}
		},
		{
			"from": [4, -2, 14.475],
			"to": [12, 1, 14.475],
			"rotation": {"angle": -45, "axis": "x", "origin": [8, -1.5, 12]},
			"faces": {
				"north": {"uv": [7.33333, 8, 10, 9], "texture": "#0"},
				"east": {"uv": [7.33333, 8, 7.33333, 9], "texture": "#0"},
				"south": {"uv": [7.33333, 8, 10, 9], "texture": "#0"},
				"west": {"uv": [10, 8, 10, 9], "texture": "#0"},
				"up": {"uv": [10, 8, 7.33333, 8], "texture": "#0"},
				"down": {"uv": [12.66667, 8, 10, 8], "texture": "#0"}
			}
		},
		{
			"from": [4, 8, 4],
			"to": [12, 8, 12],
			"faces": {
				"north": {"uv": [5.33333, 2.66667, 8, 2.66667], "texture": "#0"},
				"east": {"uv": [2.66667, 2.66667, 5.33333, 2.66667], "texture": "#0"},
				"south": {"uv": [10.66667, 2.66667, 13.33333, 2.66667], "texture": "#0"},
				"west": {"uv": [8, 2.66667, 10.66667, 2.66667], "texture": "#0"},
				"up": {"uv": [8, 2.66667, 5.33333, 0], "texture": "#0"},
				"down": {"uv": [8, 0, 5.33333, 2.66667], "texture": "#0"}
			}
		},
		{
			"from": [12, 0, 4],
			"to": [12, 8, 12],
			"faces": {
				"north": {"uv": [7.33333, 8.66667, 7.33333, 11.33333], "texture": "#0"},
				"east": {"uv": [4.66667, 8.66667, 7.33333, 11.33333], "texture": "#0"},
				"south": {"uv": [10, 8.66667, 10, 11.33333], "texture": "#0"},
				"west": {"uv": [7.33333, 8.66667, 4.66667, 11.33333], "texture": "#0"},
				"up": {"uv": [7.33333, 8.66667, 7.33333, 6], "texture": "#0"},
				"down": {"uv": [7.33333, 6, 7.33333, 8.66667], "texture": "#0"}
			}
		},
		{
			"from": [4, 0, 4],
			"to": [4, 8, 12],
			"faces": {
				"north": {"uv": [7.33333, 8.66667, 7.33333, 11.33333], "texture": "#0"},
				"east": {"uv": [4.66667, 8.66667, 7.33333, 11.33333], "texture": "#0"},
				"south": {"uv": [10, 8.66667, 10, 11.33333], "texture": "#0"},
				"west": {"uv": [7.33333, 8.66667, 4.66667, 11.33333], "texture": "#0"},
				"up": {"uv": [7.33333, 8.66667, 7.33333, 6], "texture": "#0"},
				"down": {"uv": [7.33333, 6, 7.33333, 8.66667], "texture": "#0"}
			}
		},
		{
			"from": [7, 10, 2],
			"to": [9, 16, 14],
			"faces": {
				"north": {"uv": [4, 4, 4.66667, 6], "texture": "#0"},
				"east": {"uv": [0, 4, 4, 6], "texture": "#0"},
				"south": {"uv": [8.66667, 4, 9.33333, 6], "texture": "#0"},
				"west": {"uv": [4.66667, 4, 8.66667, 6], "texture": "#0"},
				"up": {"uv": [4.66667, 4, 4, 0], "texture": "#0"},
				"down": {"uv": [5.33333, 0, 4.66667, 4], "texture": "#0"}
			}
		},
		{
			"from": [7.5, 6.5, 10.5],
			"to": [8.5, 11.5, 12.5],
			"rotation": {"angle": 22.5, "axis": "x", "origin": [8, 9, 12.5]},
			"faces": {
				"north": {"uv": [0.66667, 0.66667, 1, 2.33333], "texture": "#0"},
				"east": {"uv": [0, 0.66667, 0.66667, 2.33333], "texture": "#0"},
				"south": {"uv": [1.66667, 0.66667, 2, 2.33333], "texture": "#0"},
				"west": {"uv": [1, 0.66667, 1.66667, 2.33333], "texture": "#0"},
				"up": {"uv": [1, 0.66667, 0.66667, 0], "texture": "#0"},
				"down": {"uv": [1.33333, 0, 1, 0.66667], "texture": "#0"}
			}
		},
		{
			"from": [7, 3, 13],
			"to": [9, 14, 18],
			"faces": {
				"north": {"uv": [1.66667, 7.66667, 2.33333, 11.33333], "texture": "#0"},
				"east": {"uv": [0, 7.66667, 1.66667, 11.33333], "texture": "#0"},
				"south": {"uv": [4, 7.66667, 4.66667, 11.33333], "texture": "#0"},
				"west": {"uv": [2.33333, 7.66667, 4, 11.33333], "texture": "#0"},
				"up": {"uv": [2.33333, 7.66667, 1.66667, 6], "texture": "#0"},
				"down": {"uv": [3, 6, 2.33333, 7.66667], "texture": "#0"}
			}
		}
	],
	"gui_light": "front",
	"display": {
		"thirdperson_righthand": {
			"rotation": [-35, 0, 0],
			"translation": [0, 0, -4.5],
			"scale": [0.6, 0.6, 0.6]
		},
		"thirdperson_lefthand": {
			"rotation": [-35, 0, 0],
			"translation": [0, 0, -4.5],
			"scale": [0.6, 0.6, 0.6]
		},
		"firstperson_righthand": {
			"rotation": [-44, 0, 0]
		},
		"firstperson_lefthand": {
			"rotation": [-44, 0, 0]
		},
		"ground": {
			"translation": [0, 2.5, 0],
			"scale": [0.76, 0.76, 0.76]
		},
		"gui": {
			"rotation": [30, 225, 0],
			"translation": [0.75, 0, 0],
			"scale": [0.77, 0.77, 0.77]
		},
		"head": {
			"translation": [0, 8.5, 0],
			"scale": [1.85, 1.85, 1.85]
		}
	},
	"groups": [
		{
			"name": "group",
			"origin": [0, 0, 0],
			"color": 0,
			"children": [
				{
					"name": "group",
					"origin": [0, 0, 0],
					"color": 0,
					"children": [0, 1, 2, 3, 4, 5]
				},
				{
					"name": "group",
					"origin": [0, 0, 0],
					"color": 0,
					"children": [6, 7, 8]
				}
			]
		}
	]
}