{
	"credit": "Made with Blockbench",
	"texture_size": [64, 64],
	"textures": {
		"0": "item/chainsaw",
		"particle": "item/chainsaw"
	},
	"elements": [
		{
			"from": [2, 0, 12],
			"to": [14, 12, 24],
			"rotation": {"angle": 0, "axis": "y", "origin": [7, 4, 28.5]},
			"faces": {
				"north": {"uv": [3, 3, 6, 6], "texture": "#0"},
				"east": {"uv": [0, 3, 3, 6], "texture": "#0"},
				"south": {"uv": [9, 3, 12, 6], "texture": "#0"},
				"west": {"uv": [6, 3, 9, 6], "texture": "#0"},
				"up": {"uv": [6, 3, 3, 0], "texture": "#0"},
				"down": {"uv": [9, 0, 6, 3], "texture": "#0"}
			}
		},
		{
			"from": [8, 0, 24],
			"to": [12, 2, 32],
			"rotation": {"angle": 0, "axis": "y", "origin": [7, 4, 28.5]},
			"faces": {
				"north": {"uv": [2, 8.25, 3, 8.75], "texture": "#0"},
				"east": {"uv": [0, 8.25, 2, 8.75], "texture": "#0"},
				"south": {"uv": [5, 8.25, 6, 8.75], "texture": "#0"},
				"west": {"uv": [3, 8.25, 5, 8.75], "texture": "#0"},
				"up": {"uv": [3, 8.25, 2, 6.25], "texture": "#0"},
				"down": {"uv": [4, 6.25, 3, 8.25], "texture": "#0"}
			}
		},
		{
			"from": [8, 6, 24],
			"to": [12, 8, 30],
			"rotation": {"angle": 0, "axis": "y", "origin": [7, 4, 28.5]},
			"faces": {
				"north": {"uv": [10.75, 8.5, 11.75, 9], "texture": "#0"},
				"east": {"uv": [9.25, 8.5, 10.75, 9], "texture": "#0"},
				"south": {"uv": [13.25, 8.5, 14.25, 9], "texture": "#0"},
				"west": {"uv": [11.75, 8.5, 13.25, 9], "texture": "#0"},
				"up": {"uv": [11.75, 8.5, 10.75, 7], "texture": "#0"},
				"down": {"uv": [12.75, 7, 11.75, 8.5], "texture": "#0"}
			}
		},
		{
			"from": [8, 2, 30],
			"to": [12, 6, 32],
			"rotation": {"angle": 0, "axis": "y", "origin": [7, 4, 28.5]},
			"faces": {
				"north": {"uv": [6.75, 7, 7.75, 8], "texture": "#0"},
				"east": {"uv": [6.25, 7, 6.75, 8], "texture": "#0"},
				"south": {"uv": [8.25, 7, 9.25, 8], "texture": "#0"},
				"west": {"uv": [7.75, 7, 8.25, 8], "texture": "#0"},
				"up": {"uv": [7.75, 7, 6.75, 6.5], "texture": "#0"},
				"down": {"uv": [8.75, 6.5, 7.75, 7], "texture": "#0"}
			}
		},
		{
			"from": [4, 1, -16],
			"to": [4, 10, 12],
			"rotation": {"angle": 0, "axis": "y", "origin": [7, 4, 28.5]},
			"faces": {
				"north": {"uv": [7, 9.5, 7, 11.75], "texture": "#0"},
				"east": {"uv": [0, 9.5, 7, 11.75], "texture": "#0"},
				"south": {"uv": [14, 9.5, 14, 11.75], "texture": "#0"},
				"west": {"uv": [7, 9.5, 0, 11.75], "texture": "#0"},
				"up": {"uv": [7, 9.5, 7, 2.5], "texture": "#0"},
				"down": {"uv": [7, 2.5, 7, 9.5], "texture": "#0"}
			}
		},
		{
			"from": [3, 12, 10.65],
			"to": [13, 15, 10.65],
			"rotation": {"angle": -22.5, "axis": "x", "origin": [8, 15.5, 11.75]},
			"faces": {
				"north": {"uv": [7.75, 11, 10.25, 11.75], "texture": "#0"},
				"east": {"uv": [7.75, 11, 7.75, 11.75], "texture": "#0"},
				"south": {"uv": [7.75, 11, 10.25, 11.75], "texture": "#0"},
				"west": {"uv": [10.25, 11, 10.25, 11.75], "texture": "#0"},
				"up": {"uv": [10.25, 11, 7.75, 11], "texture": "#0"},
				"down": {"uv": [12.75, 11, 10.25, 11], "texture": "#0"}
			}
		},
		{
			"from": [3, 14.62, 10.93],
			"to": [13, 19.62, 10.93],
			"rotation": {"angle": 0, "axis": "x", "origin": [8, 15.5, 11.75]},
			"faces": {
				"north": {"uv": [7.75, 9.5, 10.25, 10.75], "texture": "#0"},
				"east": {"uv": [7.75, 9.5, 7.75, 10.75], "texture": "#0"},
				"south": {"uv": [7.75, 9.5, 10.25, 10.75], "texture": "#0"},
				"west": {"uv": [10.25, 9.5, 10.25, 10.75], "texture": "#0"},
				"up": {"uv": [10.25, 9.5, 7.75, 9.5], "texture": "#0"},
				"down": {"uv": [12.75, 9.5, 10.25, 9.5], "texture": "#0"}
			}
		},
		{
			"from": [1, 2, 15],
			"to": [2, 6, 17],
			"rotation": {"angle": -22.5, "axis": "x", "origin": [1.5, 4, 16]},
			"faces": {
				"north": {"uv": [1, 1.25, 1.25, 2.25], "texture": "#0"},
				"east": {"uv": [0.5, 1.25, 1, 2.25], "texture": "#0"},
				"south": {"uv": [1.75, 1.25, 2, 2.25], "texture": "#0"},
				"west": {"uv": [1.25, 1.25, 1.75, 2.25], "texture": "#0"},
				"up": {"uv": [1.25, 1.25, 1, 0.75], "texture": "#0"},
				"down": {"uv": [1.5, 0.75, 1.25, 1.25], "texture": "#0"}
			}
		}
	],
	"gui_light": "front",
	"display": {
		"thirdperson_righthand": {
			"translation": [-1.5, 1.25, -11.25],
			"scale": [0.7, 0.7, 0.7]
		},
		"thirdperson_lefthand": {
			"translation": [1.5, 1.25, -11.25],
			"scale": [0.7, 0.7, 0.7]
		},
		"firstperson_righthand": {
			"rotation": [27, 0, -9],
			"translation": [0, 2.5, 0],
			"scale": [0.85, 0.85, 0.85]
		},
		"firstperson_lefthand": {
			"rotation": [27, 0, -9],
			"translation": [0, 2.5, 0],
			"scale": [0.85, 0.85, 0.85]
		},
		"ground": {
			"scale": [0.4, 0.4, 0.4]
		},
		"gui": {
			"rotation": [109, -49.75, 90],
			"translation": [-0.5, 1, 0],
			"scale": [0.4, 0.4, 0.4]
		},
		"fixed": {
			"rotation": [91.08, 56.51, -93.13],
			"translation": [0.25, 1.75, -1.5],
			"scale": [0.45, 0.45, 0.45]
		}
	},
	"groups": [
		{
			"name": "group",
			"origin": [0, 0, 0],
			"color": 0,
			"children": [0, 1, 2, 3, 4, 5, 6, 7]
		}
	]
}