{
	"credit": "Made with Blockbench",
	"texture_size": [64, 64],
	"textures": {
		"0": "item/hats/cowboy_hat",
		"particle": "item/hats/cowboy_hat"
	},
	"elements": [
		{
			"from": [1, 0, 0],
			"to": [15, 0, 16],
			"faces": {
				"north": {"uv": [0, 4, 3.5, 4], "texture": "#0"},
				"east": {"uv": [-4, 4, 0, 4], "texture": "#0"},
				"south": {"uv": [7.5, 4, 11, 4], "texture": "#0"},
				"west": {"uv": [3.5, 4, 7.5, 4], "texture": "#0"},
				"up": {"uv": [3.5, 4, 0, 0], "texture": "#0"},
				"down": {"uv": [7, 0, 3.5, 4], "texture": "#0"}
			}
		},
		{
			"from": [-3.6, 1.4, 0],
			"to": [0.4, 1.4, 16],
			"rotation": {"angle": -45, "axis": "z", "origin": [-1, 0, 8]},
			"faces": {
				"north": {"uv": [8.75, 4, 9.75, 4], "texture": "#0"},
				"east": {"uv": [4.75, 4, 8.75, 4], "texture": "#0"},
				"south": {"uv": [13.75, 4, 14.75, 4], "texture": "#0"},
				"west": {"uv": [9.75, 4, 13.75, 4], "texture": "#0"},
				"up": {"uv": [8.75, 4, 9.75, 0], "texture": "#0"},
				"down": {"uv": [7.75, 0, 8.75, 4], "texture": "#0"}
			}
		},
		{
			"from": [15.6, 1.4, 0],
			"to": [19.6, 1.4, 16],
			"rotation": {"angle": 45, "axis": "z", "origin": [17, 0, 8]},
			"faces": {
				"north": {"uv": [8.75, 4, 9.75, 4], "texture": "#0"},
				"east": {"uv": [4.75, 4, 8.75, 4], "texture": "#0"},
				"south": {"uv": [13.75, 4, 14.75, 4], "texture": "#0"},
				"west": {"uv": [9.75, 4, 13.75, 4], "texture": "#0"},
				"up": {"uv": [9.75, 4, 8.75, 0], "texture": "#0"},
				"down": {"uv": [8.75, 0, 7.75, 4], "texture": "#0"}
			}
		},
		{
			"from": [4, 3, 3],
			"to": [12, 6, 13],
			"faces": {
				"north": {"uv": [2.5, 9.75, 4.5, 10.5], "texture": "#0"},
				"east": {"uv": [0, 9.75, 2.5, 10.5], "texture": "#0"},
				"south": {"uv": [7, 9.75, 9, 10.5], "texture": "#0"},
				"west": {"uv": [4.5, 9.75, 7, 10.5], "texture": "#0"},
				"up": {"uv": [4.5, 9.75, 2.5, 7.25], "texture": "#0"},
				"down": {"uv": [6.5, 7.25, 4.5, 9.75], "texture": "#0"}
			}
		},
		{
			"from": [3, 0, 3],
			"to": [13, 3, 13],
			"faces": {
				"north": {"uv": [2.5, 6.5, 5, 7.25], "texture": "#0"},
				"east": {"uv": [0, 6.5, 2.5, 7.25], "texture": "#0"},
				"south": {"uv": [7.5, 6.5, 10, 7.25], "texture": "#0"},
				"west": {"uv": [5, 6.5, 7.5, 7.25], "texture": "#0"},
				"up": {"uv": [5, 6.5, 2.5, 4], "texture": "#0"},
				"down": {"uv": [7.5, 4, 5, 6.5], "texture": "#0"}
			}
		}
	],
	"gui_light": "front",
	"display": {
		"thirdperson_righthand": {
			"rotation": [0, 0, -37],
			"translation": [3, 3, -4],
			"scale": [0.74, 0.74, 0.74]
		},
		"thirdperson_lefthand": {
			"rotation": [0, 0, -37],
			"translation": [3, 3, -4],
			"scale": [0.74, 0.74, 0.74]
		},
		"firstperson_righthand": {
			"rotation": [0, -90, 25],
			"translation": [1.13, 5.45, 1.13],
			"scale": [0.68, 0.68, 0.68]
		},
		"firstperson_lefthand": {
			"rotation": [0, -90, 25],
			"translation": [1.13, 5.45, 1.13],
			"scale": [0.68, 0.68, 0.68]
		},
		"ground": {
			"translation": [0, 3, 0],
			"scale": [0.8, 0.8, 0.8]
		},
		"gui": {
			"rotation": [32, 225, 0],
			"translation": [0, 3.25, 0],
			"scale": [0.71, 0.71, 0.71]
		},
		"head": {
			"translation": [0, 15.25, 0],
			"scale": [1.55, 1.55, 1.55]
		},
		"fixed": {
			"translation": [0, 4.75, 1.75]
		}
	}
}