{
	"credit": "Made with Blockbench",
	"texture_size": [32, 32],
	"textures": {
		"0": "item/hats/cultist_cosplay",
		"particle": "item/hats/cultist_cosplay"
	},
	"elements": [
		{
			"from": [4, 0, 4],
			"to": [12, 8, 12],
			"faces": {
				"north": {"uv": [4, 4, 8, 8], "texture": "#0"},
				"east": {"uv": [0, 4, 4, 8], "texture": "#0"},
				"south": {"uv": [12, 4, 16, 8], "texture": "#0"},
				"west": {"uv": [8, 4, 12, 8], "texture": "#0"},
				"up": {"uv": [8, 4, 4, 0], "texture": "#0"},
				"down": {"uv": [12, 0, 8, 4], "texture": "#0"}
			}
		}
	],
	"display": {
		"thirdperson_righthand": {
			"translation": [0, 3, 1],
			"scale": [0.55, 0.55, 0.55]
		},
		"thirdperson_lefthand": {
			"translation": [0, 3, 1],
			"scale": [0.55, 0.55, 0.55]
		},
		"firstperson_righthand": {
			"rotation": [0, 136, -7],
			"translation": [-0.87, 6.7, 1.13],
			"scale": [0.68, 0.68, 0.68]
		},
		"firstperson_lefthand": {
			"rotation": [0, 136, -7],
			"translation": [-0.87, 6.7, 1.13],
			"scale": [0.68, 0.68, 0.68]
		},
		"ground": {
			"translation": [0, 3.75, 0],
			"scale": [0.94, 0.94, 0.94]
		},
		"gui": {
			"rotation": [30, -147, 0],
			"translation": [0, 3, 0],
			"scale": [0.88, 0.88, 0.88]
		},
		"head": {
			"translation": [0, 8.75, 0],
			"scale": [1.92, 1.92, 1.92]
		},
		"fixed": {
			"translation": [0, 5.25, 0.5],
			"scale": [1.33, 1.33, 1.33]
		}
	}
}