{
	"credit": "Made with Blockbench",
	"texture_size": [64, 64],
	"textures": {
		"0": "item/hats/dunce_cap",
		"particle": "item/hats/dunce_cap"
	},
	"elements": [
		{
			"from": [4, 0, 4],
			"to": [12, 3, 12],
			"faces": {
				"north": {"uv": [2, 2, 4, 2.75], "texture": "#0"},
				"east": {"uv": [0, 2, 2, 2.75], "texture": "#0"},
				"south": {"uv": [6, 2, 8, 2.75], "texture": "#0"},
				"west": {"uv": [4, 2, 6, 2.75], "texture": "#0"},
				"up": {"uv": [4, 2, 2, 0], "texture": "#0"},
				"down": {"uv": [6, 0, 4, 2], "texture": "#0"}
			}
		},
		{
			"from": [5, 3, 5],
			"to": [11, 11, 11],
			"faces": {
				"north": {"uv": [1.5, 4.75, 3, 6.75], "texture": "#0"},
				"east": {"uv": [0, 4.75, 1.5, 6.75], "texture": "#0"},
				"south": {"uv": [4.5, 4.75, 6, 6.75], "texture": "#0"},
				"west": {"uv": [3, 4.75, 4.5, 6.75], "texture": "#0"},
				"up": {"uv": [3, 4.75, 1.5, 3.25], "texture": "#0"},
				"down": {"uv": [4.5, 3.25, 3, 4.75], "texture": "#0"}
			}
		},
		{
			"from": [6, 11, 6],
			"to": [10, 17, 10],
			"rotation": {"angle": 0, "axis": "z", "origin": [8, 14, 8]},
			"faces": {
				"north": {"uv": [6, 6.75, 7, 8.25], "texture": "#0"},
				"east": {"uv": [5, 6.75, 6, 8.25], "texture": "#0"},
				"south": {"uv": [8, 6.75, 9, 8.25], "texture": "#0"},
				"west": {"uv": [7, 6.75, 8, 8.25], "texture": "#0"},
				"up": {"uv": [7, 6.75, 6, 5.75], "texture": "#0"},
				"down": {"uv": [8, 5.75, 7, 6.75], "texture": "#0"}
			}
		},
		{
			"from": [7, 17, 7],
			"to": [9, 21, 9],
			"faces": {
				"north": {"uv": [0.5, 0.5, 1, 1.5], "texture": "#0"},
				"east": {"uv": [0, 0.5, 0.5, 1.5], "texture": "#0"},
				"south": {"uv": [1.5, 0.5, 2, 1.5], "texture": "#0"},
				"west": {"uv": [1, 0.5, 1.5, 1.5], "texture": "#0"},
				"up": {"uv": [1, 0.5, 0.5, 0], "texture": "#0"},
				"down": {"uv": [1.5, 0, 1, 0.5], "texture": "#0"}
			}
		}
	],
	"gui_light": "front",
	"display": {
		"thirdperson_righthand": {
			"rotation": [0, 180, 0],
			"translation": [0, 2.75, 0],
			"scale": [0.46, 0.46, 0.46]
		},
		"thirdperson_lefthand": {
			"rotation": [0, 180, 0],
			"translation": [0, 2.75, 0],
			"scale": [0.46, 0.46, 0.46]
		},
		"firstperson_righthand": {
			"rotation": [0, 116, 0],
			"translation": [1.25, 3.75, 0],
			"scale": [0.6, 0.6, 0.6]
		},
		"firstperson_lefthand": {
			"rotation": [0, 116, 0],
			"translation": [1.25, 3.75, 0],
			"scale": [0.6, 0.6, 0.6]
		},
		"ground": {
			"translation": [0, 0.75, 0],
			"scale": [0.6, 0.6, 0.6]
		},
		"gui": {
			"rotation": [25, -157, 0],
			"translation": [0, -0.75, 0],
			"scale": [0.6, 0.6, 0.6]
		},
		"head": {
			"translation": [0, 15.75, 0],
			"scale": [1.4, 1.4, 1.4]
		},
		"fixed": {
			"translation": [0, -1.5, 0]
		}
	},
	"groups": [
		{
			"name": "group",
			"origin": [0, 0, 0],
			"color": 0,
			"children": [0, 1, 2, 3]
		}
	]
}