{
	"credit": "Made with Blockbench",
	"texture_size": [32, 32],
	"textures": {
		"0": "item/hats/error_hat",
		"particle": "item/hats/error_hat"
	},
	"elements": [
		{
			"from": [7, 5, 7],
			"to": [8, 11, 8],
			"faces": {
				"north": {"uv": [0.5, 5, 1, 8], "texture": "#0"},
				"east": {"uv": [0, 5, 0.5, 8], "texture": "#0"},
				"south": {"uv": [1.5, 5, 2, 8], "texture": "#0"},
				"west": {"uv": [1, 5, 1.5, 8], "texture": "#0"},
				"up": {"uv": [1, 5, 0.5, 4.5], "texture": "#0"},
				"down": {"uv": [1.5, 4.5, 1, 5], "texture": "#0"}
			}
		},
		{
			"from": [10, 5, 7],
			"to": [11, 11, 8],
			"faces": {
				"north": {"uv": [4.5, 2.5, 5, 5.5], "texture": "#0"},
				"east": {"uv": [4, 2.5, 4.5, 5.5], "texture": "#0"},
				"south": {"uv": [5.5, 2.5, 6, 5.5], "texture": "#0"},
				"west": {"uv": [5, 2.5, 5.5, 5.5], "texture": "#0"},
				"up": {"uv": [5, 2.5, 4.5, 2], "texture": "#0"},
				"down": {"uv": [5.5, 2, 5, 2.5], "texture": "#0"}
			}
		},
		{
			"from": [7, 4, 7],
			"to": [11, 5, 8],
			"faces": {
				"north": {"uv": [4.5, 1.5, 6.5, 2], "texture": "#0"},
				"east": {"uv": [4, 1.5, 4.5, 2], "texture": "#0"},
				"south": {"uv": [7, 1.5, 9, 2], "texture": "#0"},
				"west": {"uv": [6.5, 1.5, 7, 2], "texture": "#0"},
				"up": {"uv": [6.5, 1.5, 4.5, 1], "texture": "#0"},
				"down": {"uv": [8.5, 1, 6.5, 1.5], "texture": "#0"}
			}
		},
		{
			"from": [7, 11, 7],
			"to": [11, 12, 8],
			"faces": {
				"north": {"uv": [4.5, 0.5, 6.5, 1], "texture": "#0"},
				"east": {"uv": [4, 0.5, 4.5, 1], "texture": "#0"},
				"south": {"uv": [7, 0.5, 9, 1], "texture": "#0"},
				"west": {"uv": [6.5, 0.5, 7, 1], "texture": "#0"},
				"up": {"uv": [6.5, 0.5, 4.5, 0], "texture": "#0"},
				"down": {"uv": [8.5, 0, 6.5, 0.5], "texture": "#0"}
			}
		},
		{
			"from": [2, 4, 7],
			"to": [3, 12, 8],
			"faces": {
				"north": {"uv": [2.5, 0.5, 3, 4.5], "texture": "#0"},
				"east": {"uv": [2, 0.5, 2.5, 4.5], "texture": "#0"},
				"south": {"uv": [3.5, 0.5, 4, 4.5], "texture": "#0"},
				"west": {"uv": [3, 0.5, 3.5, 4.5], "texture": "#0"},
				"up": {"uv": [3, 0.5, 2.5, 0], "texture": "#0"},
				"down": {"uv": [3.5, 0, 3, 0.5], "texture": "#0"}
			}
		},
		{
			"from": [5, 8, 7],
			"to": [6, 12, 8],
			"faces": {
				"north": {"uv": [6, 6.5, 6.5, 8.5], "texture": "#0"},
				"east": {"uv": [5.5, 6.5, 6, 8.5], "texture": "#0"},
				"south": {"uv": [7, 6.5, 7.5, 8.5], "texture": "#0"},
				"west": {"uv": [6.5, 6.5, 7, 8.5], "texture": "#0"},
				"up": {"uv": [6.5, 6.5, 6, 6], "texture": "#0"},
				"down": {"uv": [7, 6, 6.5, 6.5], "texture": "#0"}
			}
		},
		{
			"from": [3, 7, 7],
			"to": [6, 8, 8],
			"faces": {
				"north": {"uv": [6, 5.5, 7.5, 6], "texture": "#0"},
				"east": {"uv": [5.5, 5.5, 6, 6], "texture": "#0"},
				"south": {"uv": [8, 5.5, 9.5, 6], "texture": "#0"},
				"west": {"uv": [7.5, 5.5, 8, 6], "texture": "#0"},
				"up": {"uv": [7.5, 5.5, 6, 5], "texture": "#0"},
				"down": {"uv": [9, 5, 7.5, 5.5], "texture": "#0"}
			}
		},
		{
			"from": [12, 4, 7],
			"to": [13, 12, 8],
			"faces": {
				"north": {"uv": [0.5, 0.5, 1, 4.5], "texture": "#0"},
				"east": {"uv": [0, 0.5, 0.5, 4.5], "texture": "#0"},
				"south": {"uv": [1.5, 0.5, 2, 4.5], "texture": "#0"},
				"west": {"uv": [1, 0.5, 1.5, 4.5], "texture": "#0"},
				"up": {"uv": [1, 0.5, 0.5, 0], "texture": "#0"},
				"down": {"uv": [1.5, 0, 1, 0.5], "texture": "#0"}
			}
		},
		{
			"from": [15, 8, 7],
			"to": [16, 12, 8],
			"faces": {
				"north": {"uv": [6.5, 2.5, 7, 4.5], "texture": "#0"},
				"east": {"uv": [6, 2.5, 6.5, 4.5], "texture": "#0"},
				"south": {"uv": [7.5, 2.5, 8, 4.5], "texture": "#0"},
				"west": {"uv": [7, 2.5, 7.5, 4.5], "texture": "#0"},
				"up": {"uv": [7, 2.5, 6.5, 2], "texture": "#0"},
				"down": {"uv": [7.5, 2, 7, 2.5], "texture": "#0"}
			}
		},
		{
			"from": [13, 7, 7],
			"to": [16, 8, 8],
			"faces": {
				"north": {"uv": [2.5, 6, 4, 6.5], "texture": "#0"},
				"east": {"uv": [2, 6, 2.5, 6.5], "texture": "#0"},
				"south": {"uv": [4.5, 6, 6, 6.5], "texture": "#0"},
				"west": {"uv": [4, 6, 4.5, 6.5], "texture": "#0"},
				"up": {"uv": [4, 6, 2.5, 5.5], "texture": "#0"},
				"down": {"uv": [5.5, 5.5, 4, 6], "texture": "#0"}
			}
		},
		{
			"from": [1, 1, 6],
			"to": [14, 3, 9],
			"faces": {
				"north": {"uv": [1.5, 15, 8, 16], "texture": "#0"},
				"east": {"uv": [0, 15, 1.5, 16], "texture": "#0"},
				"south": {"uv": [9.5, 15, 16, 16], "texture": "#0"},
				"west": {"uv": [8, 15, 9.5, 16], "texture": "#0"},
				"up": {"uv": [8, 15, 1.5, 13.5], "texture": "#0"},
				"down": {"uv": [14.5, 13.5, 8, 15], "texture": "#0"}
			}
		}
	],
	"gui_light": "front",
	"display": {
		"thirdperson_righthand": {
			"rotation": [0, -180, 0],
			"translation": [0, 3, 1],
			"scale": [0.37, 0.37, 0.37]
		},
		"thirdperson_lefthand": {
			"rotation": [0, 180, 0],
			"translation": [0, 3, 1],
			"scale": [0.37, 0.37, 0.37]
		},
		"firstperson_righthand": {
			"rotation": [0, -180, 0],
			"translation": [-1.87, 5.2, 1.13],
			"scale": [0.68, 0.68, 0.68]
		},
		"firstperson_lefthand": {
			"rotation": [0, -180, 0],
			"translation": [-1.87, 5.2, 1.13],
			"scale": [0.68, 0.68, 0.68]
		},
		"ground": {
			"translation": [0, 3.5, 0],
			"scale": [0.89, 0.89, 0.89]
		},
		"gui": {
			"rotation": [0, -180, 0],
			"translation": [0.5, 0.5, 0],
			"scale": [0.86, 0.86, 0.86]
		},
		"head": {
			"rotation": [-6, -20, -15],
			"translation": [1.75, 15.5, -4]
		},
		"fixed": {
			"translation": [0, 0.75, 0]
		}
	},
	"groups": [
		{
			"name": "group",
			"origin": [0, 0, 0],
			"color": 0,
			"children": [
				{
					"name": "group",
					"origin": [0, 0, 0],
					"color": 0,
					"children": [0, 1, 2, 3]
				},
				{
					"name": "group",
					"origin": [0, 0, 0],
					"color": 0,
					"children": [4, 5, 6]
				},
				{
					"name": "group",
					"origin": [0, 0, 0],
					"color": 0,
					"children": [7, 8, 9]
				}
			]
		},
		10
	]
}