{
	"credit": "Made with Blockbench",
	"texture_size": [55, 55],
	"textures": {
		"0": "item/hats/floatie_hat",
		"particle": "item/hats/floatie_hat"
	},
	"elements": [
		{
			"from": [2, -1, 0],
			"to": [14, 4, 4],
			"faces": {
				"north": {"uv": [6.98182, 6.10909, 10.47273, 7.56364], "texture": "#0"},
				"east": {"uv": [5.81818, 6.10909, 6.98182, 7.56364], "texture": "#0"},
				"south": {"uv": [11.63636, 6.10909, 15.12727, 7.56364], "texture": "#0"},
				"west": {"uv": [10.47273, 6.10909, 11.63636, 7.56364], "texture": "#0"},
				"up": {"uv": [10.47273, 6.10909, 6.98182, 4.94545], "texture": "#0"},
				"down": {"uv": [13.96364, 4.94545, 10.47273, 6.10909], "texture": "#0"}
			}
		},
		{
			"from": [5, 4, -1],
			"to": [11, 10, 5],
			"faces": {
				"north": {"uv": [9.30909, 9.89091, 11.05455, 11.63636], "texture": "#0"},
				"east": {"uv": [7.56364, 9.89091, 9.30909, 11.63636], "texture": "#0"},
				"south": {"uv": [12.8, 9.89091, 14.54545, 11.63636], "texture": "#0"},
				"west": {"uv": [11.05455, 9.89091, 12.8, 11.63636], "texture": "#0"},
				"up": {"uv": [11.05455, 9.89091, 9.30909, 8.14545], "texture": "#0"},
				"down": {"uv": [12.8, 8.14545, 11.05455, 9.89091], "texture": "#0"}
			}
		},
		{
			"from": [5, 5, -4],
			"to": [11, 7, -1],
			"faces": {
				"north": {"uv": [10.18182, 12.50909, 11.92727, 13.09091], "texture": "#0"},
				"east": {"uv": [9.30909, 12.50909, 10.18182, 13.09091], "texture": "#0"},
				"south": {"uv": [12.8, 12.50909, 14.54545, 13.09091], "texture": "#0"},
				"west": {"uv": [11.92727, 12.50909, 12.8, 13.09091], "texture": "#0"},
				"up": {"uv": [11.92727, 12.50909, 10.18182, 11.63636], "texture": "#0"},
				"down": {"uv": [13.67273, 11.63636, 11.92727, 12.50909], "texture": "#0"}
			}
		},
		{
			"from": [5, 1, 16],
			"to": [11, 6, 18],
			"faces": {
				"north": {"uv": [9.89091, 3.2, 11.63636, 4.65455], "texture": "#0"},
				"east": {"uv": [9.30909, 3.2, 9.89091, 4.65455], "texture": "#0"},
				"south": {"uv": [12.21818, 3.2, 13.96364, 4.65455], "texture": "#0"},
				"west": {"uv": [11.63636, 3.2, 12.21818, 4.65455], "texture": "#0"},
				"up": {"uv": [11.63636, 3.2, 9.89091, 2.61818], "texture": "#0"},
				"down": {"uv": [13.38182, 2.61818, 11.63636, 3.2], "texture": "#0"}
			}
		},
		{
			"from": [2, -1, 12],
			"to": [14, 4, 16],
			"faces": {
				"north": {"uv": [6.98182, 1.16364, 10.47273, 2.61818], "texture": "#0"},
				"east": {"uv": [5.81818, 1.16364, 6.98182, 2.61818], "texture": "#0"},
				"south": {"uv": [11.63636, 1.16364, 15.12727, 2.61818], "texture": "#0"},
				"west": {"uv": [10.47273, 1.16364, 11.63636, 2.61818], "texture": "#0"},
				"up": {"uv": [10.47273, 1.16364, 6.98182, 0], "texture": "#0"},
				"down": {"uv": [13.96364, 0, 10.47273, 1.16364], "texture": "#0"}
			}
		},
		{
			"from": [0, 0, 2],
			"to": [4, 5, 14],
			"faces": {
				"north": {"uv": [3.49091, 8.43636, 4.65455, 9.89091], "texture": "#0"},
				"east": {"uv": [0, 8.43636, 3.49091, 9.89091], "texture": "#0"},
				"south": {"uv": [8.14545, 8.43636, 9.30909, 9.89091], "texture": "#0"},
				"west": {"uv": [4.65455, 8.43636, 8.14545, 9.89091], "texture": "#0"},
				"up": {"uv": [4.65455, 8.43636, 3.49091, 4.94545], "texture": "#0"},
				"down": {"uv": [5.81818, 4.94545, 4.65455, 8.43636], "texture": "#0"}
			}
		},
		{
			"from": [0, -1, 4],
			"to": [4, 0, 12],
			"faces": {
				"north": {"uv": [6.98182, 13.96364, 8.14545, 14.25455], "texture": "#0"},
				"east": {"uv": [4.65455, 13.96364, 6.98182, 14.25455], "texture": "#0"},
				"south": {"uv": [10.47273, 13.96364, 11.63636, 14.25455], "texture": "#0"},
				"west": {"uv": [8.14545, 13.96364, 10.47273, 14.25455], "texture": "#0"},
				"up": {"uv": [8.14545, 13.96364, 6.98182, 11.63636], "texture": "#0"},
				"down": {"uv": [9.30909, 11.63636, 8.14545, 13.96364], "texture": "#0"}
			}
		},
		{
			"from": [12, -1, 4],
			"to": [16, 0, 12],
			"faces": {
				"north": {"uv": [2.32727, 12.21818, 3.49091, 12.50909], "texture": "#0"},
				"east": {"uv": [0, 12.21818, 2.32727, 12.50909], "texture": "#0"},
				"south": {"uv": [5.81818, 12.21818, 6.98182, 12.50909], "texture": "#0"},
				"west": {"uv": [3.49091, 12.21818, 5.81818, 12.50909], "texture": "#0"},
				"up": {"uv": [3.49091, 12.21818, 2.32727, 9.89091], "texture": "#0"},
				"down": {"uv": [4.65455, 9.89091, 3.49091, 12.21818], "texture": "#0"}
			}
		},
		{
			"from": [12, 0, 2],
			"to": [16, 5, 14],
			"faces": {
				"north": {"uv": [3.49091, 3.49091, 4.65455, 4.94545], "texture": "#0"},
				"east": {"uv": [0, 3.49091, 3.49091, 4.94545], "texture": "#0"},
				"south": {"uv": [8.14545, 3.49091, 9.30909, 4.94545], "texture": "#0"},
				"west": {"uv": [4.65455, 3.49091, 8.14545, 4.94545], "texture": "#0"},
				"up": {"uv": [4.65455, 3.49091, 3.49091, 0], "texture": "#0"},
				"down": {"uv": [5.81818, 0, 4.65455, 3.49091], "texture": "#0"}
			}
		}
	],
	"display": {
		"thirdperson_righthand": {
			"rotation": [13, 24, -95],
			"translation": [7.5, -2, 2.25],
			"scale": [0.8, 0.8, 0.8]
		},
		"thirdperson_lefthand": {
			"rotation": [13, 24, -95],
			"translation": [7.5, -2, 2.25],
			"scale": [0.8, 0.8, 0.8]
		},
		"firstperson_righthand": {
			"rotation": [-62, 20, -63],
			"translation": [7.25, 0, 0],
			"scale": [0.85, 0.85, 0.85]
		},
		"firstperson_lefthand": {
			"rotation": [-62, 20, -63],
			"translation": [7.25, 0, 0],
			"scale": [0.85, 0.85, 0.85]
		},
		"ground": {
			"translation": [0, 5, 0]
		},
		"gui": {
			"rotation": [30, -137, 0],
			"translation": [0, 2.25, 0],
			"scale": [0.67, 0.67, 0.67]
		},
		"head": {
			"translation": [0, 13.75, 0],
			"scale": [1.3, 1.3, 1.3]
		},
		"fixed": {
			"rotation": [-90, 0, 0],
			"translation": [0, 0, -16.25],
			"scale": [2, 2, 2]
		}
	},
	"groups": [
		{
			"name": "floatie",
			"origin": [0, 0, 0],
			"color": 0,
			"children": [0, 1, 2, 3, 4, 5, 6, 7, 8]
		}
	]
}