{
	"credit": "Made with Blockbench",
	"texture_size": [80, 80],
	"textures": {
		"0": "item/hats/flycraft",
		"particle": "item/hats/flycraft"
	},
	"elements": [
		{
			"from": [4, 8, 4],
			"to": [15, 15, 12],
			"rotation": {"angle": 22.5, "axis": "y", "origin": [8, 7, 8]},
			"faces": {
				"north": {"uv": [1.6, 9.2, 3.8, 10.6], "texture": "#0"},
				"east": {"uv": [0, 9.2, 1.6, 10.6], "texture": "#0"},
				"south": {"uv": [5.4, 9.2, 7.6, 10.6], "texture": "#0"},
				"west": {"uv": [3.8, 9.2, 5.4, 10.6], "texture": "#0"},
				"up": {"uv": [3.8, 9.2, 1.6, 7.6], "texture": "#0"},
				"down": {"uv": [6, 7.6, 3.8, 9.2], "texture": "#0"}
			}
		},
		{
			"from": [15, 9, 4],
			"to": [17, 14, 12],
			"rotation": {"angle": 22.5, "axis": "y", "origin": [8, 7, 8]},
			"faces": {
				"north": {"uv": [11.2, 5.6, 11.6, 6.6], "texture": "#0"},
				"east": {"uv": [9.6, 5.6, 11.2, 6.6], "texture": "#0"},
				"south": {"uv": [13.2, 5.6, 13.6, 6.6], "texture": "#0"},
				"west": {"uv": [11.6, 5.6, 13.2, 6.6], "texture": "#0"},
				"up": {"uv": [11.6, 5.6, 11.2, 4], "texture": "#0"},
				"down": {"uv": [12, 4, 11.6, 5.6], "texture": "#0"}
			}
		},
		{
			"from": [2, 10, 6.6],
			"to": [4, 13, 9.6],
			"rotation": {"angle": 22.5, "axis": "y", "origin": [8, 7, 8]},
			"faces": {
				"north": {"uv": [2.2, 0.6, 2.6, 1.2], "texture": "#0"},
				"east": {"uv": [1.6, 0.6, 2.2, 1.2], "texture": "#0"},
				"south": {"uv": [3.2, 0.6, 3.6, 1.2], "texture": "#0"},
				"west": {"uv": [2.6, 0.6, 3.2, 1.2], "texture": "#0"},
				"up": {"uv": [2.6, 0.6, 2.2, 0], "texture": "#0"},
				"down": {"uv": [3, 0, 2.6, 0.6], "texture": "#0"}
			}
		},
		{
			"name": "fire",
			"from": [-10, 7, 8.1],
			"to": [2, 17, 8.1],
			"rotation": {"angle": 22.5, "axis": "y", "origin": [8, 7, 8]},
			"faces": {
				"north": {"uv": [7.6, 7.6, 10, 9.6], "texture": "#0"},
				"east": {"uv": [7.6, 7.6, 7.6, 9.6], "texture": "#0"},
				"south": {"uv": [10, 7.6, 12.4, 9.6], "texture": "#0"},
				"west": {"uv": [10, 7.6, 10, 9.6], "texture": "#0"},
				"up": {"uv": [10, 7.6, 7.6, 7.6], "texture": "#0"},
				"down": {"uv": [12.4, 7.6, 10, 7.6], "texture": "#0"}
			}
		},
		{
			"from": [4, 15, 8.6],
			"to": [10, 18, 9.6],
			"rotation": {"angle": 22.5, "axis": "y", "origin": [5.5, 18, 10]},
			"faces": {
				"north": {"uv": [0.6, 14.6, 1.8, 15.2], "texture": "#0"},
				"east": {"uv": [0.4, 14.6, 0.6, 15.2], "texture": "#0"},
				"south": {"uv": [2, 14.6, 3.2, 15.2], "texture": "#0"},
				"west": {"uv": [1.8, 14.6, 2, 15.2], "texture": "#0"},
				"up": {"uv": [1.8, 14.6, 0.6, 14.4], "texture": "#0"},
				"down": {"uv": [3, 14.4, 1.8, 14.6], "texture": "#0"}
			}
		},
		{
			"from": [4, 18, 8.6],
			"to": [9, 20, 9.6],
			"rotation": {"angle": 22.5, "axis": "y", "origin": [5.5, 18, 10]},
			"faces": {
				"north": {"uv": [0.2, 12.2, 1.2, 12.6], "texture": "#0"},
				"east": {"uv": [0, 12.2, 0.2, 12.6], "texture": "#0"},
				"south": {"uv": [1.4, 12.2, 2.4, 12.6], "texture": "#0"},
				"west": {"uv": [1.2, 12.2, 1.4, 12.6], "texture": "#0"},
				"up": {"uv": [1.2, 12.2, 0.2, 12], "texture": "#0"},
				"down": {"uv": [2.2, 12, 1.2, 12.2], "texture": "#0"}
			}
		},
		{
			"from": [2, 10, 1],
			"to": [10, 11, 4],
			"rotation": {"angle": 22.5, "axis": "y", "origin": [8, 7, 8]},
			"faces": {
				"north": {"uv": [7.6, 11, 9.2, 11.2], "texture": "#0"},
				"east": {"uv": [7, 11, 7.6, 11.2], "texture": "#0"},
				"south": {"uv": [9.8, 11, 11.4, 11.2], "texture": "#0"},
				"west": {"uv": [9.2, 11, 9.8, 11.2], "texture": "#0"},
				"up": {"uv": [9.2, 11, 7.6, 10.4], "texture": "#0"},
				"down": {"uv": [10.8, 10.4, 9.2, 11], "texture": "#0"}
			}
		},
		{
			"from": [1, 10, -1],
			"to": [9, 11, 1],
			"rotation": {"angle": 22.5, "axis": "y", "origin": [8, 7, 8]},
			"faces": {
				"north": {"uv": [0.4, 11, 2, 11.2], "texture": "#0"},
				"east": {"uv": [0, 11, 0.4, 11.2], "texture": "#0"},
				"south": {"uv": [2.4, 11, 4, 11.2], "texture": "#0"},
				"west": {"uv": [2, 11, 2.4, 11.2], "texture": "#0"},
				"up": {"uv": [2, 11, 0.4, 10.6], "texture": "#0"},
				"down": {"uv": [3.6, 10.6, 2, 11], "texture": "#0"}
			}
		},
		{
			"from": [2, 10, 12],
			"to": [10, 11, 15],
			"rotation": {"angle": 22.5, "axis": "y", "origin": [8, 7, 8]},
			"faces": {
				"north": {"uv": [8.2, 10.2, 9.8, 10.4], "texture": "#0"},
				"east": {"uv": [7.6, 10.2, 8.2, 10.4], "texture": "#0"},
				"south": {"uv": [10.4, 10.2, 12, 10.4], "texture": "#0"},
				"west": {"uv": [9.8, 10.2, 10.4, 10.4], "texture": "#0"},
				"up": {"uv": [9.8, 10.2, 8.2, 9.6], "texture": "#0"},
				"down": {"uv": [11.4, 9.6, 9.8, 10.2], "texture": "#0"}
			}
		},
		{
			"from": [1, 10, 15],
			"to": [9, 11, 17],
			"rotation": {"angle": 22.5, "axis": "y", "origin": [8, 7, 8]},
			"faces": {
				"north": {"uv": [10, 7, 11.6, 7.2], "texture": "#0"},
				"east": {"uv": [9.6, 7, 10, 7.2], "texture": "#0"},
				"south": {"uv": [12, 7, 13.6, 7.2], "texture": "#0"},
				"west": {"uv": [11.6, 7, 12, 7.2], "texture": "#0"},
				"up": {"uv": [11.6, 7, 10, 6.6], "texture": "#0"},
				"down": {"uv": [13.2, 6.6, 11.6, 7], "texture": "#0"}
			}
		},
		{
			"from": [7, 2, 7],
			"to": [9, 11, 9],
			"faces": {
				"north": {"uv": [0.4, 0.4, 0.8, 2.2], "texture": "#0"},
				"east": {"uv": [0, 0.4, 0.4, 2.2], "texture": "#0"},
				"south": {"uv": [1.2, 0.4, 1.6, 2.2], "texture": "#0"},
				"west": {"uv": [0.8, 0.4, 1.2, 2.2], "texture": "#0"},
				"up": {"uv": [0.8, 0.4, 0.4, 0], "texture": "#0"},
				"down": {"uv": [1.2, 0, 0.8, 0.4], "texture": "#0"}
			}
		},
		{
			"from": [0, 0, 0],
			"to": [16, 2, 16],
			"faces": {
				"north": {"uv": [3.2, 7.2, 6.4, 7.6], "texture": "#0"},
				"east": {"uv": [0, 7.2, 3.2, 7.6], "texture": "#0"},
				"south": {"uv": [9.6, 7.2, 12.8, 7.6], "texture": "#0"},
				"west": {"uv": [6.4, 7.2, 9.6, 7.6], "texture": "#0"},
				"up": {"uv": [6.4, 7.2, 3.2, 4], "texture": "#0"},
				"down": {"uv": [9.6, 4, 6.4, 7.2], "texture": "#0"}
			}
		},
		{
			"from": [-1, -2, -1],
			"to": [17, 0, 17],
			"faces": {
				"north": {"uv": [3.6, 3.6, 7.2, 4], "texture": "#0"},
				"east": {"uv": [0, 3.6, 3.6, 4], "texture": "#0"},
				"south": {"uv": [10.8, 3.6, 14.4, 4], "texture": "#0"},
				"west": {"uv": [7.2, 3.6, 10.8, 4], "texture": "#0"},
				"up": {"uv": [7.2, 3.6, 3.6, 0], "texture": "#0"},
				"down": {"uv": [10.8, 0, 7.2, 3.6], "texture": "#0"}
			}
		}
	],
	"display": {
		"thirdperson_righthand": {
			"scale": [0.31, 0.31, 0.31]
		},
		"thirdperson_lefthand": {
			"scale": [0.31, 0.31, 0.31]
		},
		"firstperson_righthand": {
			"scale": [0.45, 0.45, 0.45]
		},
		"firstperson_lefthand": {
			"scale": [0.45, 0.45, 0.45]
		},
		"ground": {
			"scale": [0.37, 0.37, 0.37]
		},
		"gui": {
			"rotation": [21, -64, 0],
			"scale": [0.47, 0.47, 0.47]
		},
		"head": {
			"translation": [0, 14.5, 0],
			"scale": [0.85, 0.85, 0.85]
		},
		"fixed": {
			"rotation": [-90, 0, 0],
			"translation": [0, 0, -9]
		}
	},
	"groups": [
		{
			"name": "group",
			"origin": [0, 0, 0],
			"color": 0,
			"children": [
				{
					"name": "craft",
					"origin": [8, 7, 8],
					"color": 0,
					"children": [
						0,
						1,
						2,
						3,
						4,
						5,
						{
							"name": "wing1",
							"origin": [8, 7, 8],
							"color": 0,
							"children": [6, 7]
						},
						{
							"name": "wing2",
							"origin": [8, 7, 8],
							"color": 0,
							"children": [8, 9]
						}
					]
				},
				{
					"name": "stand",
					"origin": [0, 0, 0],
					"color": 0,
					"children": [10, 11, 12]
				}
			]
		}
	]
}