{
	"credit": "Made with Blockbench",
	"texture_size": [64, 64],
	"textures": {
		"0": "item/hats/giftbox_hat",
		"particle": "item/hats/giftbox_hat"
	},
	"elements": [
		{
			"from": [0, 0, 0],
			"to": [16, 13, 16],
			"faces": {
				"north": {"uv": [4, 4, 8, 7.25], "texture": "#0"},
				"east": {"uv": [0, 4, 4, 7.25], "texture": "#0"},
				"south": {"uv": [12, 4, 16, 7.25], "texture": "#0"},
				"west": {"uv": [8, 4, 12, 7.25], "texture": "#0"},
				"up": {"uv": [8, 4, 4, 0], "texture": "#0"},
				"down": {"uv": [12, 0, 8, 4], "texture": "#0"}
			}
		},
		{
			"from": [0, 20, -13],
			"to": [16, 23, 3],
			"rotation": {"angle": 45, "axis": "x", "origin": [0, 0, 0]},
			"faces": {
				"north": {"uv": [4, 15.25, 8, 16], "texture": "#0"},
				"east": {"uv": [0, 15.25, 4, 16], "texture": "#0"},
				"south": {"uv": [12, 15.25, 16, 16], "texture": "#0"},
				"west": {"uv": [8, 15.25, 12, 16], "texture": "#0"},
				"up": {"uv": [8, 15.25, 4, 11.25], "texture": "#0"},
				"down": {"uv": [12, 11.25, 8, 15.25], "texture": "#0"}
			}
		},
		{
			"from": [-1, 21, -4],
			"to": [17, 31, -4],
			"rotation": {"angle": 45, "axis": "x", "origin": [0, 0, 0]},
			"faces": {
				"north": {"uv": [0, 8.25, 4.5, 10.75], "texture": "#0"},
				"east": {"uv": [0, 8.25, 0, 10.75], "texture": "#0"},
				"south": {"uv": [4.5, 8.25, 9, 10.75], "texture": "#0"},
				"west": {"uv": [4.5, 8.25, 4.5, 10.75], "texture": "#0"},
				"up": {"uv": [4.5, 8.25, 0, 8.25], "texture": "#0"},
				"down": {"uv": [9, 8.25, 4.5, 8.25], "texture": "#0"}
			}
		}
	],
	"display": {
		"thirdperson_righthand": {
			"rotation": [34, 0, 0],
			"translation": [0, 1.25, -2.25],
			"scale": [0.42, 0.42, 0.42]
		},
		"thirdperson_lefthand": {
			"rotation": [34, 0, 0],
			"translation": [0, 1.25, -2.25],
			"scale": [0.42, 0.42, 0.42]
		},
		"firstperson_righthand": {
			"translation": [0, 0, 2.25],
			"scale": [0.5, 0.5, 0.5]
		},
		"firstperson_lefthand": {
			"translation": [0, 0, 2.25],
			"scale": [0.5, 0.5, 0.5]
		},
		"ground": {
			"scale": [0.4, 0.4, 0.4]
		},
		"gui": {
			"rotation": [27, -142, 0],
			"translation": [0.5, -2, 0],
			"scale": [0.46, 0.46, 0.46]
		},
		"head": {
			"rotation": [-9.5, 0, 0],
			"translation": [0, -2.25, -0.5]
		},
		"fixed": {
			"rotation": [-48, 0, 0],
			"translation": [0, -2, 0],
			"scale": [0.58, 0.58, 0.58]
		}
	},
	"groups": [
		{
			"name": "group",
			"origin": [0, 0, 0],
			"color": 0,
			"children": [0, 1, 2]
		}
	]
}