{
	"credit": "Made with Blockbench",
	"texture_size": [64, 32],
	"textures": {
		"0": "item/hats/gold_crown",
		"particle": "item/hats/gold_crown"
	},
	"elements": [
		{
			"from": [0, 0, 0],
			"to": [16, 2, 1],
			"faces": {
				"north": {"uv": [4.25, 2, 8.25, 3], "texture": "#0"},
				"east": {"uv": [4, 2, 4.25, 3], "texture": "#0"},
				"south": {"uv": [8.5, 2, 12.5, 3], "texture": "#0"},
				"west": {"uv": [8.25, 2, 8.5, 3], "texture": "#0"},
				"up": {"uv": [8.25, 2, 4.25, 1.5], "texture": "#0"},
				"down": {"uv": [12.25, 1.5, 8.25, 2], "texture": "#0"}
			}
		},
		{
			"from": [14, 2, 0],
			"to": [16, 4, 1],
			"faces": {
				"north": {"uv": [4.25, 10, 4.75, 11], "texture": "#0"},
				"east": {"uv": [4, 10, 4.25, 11], "texture": "#0"},
				"south": {"uv": [5, 10, 5.5, 11], "texture": "#0"},
				"west": {"uv": [4.75, 10, 5, 11], "texture": "#0"},
				"up": {"uv": [4.75, 10, 4.25, 9.5], "texture": "#0"},
				"down": {"uv": [5.25, 9.5, 4.75, 10], "texture": "#0"}
			}
		},
		{
			"from": [15, 2, 0],
			"to": [16, 4, 2],
			"faces": {
				"north": {"uv": [2.5, 5, 2.75, 6], "texture": "#0"},
				"east": {"uv": [2, 5, 2.5, 6], "texture": "#0"},
				"south": {"uv": [3.25, 5, 3.5, 6], "texture": "#0"},
				"west": {"uv": [2.75, 5, 3.25, 6], "texture": "#0"},
				"up": {"uv": [2.75, 5, 2.5, 4], "texture": "#0"},
				"down": {"uv": [3, 4, 2.75, 5], "texture": "#0"}
			}
		},
		{
			"from": [10, 2, 0],
			"to": [12, 4, 1],
			"faces": {
				"north": {"uv": [1.75, 10, 2.25, 11], "texture": "#0"},
				"east": {"uv": [1.5, 10, 1.75, 11], "texture": "#0"},
				"south": {"uv": [2.5, 10, 3, 11], "texture": "#0"},
				"west": {"uv": [2.25, 10, 2.5, 11], "texture": "#0"},
				"up": {"uv": [2.25, 10, 1.75, 9.5], "texture": "#0"},
				"down": {"uv": [2.75, 9.5, 2.25, 10], "texture": "#0"}
			}
		},
		{
			"from": [4, 2, 0],
			"to": [6, 4, 1],
			"faces": {
				"north": {"uv": [0.25, 10, 0.75, 11], "texture": "#0"},
				"east": {"uv": [0, 10, 0.25, 11], "texture": "#0"},
				"south": {"uv": [1, 10, 1.5, 11], "texture": "#0"},
				"west": {"uv": [0.75, 10, 1, 11], "texture": "#0"},
				"up": {"uv": [0.75, 10, 0.25, 9.5], "texture": "#0"},
				"down": {"uv": [1.25, 9.5, 0.75, 10], "texture": "#0"}
			}
		},
		{
			"from": [4, 2, 15],
			"to": [6, 4, 16],
			"faces": {
				"north": {"uv": [4.25, 8.5, 4.75, 9.5], "texture": "#0"},
				"east": {"uv": [4, 8.5, 4.25, 9.5], "texture": "#0"},
				"south": {"uv": [5, 8.5, 5.5, 9.5], "texture": "#0"},
				"west": {"uv": [4.75, 8.5, 5, 9.5], "texture": "#0"},
				"up": {"uv": [4.75, 8.5, 4.25, 8], "texture": "#0"},
				"down": {"uv": [5.25, 8, 4.75, 8.5], "texture": "#0"}
			}
		},
		{
			"from": [10, 2, 15],
			"to": [12, 4, 16],
			"faces": {
				"north": {"uv": [4.25, 5, 4.75, 6], "texture": "#0"},
				"east": {"uv": [4, 5, 4.25, 6], "texture": "#0"},
				"south": {"uv": [5, 5, 5.5, 6], "texture": "#0"},
				"west": {"uv": [4.75, 5, 5, 6], "texture": "#0"},
				"up": {"uv": [4.75, 5, 4.25, 4.5], "texture": "#0"},
				"down": {"uv": [5.25, 4.5, 4.75, 5], "texture": "#0"}
			}
		},
		{
			"from": [14, 2, 15],
			"to": [16, 4, 16],
			"faces": {
				"north": {"uv": [4.25, 3.5, 4.75, 4.5], "texture": "#0"},
				"east": {"uv": [4, 3.5, 4.25, 4.5], "texture": "#0"},
				"south": {"uv": [5, 3.5, 5.5, 4.5], "texture": "#0"},
				"west": {"uv": [4.75, 3.5, 5, 4.5], "texture": "#0"},
				"up": {"uv": [4.75, 3.5, 4.25, 3], "texture": "#0"},
				"down": {"uv": [5.25, 3, 4.75, 3.5], "texture": "#0"}
			}
		},
		{
			"from": [15, 2, 14],
			"to": [16, 4, 16],
			"faces": {
				"north": {"uv": [2.5, 3, 2.75, 4], "texture": "#0"},
				"east": {"uv": [2, 3, 2.5, 4], "texture": "#0"},
				"south": {"uv": [3.25, 3, 3.5, 4], "texture": "#0"},
				"west": {"uv": [2.75, 3, 3.25, 4], "texture": "#0"},
				"up": {"uv": [2.75, 3, 2.5, 2], "texture": "#0"},
				"down": {"uv": [3, 2, 2.75, 3], "texture": "#0"}
			}
		},
		{
			"from": [0, 2, 0],
			"to": [1, 4, 2],
			"faces": {
				"north": {"uv": [2.5, 1, 2.75, 2], "texture": "#0"},
				"east": {"uv": [2, 1, 2.5, 2], "texture": "#0"},
				"south": {"uv": [3.25, 1, 3.5, 2], "texture": "#0"},
				"west": {"uv": [2.75, 1, 3.25, 2], "texture": "#0"},
				"up": {"uv": [2.75, 1, 2.5, 0], "texture": "#0"},
				"down": {"uv": [3, 0, 2.75, 1], "texture": "#0"}
			}
		},
		{
			"from": [0, 2, 0],
			"to": [2, 4, 1],
			"faces": {
				"north": {"uv": [1.75, 8.5, 2.25, 9.5], "texture": "#0"},
				"east": {"uv": [1.5, 8.5, 1.75, 9.5], "texture": "#0"},
				"south": {"uv": [2.5, 8.5, 3, 9.5], "texture": "#0"},
				"west": {"uv": [2.25, 8.5, 2.5, 9.5], "texture": "#0"},
				"up": {"uv": [2.25, 8.5, 1.75, 8], "texture": "#0"},
				"down": {"uv": [2.75, 8, 2.25, 8.5], "texture": "#0"}
			}
		},
		{
			"from": [0, 2, 4],
			"to": [1, 4, 6],
			"faces": {
				"north": {"uv": [0.5, 5, 0.75, 6], "texture": "#0"},
				"east": {"uv": [0, 5, 0.5, 6], "texture": "#0"},
				"south": {"uv": [1.25, 5, 1.5, 6], "texture": "#0"},
				"west": {"uv": [0.75, 5, 1.25, 6], "texture": "#0"},
				"up": {"uv": [0.75, 5, 0.5, 4], "texture": "#0"},
				"down": {"uv": [1, 4, 0.75, 5], "texture": "#0"}
			}
		},
		{
			"from": [0, 2, 14],
			"to": [1, 4, 16],
			"faces": {
				"north": {"uv": [1.5, 4, 1.75, 5], "texture": "#0"},
				"east": {"uv": [1, 4, 1.5, 5], "texture": "#0"},
				"south": {"uv": [2.25, 4, 2.5, 5], "texture": "#0"},
				"west": {"uv": [1.75, 4, 2.25, 5], "texture": "#0"},
				"up": {"uv": [1.75, 4, 1.5, 3], "texture": "#0"},
				"down": {"uv": [2, 3, 1.75, 4], "texture": "#0"}
			}
		},
		{
			"from": [0, 2, 15],
			"to": [2, 4, 16],
			"faces": {
				"north": {"uv": [0.25, 8.5, 0.75, 9.5], "texture": "#0"},
				"east": {"uv": [0, 8.5, 0.25, 9.5], "texture": "#0"},
				"south": {"uv": [1, 8.5, 1.5, 9.5], "texture": "#0"},
				"west": {"uv": [0.75, 8.5, 1, 9.5], "texture": "#0"},
				"up": {"uv": [0.75, 8.5, 0.25, 8], "texture": "#0"},
				"down": {"uv": [1.25, 8, 0.75, 8.5], "texture": "#0"}
			}
		},
		{
			"from": [0, 2, 10],
			"to": [1, 4, 12],
			"faces": {
				"north": {"uv": [1.5, 2, 1.75, 3], "texture": "#0"},
				"east": {"uv": [1, 2, 1.5, 3], "texture": "#0"},
				"south": {"uv": [2.25, 2, 2.5, 3], "texture": "#0"},
				"west": {"uv": [1.75, 2, 2.25, 3], "texture": "#0"},
				"up": {"uv": [1.75, 2, 1.5, 1], "texture": "#0"},
				"down": {"uv": [2, 1, 1.75, 2], "texture": "#0"}
			}
		},
		{
			"from": [15, 2, 4],
			"to": [16, 4, 6],
			"faces": {
				"north": {"uv": [0.5, 3, 0.75, 4], "texture": "#0"},
				"east": {"uv": [0, 3, 0.5, 4], "texture": "#0"},
				"south": {"uv": [1.25, 3, 1.5, 4], "texture": "#0"},
				"west": {"uv": [0.75, 3, 1.25, 4], "texture": "#0"},
				"up": {"uv": [0.75, 3, 0.5, 2], "texture": "#0"},
				"down": {"uv": [1, 2, 0.75, 3], "texture": "#0"}
			}
		},
		{
			"from": [15, 2, 10],
			"to": [16, 4, 12],
			"faces": {
				"north": {"uv": [0.5, 1, 0.75, 2], "texture": "#0"},
				"east": {"uv": [0, 1, 0.5, 2], "texture": "#0"},
				"south": {"uv": [1.25, 1, 1.5, 2], "texture": "#0"},
				"west": {"uv": [0.75, 1, 1.25, 2], "texture": "#0"},
				"up": {"uv": [0.75, 1, 0.5, 0], "texture": "#0"},
				"down": {"uv": [1, 0, 0.75, 1], "texture": "#0"}
			}
		},
		{
			"from": [0, 0, 15],
			"to": [16, 2, 16],
			"faces": {
				"north": {"uv": [4.25, 0.5, 8.25, 1.5], "texture": "#0"},
				"east": {"uv": [4, 0.5, 4.25, 1.5], "texture": "#0"},
				"south": {"uv": [8.5, 0.5, 12.5, 1.5], "texture": "#0"},
				"west": {"uv": [8.25, 0.5, 8.5, 1.5], "texture": "#0"},
				"up": {"uv": [8.25, 0.5, 4.25, 0], "texture": "#0"},
				"down": {"uv": [12.25, 0, 8.25, 0.5], "texture": "#0"}
			}
		},
		{
			"from": [15, 0, 1],
			"to": [16, 2, 15],
			"faces": {
				"north": {"uv": [3.5, 15, 3.75, 16], "texture": "#0"},
				"east": {"uv": [0, 15, 3.5, 16], "texture": "#0"},
				"south": {"uv": [7.25, 15, 7.5, 16], "texture": "#0"},
				"west": {"uv": [3.75, 15, 7.25, 16], "texture": "#0"},
				"up": {"uv": [3.75, 15, 3.5, 8], "texture": "#0"},
				"down": {"uv": [4, 8, 3.75, 15], "texture": "#0"}
			}
		},
		{
			"from": [0, 0, 1],
			"to": [1, 2, 15],
			"faces": {
				"north": {"uv": [3.5, 7, 3.75, 8], "texture": "#0"},
				"east": {"uv": [0, 7, 3.5, 8], "texture": "#0"},
				"south": {"uv": [7.25, 7, 7.5, 8], "texture": "#0"},
				"west": {"uv": [3.75, 7, 7.25, 8], "texture": "#0"},
				"up": {"uv": [3.75, 7, 3.5, 0], "texture": "#0"},
				"down": {"uv": [4, 0, 3.75, 7], "texture": "#0"}
			}
		}
	],
	"display": {
		"thirdperson_righthand": {
			"rotation": [0, 0, -90],
			"translation": [3, -2, -1.25],
			"scale": [0.45, 0.45, 0.45]
		},
		"thirdperson_lefthand": {
			"rotation": [0, 0, -90],
			"translation": [3, -2, -1.25],
			"scale": [0.45, 0.45, 0.45]
		},
		"firstperson_righthand": {
			"rotation": [0, 0, -44],
			"translation": [12, 0, 2.25]
		},
		"firstperson_lefthand": {
			"rotation": [0, 0, -44],
			"translation": [12, 0, 2.25]
		},
		"ground": {
			"translation": [0, 4.5, 0]
		},
		"gui": {
			"rotation": [30, -35, 0],
			"translation": [0, 2.5, 0],
			"scale": [0.6, 0.6, 0.6]
		},
		"head": {
			"translation": [0, 11.25, 0]
		},
		"fixed": {
			"translation": [0, 5.25, 4.25]
		}
	},
	"groups": [
		{
			"name": "group",
			"origin": [0, 0, 0],
			"color": 0,
			"children": [0, 1, 2, 3, 4, 5, 6, 7, 8, 9, 10, 11, 12, 13, 14, 15, 16, 17, 18, 19]
		}
	]
}