{
	"credit": "Made with Blockbench",
	"texture_size": [160, 160],
	"textures": {
		"0": "item/graviton_reactor",
		"particle": "item/graviton_reactor"
	},
	"elements": [
		{
			"from": [0, 0, 0],
			"to": [16, 5, 16],
			"faces": {
				"north": {"uv": [1.6, 10.5, 3.2, 11], "texture": "#0"},
				"east": {"uv": [0, 10.5, 1.6, 11], "texture": "#0"},
				"south": {"uv": [4.8, 10.5, 6.4, 11], "texture": "#0"},
				"west": {"uv": [3.2, 10.5, 4.8, 11], "texture": "#0"},
				"up": {"uv": [3.2, 10.5, 1.6, 8.9], "texture": "#0"},
				"down": {"uv": [4.8, 8.9, 3.2, 10.5], "texture": "#0"}
			}
		},
		{
			"from": [2, 5, 2],
			"to": [14, 7, 14],
			"faces": {
				"north": {"uv": [4.8, 12.6, 6, 12.8], "texture": "#0"},
				"east": {"uv": [3.6, 12.6, 4.8, 12.8], "texture": "#0"},
				"south": {"uv": [7.2, 12.6, 8.4, 12.8], "texture": "#0"},
				"west": {"uv": [6, 12.6, 7.2, 12.8], "texture": "#0"},
				"up": {"uv": [6, 12.6, 4.8, 11.4], "texture": "#0"},
				"down": {"uv": [7.2, 11.4, 6, 12.6], "texture": "#0"}
			}
		},
		{
			"from": [0, 1, 0],
			"to": [16, 6, 16],
			"faces": {
				"north": {"uv": [6.4, 8.9, 8, 9.4], "texture": "#0"},
				"east": {"uv": [4.8, 8.9, 6.4, 9.4], "texture": "#0"},
				"south": {"uv": [9.6, 8.9, 11.2, 9.4], "texture": "#0"},
				"west": {"uv": [8, 8.9, 9.6, 9.4], "texture": "#0"},
				"up": {"uv": [8, 8.9, 6.4, 7.3], "texture": "#0"},
				"down": {"uv": [9.6, 7.3, 8, 8.9], "texture": "#0"}
			}
		},
		{
			"from": [2, 6, 2],
			"to": [14, 8, 14],
			"faces": {
				"north": {"uv": [12.2, 1.2, 13.4, 1.4], "texture": "#0"},
				"east": {"uv": [11, 1.2, 12.2, 1.4], "texture": "#0"},
				"south": {"uv": [14.6, 1.2, 15.8, 1.4], "texture": "#0"},
				"west": {"uv": [13.4, 1.2, 14.6, 1.4], "texture": "#0"},
				"up": {"uv": [13.4, 1.2, 12.2, 0], "texture": "#0"},
				"down": {"uv": [14.6, 0, 13.4, 1.2], "texture": "#0"}
			}
		},
		{
			"from": [0, 2, 0],
			"to": [16, 7, 16],
			"faces": {
				"north": {"uv": [1.6, 8.4, 3.2, 8.9], "texture": "#0"},
				"east": {"uv": [0, 8.4, 1.6, 8.9], "texture": "#0"},
				"south": {"uv": [4.8, 8.4, 6.4, 8.9], "texture": "#0"},
				"west": {"uv": [3.2, 8.4, 4.8, 8.9], "texture": "#0"},
				"up": {"uv": [3.2, 8.4, 1.6, 6.8], "texture": "#0"},
				"down": {"uv": [4.8, 6.8, 3.2, 8.4], "texture": "#0"}
			}
		},
		{
			"from": [2, 7, 2],
			"to": [14, 9, 14],
			"faces": {
				"north": {"uv": [1.2, 12.2, 2.4, 12.4], "texture": "#0"},
				"east": {"uv": [0, 12.2, 1.2, 12.4], "texture": "#0"},
				"south": {"uv": [3.6, 12.2, 4.8, 12.4], "texture": "#0"},
				"west": {"uv": [2.4, 12.2, 3.6, 12.4], "texture": "#0"},
				"up": {"uv": [2.4, 12.2, 1.2, 11], "texture": "#0"},
				"down": {"uv": [3.6, 11, 2.4, 12.2], "texture": "#0"}
			}
		},
		{
			"from": [0, 4, 0],
			"to": [16, 9, 16],
			"faces": {
				"north": {"uv": [7.8, 2.6, 9.4, 3.1], "texture": "#0"},
				"east": {"uv": [6.2, 2.6, 7.8, 3.1], "texture": "#0"},
				"south": {"uv": [11, 2.6, 12.6, 3.1], "texture": "#0"},
				"west": {"uv": [9.4, 2.6, 11, 3.1], "texture": "#0"},
				"up": {"uv": [9.4, 2.6, 7.8, 1], "texture": "#0"},
				"down": {"uv": [11, 1, 9.4, 2.6], "texture": "#0"}
			}
		},
		{
			"from": [2, 9, 2],
			"to": [14, 11, 14],
			"faces": {
				"north": {"uv": [10.8, 11.4, 12, 11.6], "texture": "#0"},
				"east": {"uv": [9.6, 11.4, 10.8, 11.6], "texture": "#0"},
				"south": {"uv": [13.2, 11.4, 14.4, 11.6], "texture": "#0"},
				"west": {"uv": [12, 11.4, 13.2, 11.6], "texture": "#0"},
				"up": {"uv": [12, 11.4, 10.8, 10.2], "texture": "#0"},
				"down": {"uv": [13.2, 10.2, 12, 11.4], "texture": "#0"}
			}
		},
		{
			"from": [2, -7, 2],
			"to": [14, -5, 14],
			"faces": {
				"north": {"uv": [11.2, 9.9, 12.4, 10.1], "texture": "#0"},
				"east": {"uv": [10, 9.9, 11.2, 10.1], "texture": "#0"},
				"south": {"uv": [13.6, 9.9, 14.8, 10.1], "texture": "#0"},
				"west": {"uv": [12.4, 9.9, 13.6, 10.1], "texture": "#0"},
				"up": {"uv": [12.4, 9.9, 11.2, 8.7], "texture": "#0"},
				"down": {"uv": [13.6, 8.7, 12.4, 9.9], "texture": "#0"}
			}
		},
		{
			"from": [0, -5, 0],
			"to": [16, 0, 16],
			"faces": {
				"north": {"uv": [6.4, 6.8, 8, 7.3], "texture": "#0"},
				"east": {"uv": [4.8, 6.8, 6.4, 7.3], "texture": "#0"},
				"south": {"uv": [9.6, 6.8, 11.2, 7.3], "texture": "#0"},
				"west": {"uv": [8, 6.8, 9.6, 7.3], "texture": "#0"},
				"up": {"uv": [8, 6.8, 6.4, 5.2], "texture": "#0"},
				"down": {"uv": [9.6, 5.2, 8, 6.8], "texture": "#0"}
			}
		},
		{
			"from": [2, -8, 2],
			"to": [14, -6, 14],
			"faces": {
				"north": {"uv": [10.8, 8.5, 12, 8.7], "texture": "#0"},
				"east": {"uv": [9.6, 8.5, 10.8, 8.7], "texture": "#0"},
				"south": {"uv": [13.2, 8.5, 14.4, 8.7], "texture": "#0"},
				"west": {"uv": [12, 8.5, 13.2, 8.7], "texture": "#0"},
				"up": {"uv": [12, 8.5, 10.8, 7.3], "texture": "#0"},
				"down": {"uv": [13.2, 7.3, 12, 8.5], "texture": "#0"}
			}
		},
		{
			"from": [0, -6, 0],
			"to": [16, -1, 16],
			"faces": {
				"north": {"uv": [6.4, 4.7, 8, 5.2], "texture": "#0"},
				"east": {"uv": [4.8, 4.7, 6.4, 5.2], "texture": "#0"},
				"south": {"uv": [9.6, 4.7, 11.2, 5.2], "texture": "#0"},
				"west": {"uv": [8, 4.7, 9.6, 5.2], "texture": "#0"},
				"up": {"uv": [8, 4.7, 6.4, 3.1], "texture": "#0"},
				"down": {"uv": [9.6, 3.1, 8, 4.7], "texture": "#0"}
			}
		},
		{
			"from": [2, -9, 2],
			"to": [14, -7, 14],
			"faces": {
				"north": {"uv": [10.8, 6.4, 12, 6.6], "texture": "#0"},
				"east": {"uv": [9.6, 6.4, 10.8, 6.6], "texture": "#0"},
				"south": {"uv": [13.2, 6.4, 14.4, 6.6], "texture": "#0"},
				"west": {"uv": [12, 6.4, 13.2, 6.6], "texture": "#0"},
				"up": {"uv": [12, 6.4, 10.8, 5.2], "texture": "#0"},
				"down": {"uv": [13.2, 5.2, 12, 6.4], "texture": "#0"}
			}
		},
		{
			"from": [0, -7, 0],
			"to": [16, -2, 16],
			"faces": {
				"north": {"uv": [1.6, 6.3, 3.2, 6.8], "texture": "#0"},
				"east": {"uv": [0, 6.3, 1.6, 6.8], "texture": "#0"},
				"south": {"uv": [4.8, 6.3, 6.4, 6.8], "texture": "#0"},
				"west": {"uv": [3.2, 6.3, 4.8, 6.8], "texture": "#0"},
				"up": {"uv": [3.2, 6.3, 1.6, 4.7], "texture": "#0"},
				"down": {"uv": [4.8, 4.7, 3.2, 6.3], "texture": "#0"}
			}
		},
		{
			"from": [2, -11, 2],
			"to": [14, -9, 14],
			"faces": {
				"north": {"uv": [10.8, 4.3, 12, 4.5], "texture": "#0"},
				"east": {"uv": [9.6, 4.3, 10.8, 4.5], "texture": "#0"},
				"south": {"uv": [13.2, 4.3, 14.4, 4.5], "texture": "#0"},
				"west": {"uv": [12, 4.3, 13.2, 4.5], "texture": "#0"},
				"up": {"uv": [12, 4.3, 10.8, 3.1], "texture": "#0"},
				"down": {"uv": [13.2, 3.1, 12, 4.3], "texture": "#0"}
			}
		},
		{
			"from": [0, -9, 0],
			"to": [16, -4, 16],
			"faces": {
				"north": {"uv": [1.6, 4.2, 3.2, 4.7], "texture": "#0"},
				"east": {"uv": [0, 4.2, 1.6, 4.7], "texture": "#0"},
				"south": {"uv": [4.8, 4.2, 6.4, 4.7], "texture": "#0"},
				"west": {"uv": [3.2, 4.2, 4.8, 4.7], "texture": "#0"},
				"up": {"uv": [3.2, 4.2, 1.6, 2.6], "texture": "#0"},
				"down": {"uv": [4.8, 2.6, 3.2, 4.2], "texture": "#0"}
			}
		},
		{
			"name": "centre",
			"from": [-5, 0, -5],
			"to": [21, 0, 21],
			"rotation": {"angle": 0, "axis": "y", "origin": [8, 0, 8]},
			"faces": {
				"north": {"uv": [2.6, 2.6, 5.2, 2.6], "texture": "#0"},
				"east": {"uv": [0, 2.6, 2.6, 2.6], "texture": "#0"},
				"south": {"uv": [7.8, 2.6, 10.4, 2.6], "texture": "#0"},
				"west": {"uv": [5.2, 2.6, 7.8, 2.6], "texture": "#0"},
				"up": {"uv": [5.2, 2.6, 2.6, 0], "texture": "#0"},
				"down": {"uv": [5.2, 0, 2.6, 2.6], "texture": "#0"}
			}
		},
		{
			"name": "centre",
			"from": [-3, 0, -8],
			"to": [20, 0, 24],
			"rotation": {"angle": -22.5, "axis": "x", "origin": [8, 0, 8]},
			"faces": {
				"north": {"uv": [2.6, 2.6, 5.2, 2.6], "texture": "#0"},
				"east": {"uv": [0, 2.6, 2.6, 2.6], "texture": "#0"},
				"south": {"uv": [7.8, 2.6, 10.4, 2.6], "texture": "#0"},
				"west": {"uv": [5.2, 2.6, 7.8, 2.6], "texture": "#0"},
				"up": {"uv": [5.2, 2.6, 2.6, 0], "texture": "#0"},
				"down": {"uv": [5.2, 0, 2.6, 2.6], "texture": "#0"}
			}
		},
		{
			"name": "centre",
			"from": [-3, 0, -8],
			"to": [20, 0, 24],
			"rotation": {"angle": 22.5, "axis": "x", "origin": [8, 0, 8]},
			"faces": {
				"north": {"uv": [2.6, 2.6, 5.2, 2.6], "texture": "#0"},
				"east": {"uv": [0, 2.6, 2.6, 2.6], "texture": "#0"},
				"south": {"uv": [7.8, 2.6, 10.4, 2.6], "texture": "#0"},
				"west": {"uv": [5.2, 2.6, 7.8, 2.6], "texture": "#0"},
				"up": {"uv": [5.2, 2.6, 2.6, 0], "texture": "#0"},
				"down": {"uv": [5.2, 0, 2.6, 2.6], "texture": "#0"}
			}
		},
		{
			"name": "centre",
			"from": [3, -4, 2],
			"to": [13, 4, 14],
			"faces": {
				"north": {"uv": [7.6, 10.6, 8.6, 11.4], "texture": "#0"},
				"east": {"uv": [6.4, 10.6, 7.6, 11.4], "texture": "#0"},
				"south": {"uv": [9.8, 10.6, 10.8, 11.4], "texture": "#0"},
				"west": {"uv": [8.6, 10.6, 9.8, 11.4], "texture": "#0"},
				"up": {"uv": [8.6, 10.6, 7.6, 9.4], "texture": "#0"},
				"down": {"uv": [9.6, 9.4, 8.6, 10.6], "texture": "#0"}
			}
		}
	],
	"display": {
		"thirdperson_righthand": {
			"rotation": [0, 60, 0],
			"translation": [0, 4.75, 0],
			"scale": [0.31, 0.31, 0.31]
		},
		"thirdperson_lefthand": {
			"rotation": [0, 60, 0],
			"translation": [0, 4.75, 0],
			"scale": [0.31, 0.31, 0.31]
		},
		"firstperson_righthand": {
			"rotation": [0, 36, 0],
			"translation": [2.5, 7, 0],
			"scale": [0.5, 0.5, 0.5]
		},
		"firstperson_lefthand": {
			"rotation": [0, 36, 0],
			"translation": [2.5, 7, 0],
			"scale": [0.5, 0.5, 0.5]
		},
		"ground": {
			"translation": [0, 4, 0],
			"scale": [0.48, 0.48, 0.48]
		},
		"gui": {
			"rotation": [17, 124, 0],
			"translation": [0.25, 3.75, 0],
			"scale": [0.47, 0.47, 0.47]
		},
		"head": {
			"translation": [0, 8, 0]
		},
		"fixed": {
			"rotation": [90, 90, 0],
			"translation": [0, 0, -4]
		}
	},
	"groups": [
		{
			"name": "group",
			"origin": [0, 0, 0],
			"color": 0,
			"children": [
				{
					"name": "top1",
					"origin": [0, 0, 0],
					"color": 0,
					"children": [0, 1]
				},
				{
					"name": "top2",
					"origin": [0, 0, 0],
					"color": 0,
					"children": [2, 3]
				},
				{
					"name": "top3",
					"origin": [0, 0, 0],
					"color": 0,
					"children": [4, 5]
				},
				{
					"name": "top4",
					"origin": [0, 0, 0],
					"color": 0,
					"children": [6, 7]
				},
				{
					"name": "bottom1",
					"origin": [0, 0, 0],
					"color": 0,
					"children": [8, 9]
				},
				{
					"name": "bottom2",
					"origin": [0, 0, 0],
					"color": 0,
					"children": [10, 11]
				},
				{
					"name": "bottom3",
					"origin": [0, 0, 0],
					"color": 0,
					"children": [12, 13]
				},
				{
					"name": "bottom4",
					"origin": [0, 0, 0],
					"color": 0,
					"children": [14, 15]
				},
				{
					"name": "rings",
					"origin": [8, 0, 8],
					"color": 0,
					"children": [16, 17, 18]
				},
				19
			]
		}
	]
}