{
	"credit": "Made with Blockbench",
	"texture_size": [64, 64],
	"textures": {
		"0": "item/hats/halo",
		"particle": "item/hats/halo"
	},
	"elements": [
		{
			"from": [0, 16, -3],
			"to": [16, 16, 16],
			"faces": {
				"north": {"uv": [1, 4.75, 5, 4.75], "texture": "#0"},
				"east": {"uv": [-3.75, 4.75, 1, 4.75], "texture": "#0"},
				"south": {"uv": [9.75, 4.75, 13.75, 4.75], "texture": "#0"},
				"west": {"uv": [5, 4.75, 9.75, 4.75], "texture": "#0"},
				"up": {"uv": [5, 4.75, 1, 0], "texture": "#0"},
				"down": {"uv": [5, 0, 1, 4.75], "texture": "#0"}
			}
		},
		{
			"from": [8, -2.4, 13.9],
			"to": [9, 10.6, 13.9],
			"rotation": {"angle": 22.5, "axis": "x", "origin": [8.5, 5.5, 16]},
			"faces": {
				"north": {"uv": [0, 0, 0.25, 3.25], "texture": "#0"},
				"east": {"uv": [0, 0, 0, 3.25], "texture": "#0"},
				"south": {"uv": [0.25, 0, 0.5, 3.25], "texture": "#0"},
				"west": {"uv": [0.25, 0, 0.25, 3.25], "texture": "#0"},
				"up": {"uv": [0.25, 0, 0, 0], "texture": "#0"},
				"down": {"uv": [0.5, 0, 0.25, 0], "texture": "#0"}
			}
		},
		{
			"from": [8, 11, 16],
			"to": [9, 16, 16],
			"rotation": {"angle": 0, "axis": "y", "origin": [8.5, 5.5, 16]},
			"faces": {
				"north": {"uv": [0.5, 0, 0.75, 1.25], "texture": "#0"},
				"east": {"uv": [0.5, 0, 0.5, 1.25], "texture": "#0"},
				"south": {"uv": [0.75, 0, 1, 1.25], "texture": "#0"},
				"west": {"uv": [0.75, 0, 0.75, 1.25], "texture": "#0"},
				"up": {"uv": [0.75, 0, 0.5, 0], "texture": "#0"},
				"down": {"uv": [1, 0, 0.75, 0], "texture": "#0"}
			}
		}
	],
	"display": {
		"thirdperson_righthand": {
			"translation": [0, 0, -1],
			"scale": [0.35, 0.35, 0.35]
		},
		"thirdperson_lefthand": {
			"translation": [0, 0, -1],
			"scale": [0.35, 0.35, 0.35]
		},
		"firstperson_righthand": {
			"rotation": [0, 4, 6],
			"scale": [0.57, 0.57, 0.57]
		},
		"firstperson_lefthand": {
			"rotation": [0, 4, 6],
			"scale": [0.57, 0.57, 0.57]
		},
		"ground": {
			"scale": [0.78, 0.7, 0.7]
		},
		"gui": {
			"rotation": [37, -133, 6],
			"translation": [-0.5, -1, 6.5],
			"scale": [0.56, 0.56, 0.56]
		},
		"head": {
			"translation": [0, 4.25, 2.75],
			"scale": [1.18, 1.18, 1.18]
		},
		"fixed": {
			"rotation": [-90, 0, 0],
			"translation": [0, 2, 6.5],
			"scale": [0.86, 0.86, 0.86]
		}
	},
	"groups": [
		{
			"name": "group",
			"origin": [8.5, 5.5, 16],
			"color": 0,
			"children": [0, 1, 2]
		}
	]
}