{
	"parent": "item/generated",
	"textures": {
		"layer0": "item/iron_ingot"
	},
	
	"overrides": [
		{"predicate": {"custom_model_data":1}, "model": "item/cold_iron"},
		{"predicate": {"custom_model_data":2}, "model": "item/potassium"},
		{"predicate": {"custom_model_data":3}, "model": "item/brass_ingot"},
		{"predicate": {"custom_model_data":4}, "model": "item/electromagnet"},
		{"predicate": {"custom_model_data":5}, "model": "item/plastic_sheet"},
		{"predicate": {"custom_model_data":6}, "model": "item/voidsteel"}
	]
}