{
	"credit": "Made with Blockbench",
	"texture_size": [32, 32],
	"textures": {
		"0": "item/hats/jaroh_hair",
		"particle": "item/hats/jaroh_hair"
	},
	"elements": [
		{
			"from": [4, 0, 5],
			"to": [11, 7, 12],
			"faces": {
				"north": {"uv": [3.5, 3.5, 7, 7], "texture": "#0"},
				"east": {"uv": [0, 3.5, 3.5, 7], "texture": "#0"},
				"south": {"uv": [10.5, 3.5, 14, 7], "texture": "#0"},
				"west": {"uv": [7, 3.5, 10.5, 7], "texture": "#0"},
				"up": {"uv": [7, 3.5, 3.5, 0], "texture": "#0"},
				"down": {"uv": [10.5, 0, 7, 3.5], "texture": "#0"}
			}
		},
		{
			"from": [6, 2, 3],
			"to": [9, 5, 5],
			"faces": {
				"north": {"uv": [1, 8, 2.5, 9.5], "texture": "#0"},
				"east": {"uv": [0, 8, 1, 9.5], "texture": "#0"},
				"south": {"uv": [3.5, 8, 5, 9.5], "texture": "#0"},
				"west": {"uv": [2.5, 8, 3.5, 9.5], "texture": "#0"},
				"up": {"uv": [2.5, 8, 1, 7], "texture": "#0"},
				"down": {"uv": [4, 7, 2.5, 8], "texture": "#0"}
			}
		}
	],
	"display": {
		"head": {
			"rotation": [-29, 0, 0],
			"translation": [0, 11.5, 7.75]
		}
	},
	"groups": [
		{
			"name": "group",
			"origin": [0, 0, 0],
			"color": 0,
			"children": [0, 1]
		}
	]
}