{
	"parent": "item/handheld",
	"textures": {
		"layer0": "item/katana"
	},
	
	"display": {
        "thirdperson_righthand": {
            "rotation": [ 0, -90, 35 ],
            "translation": [ 0, 10, 4 ],
            "scale": [ 1.5, 1.5, 0.8 ]
        },
        "thirdperson_lefthand": {
            "rotation": [ 0, 90, -35 ],
            "translation": [ 0, 10, 4 ],
            "scale": [ 1.5, 1.5, 0.8 ]
        },
        "firstperson_righthand": {
            "rotation": [ 0, -90, 35 ],
            "translation": [ 0, 5, 1.13 ],
            "scale": [ 1.2, 1.2, 0.6 ]
        },
        "firstperson_lefthand": {
            "rotation": [ 0, 90, -35 ],
            "translation": [ 0, 5, 1.13 ],
            "scale": [ 1.2, 1.2, 0.6 ]

        }
    }
}