{
	"credit": "Made with Blockbench",
	"texture_size": [96, 42],
	"textures": {
		"0": "item/hats/mining_helmet",
		"particle": "item/hats/mining_helmet"
	},
	"elements": [
		{
			"from": [0, 0, -2],
			"to": [16, 2, 16],
			"rotation": {"angle": 0, "axis": "y", "origin": [0, 0, 16]},
			"faces": {
				"north": {"uv": [8.66667, 15.2381, 6, 16], "texture": "#0"},
				"east": {"uv": [11.66667, 15.2381, 8.66667, 16], "texture": "#0"},
				"south": {"uv": [14.33333, 15.2381, 11.66667, 16], "texture": "#0"},
				"west": {"uv": [6, 15.2381, 3, 16], "texture": "#0"},
				"up": {"uv": [6, 15.2381, 8.66667, 8.38095], "rotation": 90, "texture": "#0"},
				"down": {"uv": [8.66667, 8.38095, 11.33333, 15.2381], "rotation": 270, "texture": "#0"}
			}
		},
		{
			"from": [1, 2, 2],
			"to": [15, 8, 14],
			"rotation": {"angle": 0, "axis": "y", "origin": [0, 0, 16]},
			"faces": {
				"north": {"uv": [7.83333, 5.33333, 10.16667, 7.61905], "texture": "#0"},
				"east": {"uv": [5.83333, 5.33333, 7.83333, 7.61905], "texture": "#0"},
				"south": {"uv": [12.16667, 5.33333, 14.5, 7.61905], "texture": "#0"},
				"west": {"uv": [10.16667, 5.33333, 12.16667, 7.61905], "texture": "#0"},
				"up": {"uv": [10.16667, 5.33333, 7.83333, 0.7619], "rotation": 270, "texture": "#0"},
				"down": {"uv": [12.5, 0.7619, 10.16667, 5.33333], "rotation": 90, "texture": "#0"}
			}
		},
		{
			"from": [2, 2, 1],
			"to": [4, 9, 15],
			"rotation": {"angle": 0, "axis": "y", "origin": [0, 0, 16]},
			"faces": {
				"north": {"uv": [2.33333, 5.33333, 2.66667, 8], "texture": "#0"},
				"east": {"uv": [0, 5.33333, 2.33333, 8], "texture": "#0"},
				"south": {"uv": [5, 5.33333, 5.33333, 8], "texture": "#0"},
				"west": {"uv": [2.66667, 5.33333, 5, 8], "texture": "#0"},
				"up": {"uv": [2.66667, 5.33333, 2.33333, 0], "rotation": 270, "texture": "#0"},
				"down": {"uv": [3, 0, 2.66667, 5.33333], "rotation": 90, "texture": "#0"}
			}
		},
		{
			"from": [12, 2, 1],
			"to": [14, 9, 15],
			"rotation": {"angle": 0, "axis": "y", "origin": [0, 0, 16]},
			"faces": {
				"north": {"uv": [2.33333, 5.33333, 2.66667, 8], "texture": "#0"},
				"east": {"uv": [0, 5.33333, 2.33333, 8], "texture": "#0"},
				"south": {"uv": [5, 5.33333, 5.33333, 8], "texture": "#0"},
				"west": {"uv": [2.66667, 5.33333, 5, 8], "texture": "#0"},
				"up": {"uv": [2.66667, 5.33333, 2.33333, 0], "rotation": 270, "texture": "#0"},
				"down": {"uv": [3, 0, 2.66667, 5.33333], "rotation": 90, "texture": "#0"}
			}
		},
		{
			"from": [6, 2, -2],
			"to": [10, 6, 2],
			"rotation": {"angle": 0, "axis": "y", "origin": [0, 0, 16]},
			"faces": {
				"north": {"uv": [0.66667, 14.47619, 1.33333, 16], "texture": "#0"},
				"east": {"uv": [0, 14.47619, 0.66667, 16], "texture": "#0"},
				"south": {"uv": [2, 14.47619, 2.66667, 16], "texture": "#0"},
				"west": {"uv": [1.33333, 14.47619, 2, 16], "texture": "#0"},
				"up": {"uv": [1.33333, 14.47619, 0.66667, 12.95238], "rotation": 270, "texture": "#0"},
				"down": {"uv": [2, 12.95238, 1.33333, 14.47619], "rotation": 90, "texture": "#0"}
			}
		}
	],
	"display": {
		"thirdperson_righthand": {
			"scale": [0.85, 0.85, 0.85]
		},
		"thirdperson_lefthand": {
			"scale": [0.85, 0.85, 0.85]
		},
		"ground": {
			"translation": [0, 4, 0]
		},
		"gui": {
			"rotation": [15, -151, 0],
			"translation": [-0.25, 2, 0],
			"scale": [0.68, 0.68, 0.68]
		},
		"head": {
			"translation": [0, 11, -0.25],
			"scale": [1.15, 1.15, 1.15]
		},
		"fixed": {
			"translation": [0, 3, 2.75]
		}
	},
	"groups": [
		{
			"name": "group",
			"origin": [0, 0, 0],
			"color": 0,
			"children": [0, 1, 2, 3, 4]
		}
	]
}