{
	"credit": "Made with Blockbench",
	"texture_size": [64, 64],
	"textures": {
		"0": "item/mithrix_hammer",
		"particle": "item/mithrix_hammer"
	},
	"elements": [
		{
			"from": [4, 14, -2],
			"to": [12, 22, 18],
			"faces": {
				"north": {"uv": [5, 5, 7, 7], "texture": "#0"},
				"east": {"uv": [0, 5, 5, 7], "texture": "#0"},
				"south": {"uv": [12, 5, 14, 7], "texture": "#0"},
				"west": {"uv": [7, 5, 12, 7], "texture": "#0"},
				"up": {"uv": [7, 5, 5, 0], "texture": "#0"},
				"down": {"uv": [9, 0, 7, 5], "texture": "#0"}
			}
		},
		{
			"from": [3, 15, 5],
			"to": [13, 21, 11],
			"faces": {
				"north": {"uv": [1.5, 8.5, 4, 10], "texture": "#0"},
				"east": {"uv": [0, 8.5, 1.5, 10], "texture": "#0"},
				"south": {"uv": [5.5, 8.5, 8, 10], "texture": "#0"},
				"west": {"uv": [4, 8.5, 5.5, 10], "texture": "#0"},
				"up": {"uv": [4, 8.5, 1.5, 7], "texture": "#0"},
				"down": {"uv": [6.5, 7, 4, 8.5], "texture": "#0"}
			}
		},
		{
			"from": [7, -16, 7],
			"to": [9, 13, 9],
			"faces": {
				"north": {"uv": [8.5, 7.5, 9, 14.75], "texture": "#0"},
				"east": {"uv": [8, 7.5, 8.5, 14.75], "texture": "#0"},
				"south": {"uv": [9.5, 7.5, 10, 14.75], "texture": "#0"},
				"west": {"uv": [9, 7.5, 9.5, 14.75], "texture": "#0"},
				"up": {"uv": [9, 7.5, 8.5, 7], "texture": "#0"},
				"down": {"uv": [9.5, 7, 9, 7.5], "texture": "#0"}
			}
		},
		{
			"from": [6, 12, 6],
			"to": [10, 14, 10],
			"faces": {
				"north": {"uv": [1, 1, 2, 1.5], "texture": "#0"},
				"east": {"uv": [0, 1, 1, 1.5], "texture": "#0"},
				"south": {"uv": [3, 1, 4, 1.5], "texture": "#0"},
				"west": {"uv": [2, 1, 3, 1.5], "texture": "#0"},
				"up": {"uv": [2, 1, 1, 0], "texture": "#0"},
				"down": {"uv": [3, 0, 2, 1], "texture": "#0"}
			}
		}
	],
	"gui_light": "front",
	"display": {
		"thirdperson_righthand": {
			"translation": [0, 6.75, 1.75]
		},
		"thirdperson_lefthand": {
			"translation": [0, 6.75, 1.75]
		},
		"firstperson_righthand": {
			"rotation": [0, 19, 0],
			"translation": [0, 2.25, 0]
		},
		"firstperson_lefthand": {
			"rotation": [0, 19, 0],
			"translation": [0, 2.25, 0]
		},
		"ground": {
			"translation": [0, 21.25, 0]
		},
		"gui": {
			"rotation": [-90, -49.75, -90],
			"translation": [-0.25, 0.25, 0],
			"scale": [0.4, 0.4, 0.4]
		},
		"fixed": {
			"rotation": [-90, 52.75, 90],
			"translation": [-1.25, 3.25, 0]
		}
	},
	"groups": [
		{
			"name": "group",
			"origin": [0, 0, 0],
			"color": 0,
			"children": [0, 1, 2, 3]
		}
	]
}