{
	"credit": "Made with Blockbench",
	"texture_size": [128, 64],
	"textures": {
		"0": "item/mushroom_parachute",
		"particle": "item/mushroom_parachute"
	},
	"elements": [
		{
			"from": [1, 2, 1],
			"to": [15, 5, 15],
			"faces": {
				"north": {"uv": [5.5, 10, 7.25, 10.75], "texture": "#0"},
				"east": {"uv": [3.75, 10, 5.5, 10.75], "texture": "#0"},
				"south": {"uv": [9, 10, 10.75, 10.75], "texture": "#0"},
				"west": {"uv": [7.25, 10, 9, 10.75], "texture": "#0"},
				"up": {"uv": [7.25, 10, 5.5, 6.5], "texture": "#0"},
				"down": {"uv": [9, 6.5, 7.25, 10], "texture": "#0"}
			}
		},
		{
			"from": [-3, -2, -3],
			"to": [19, 2, 19],
			"faces": {
				"north": {"uv": [2.75, 5.5, 5.5, 6.5], "texture": "#0"},
				"east": {"uv": [0, 5.5, 2.75, 6.5], "texture": "#0"},
				"south": {"uv": [8.25, 5.5, 11, 6.5], "texture": "#0"},
				"west": {"uv": [5.5, 5.5, 8.25, 6.5], "texture": "#0"},
				"up": {"uv": [5.5, 5.5, 2.75, 0], "texture": "#0"},
				"down": {"uv": [8.25, 0, 5.5, 5.5], "texture": "#0"}
			}
		},
		{
			"from": [8, -14, -3],
			"to": [8, -2, 19],
			"rotation": {"angle": 0, "axis": "y", "origin": [8, -8, 8]},
			"faces": {
				"north": {"uv": [2.75, 6.5, 2.75, 9.5], "texture": "#0"},
				"east": {"uv": [0, 6.5, 2.75, 9.5], "texture": "#0"},
				"south": {"uv": [5.5, 6.5, 5.5, 9.5], "texture": "#0"},
				"west": {"uv": [0, 6.5, 2.75, 9.5], "texture": "#0"},
				"up": {"uv": [2.75, 6.5, 2.75, 1], "texture": "#0"},
				"down": {"uv": [2.75, 1, 2.75, 6.5], "texture": "#0"}
			}
		},
		{
			"from": [-3, -14, 8],
			"to": [19, -2, 8],
			"rotation": {"angle": 0, "axis": "y", "origin": [8, -8, 8]},
			"faces": {
				"north": {"uv": [0, 6.5, 2.75, 9.5], "texture": "#0"},
				"east": {"uv": [0, 10.75, 0, 13.75], "texture": "#0"},
				"south": {"uv": [0, 6.5, 2.75, 9.5], "texture": "#0"},
				"west": {"uv": [2.75, 10.75, 2.75, 13.75], "texture": "#0"},
				"up": {"uv": [2.75, 10.75, 0, 10.75], "texture": "#0"},
				"down": {"uv": [5.5, 10.75, 2.75, 10.75], "texture": "#0"}
			}
		}
	],
	"gui_light": "front",
	"display": {
		"thirdperson_righthand": {
			"translation": [0, 18.75, 1]
		},
		"thirdperson_lefthand": {
			"translation": [0, 18.75, 1]
		},
		"firstperson_righthand": {
			"rotation": [0, -15, 0],
			"translation": [0, 11.75, 0],
			"scale": [0.6, 0.6, 0.6]
		},
		"firstperson_lefthand": {
			"rotation": [0, -15, 0],
			"translation": [0, 11.75, 0],
			"scale": [0.6, 0.6, 0.6]
		},
		"ground": {
			"translation": [0, 19.25, 0]
		},
		"gui": {
			"rotation": [13, 0, 0],
			"translation": [0, 7.25, 0],
			"scale": [0.65, 0.65, 0.65]
		},
		"head": {
			"translation": [0, 38.25, 0],
			"scale": [1.5, 1.5, 1.5]
		},
		"fixed": {
			"translation": [0, 8.75, 0],
			"scale": [0.75, 0.75, 0.75]
		}
	},
	"groups": [
		{
			"name": "group",
			"origin": [8, -8, 8],
			"color": 0,
			"children": [0, 1, 2, 3]
		}
	]
}