{
	"credit": "Made with Blockbench",
	"texture_size": [32, 32],
	"textures": {
		"0": "item/necro_staff",
		"particle": "item/necro_staff"
	},
	"elements": [
		{
			"from": [7, -9, 8],
			"to": [8, 18, 9],
			"faces": {
				"north": {"uv": [0.5, 0.5, 1, 14], "texture": "#0"},
				"east": {"uv": [0, 0.5, 0.5, 14], "texture": "#0"},
				"south": {"uv": [1.5, 0.5, 2, 14], "texture": "#0"},
				"west": {"uv": [1, 0.5, 1.5, 14], "texture": "#0"},
				"up": {"uv": [1, 0.5, 0.5, 0], "texture": "#0"},
				"down": {"uv": [1.5, 0, 1, 0.5], "texture": "#0"}
			}
		},
		{
			"from": [6.5, -8.2, 7.5],
			"to": [8.5, -6.2, 9.5],
			"faces": {
				"north": {"uv": [6, 6, 7, 7], "texture": "#0"},
				"east": {"uv": [5, 6, 6, 7], "texture": "#0"},
				"south": {"uv": [8, 6, 9, 7], "texture": "#0"},
				"west": {"uv": [7, 6, 8, 7], "texture": "#0"},
				"up": {"uv": [7, 6, 6, 5], "texture": "#0"},
				"down": {"uv": [8, 5, 7, 6], "texture": "#0"}
			}
		},
		{
			"from": [6.5, 17.8, 7.5],
			"to": [8.5, 19.8, 9.5],
			"faces": {
				"north": {"uv": [3, 5, 4, 6], "texture": "#0"},
				"east": {"uv": [2, 5, 3, 6], "texture": "#0"},
				"south": {"uv": [5, 5, 6, 6], "texture": "#0"},
				"west": {"uv": [4, 5, 5, 6], "texture": "#0"},
				"up": {"uv": [4, 5, 3, 4], "texture": "#0"},
				"down": {"uv": [5, 4, 4, 5], "texture": "#0"}
			}
		},
		{
			"from": [5.5, 19.8, 6.5],
			"to": [9.5, 23.8, 10.5],
			"faces": {
				"north": {"uv": [4, 2, 6, 4], "texture": "#0"},
				"east": {"uv": [2, 2, 4, 4], "texture": "#0"},
				"south": {"uv": [8, 2, 10, 4], "texture": "#0"},
				"west": {"uv": [6, 2, 8, 4], "texture": "#0"},
				"up": {"uv": [6, 2, 4, 0], "texture": "#0"},
				"down": {"uv": [8, 0, 6, 2], "texture": "#0"}
			}
		}
	],
	"gui_light": "front",
	"display": {
		"thirdperson_righthand": {
			"translation": [0.5, -2.25, -0.75]
		},
		"thirdperson_lefthand": {
			"translation": [0.5, -2.25, -0.75]
		},
		"firstperson_righthand": {
			"translation": [0, -1.5, 0]
		},
		"firstperson_lefthand": {
			"translation": [0, -1.5, 0]
		},
		"ground": {
			"rotation": [47, 0, 0],
			"translation": [0, 2.75, 0],
			"scale": [0.49, 0.49, 0.49]
		},
		"gui": {
			"rotation": [17, -180, 41],
			"scale": [0.49, 0.49, 0.49]
		},
		"fixed": {
			"rotation": [0, 0, 41],
			"scale": [0.49, 0.49, 0.49]
		}
	},
	"groups": [
		{
			"name": "group",
			"origin": [0, 0, 0],
			"color": 0,
			"children": [0, 1, 2, 3]
		}
	]
}