{
	"credit": "Made with Blockbench",
	"texture_size": [64, 32],
	"textures": {
		"0": "item/hats/netherite_crown",
		"particle": "item/hats/netherite_crown"
	},
	"elements": [
		{
			"from": [0, 0, 0],
			"to": [16, 2, 1],
			"faces": {
				"north": {"uv": [4.25, 2, 8.25, 3], "texture": "#0"},
				"east": {"uv": [4, 2, 4.25, 3], "texture": "#0"},
				"south": {"uv": [8.5, 2, 12.5, 3], "texture": "#0"},
				"west": {"uv": [8.25, 2, 8.5, 3], "texture": "#0"},
				"up": {"uv": [8.25, 2, 4.25, 1.5], "texture": "#0"},
				"down": {"uv": [12.25, 1.5, 8.25, 2], "texture": "#0"}
			}
		},
		{
			"from": [7, 7, 0],
			"to": [9, 12, 1],
			"faces": {
				"north": {"uv": [0.25, 4, 0.75, 6.5], "texture": "#0"},
				"east": {"uv": [0, 4, 0.25, 6.5], "texture": "#0"},
				"south": {"uv": [1, 4, 1.5, 6.5], "texture": "#0"},
				"west": {"uv": [0.75, 4, 1, 6.5], "texture": "#0"},
				"up": {"uv": [0.75, 4, 0.25, 3.5], "texture": "#0"},
				"down": {"uv": [1.25, 3.5, 0.75, 4], "texture": "#0"}
			}
		},
		{
			"from": [6, 5, 0],
			"to": [10, 7, 1],
			"faces": {
				"north": {"uv": [0.25, 2.5, 1.25, 3.5], "texture": "#0"},
				"east": {"uv": [0, 2.5, 0.25, 3.5], "texture": "#0"},
				"south": {"uv": [1.5, 2.5, 2.5, 3.5], "texture": "#0"},
				"west": {"uv": [1.25, 2.5, 1.5, 3.5], "texture": "#0"},
				"up": {"uv": [1.25, 2.5, 0.25, 2], "texture": "#0"},
				"down": {"uv": [2.25, 2, 1.25, 2.5], "texture": "#0"}
			}
		},
		{
			"from": [5, 2, 0],
			"to": [11, 5, 1],
			"faces": {
				"north": {"uv": [0.25, 0.5, 1.75, 2], "texture": "#0"},
				"east": {"uv": [0, 0.5, 0.25, 2], "texture": "#0"},
				"south": {"uv": [2, 0.5, 3.5, 2], "texture": "#0"},
				"west": {"uv": [1.75, 0.5, 2, 2], "texture": "#0"},
				"up": {"uv": [1.75, 0.5, 0.25, 0], "texture": "#0"},
				"down": {"uv": [3.25, 0, 1.75, 0.5], "texture": "#0"}
			}
		},
		{
			"from": [0, 2, 0],
			"to": [1, 7, 1],
			"faces": {
				"north": {"uv": [4.25, 3.5, 4.5, 6], "texture": "#0"},
				"east": {"uv": [4, 3.5, 4.25, 6], "texture": "#0"},
				"south": {"uv": [4.75, 3.5, 5, 6], "texture": "#0"},
				"west": {"uv": [4.5, 3.5, 4.75, 6], "texture": "#0"},
				"up": {"uv": [4.5, 3.5, 4.25, 3], "texture": "#0"},
				"down": {"uv": [4.75, 3, 4.5, 3.5], "texture": "#0"}
			}
		},
		{
			"from": [15, 2, 0],
			"to": [16, 7, 1],
			"faces": {
				"north": {"uv": [1.75, 8.5, 2, 11], "texture": "#0"},
				"east": {"uv": [1.5, 8.5, 1.75, 11], "texture": "#0"},
				"south": {"uv": [2.25, 8.5, 2.5, 11], "texture": "#0"},
				"west": {"uv": [2, 8.5, 2.25, 11], "texture": "#0"},
				"up": {"uv": [2, 8.5, 1.75, 8], "texture": "#0"},
				"down": {"uv": [2.25, 8, 2, 8.5], "texture": "#0"}
			}
		},
		{
			"from": [14, 2, 0],
			"to": [15, 5, 1],
			"faces": {
				"north": {"uv": [2.75, 8.5, 3, 10], "texture": "#0"},
				"east": {"uv": [2.5, 8.5, 2.75, 10], "texture": "#0"},
				"south": {"uv": [3.25, 8.5, 3.5, 10], "texture": "#0"},
				"west": {"uv": [3, 8.5, 3.25, 10], "texture": "#0"},
				"up": {"uv": [3, 8.5, 2.75, 8], "texture": "#0"},
				"down": {"uv": [3.25, 8, 3, 8.5], "texture": "#0"}
			}
		},
		{
			"from": [15, 2, 1],
			"to": [16, 4, 3],
			"faces": {
				"north": {"uv": [0.5, 9, 0.75, 10], "texture": "#0"},
				"east": {"uv": [0, 9, 0.5, 10], "texture": "#0"},
				"south": {"uv": [1.25, 9, 1.5, 10], "texture": "#0"},
				"west": {"uv": [0.75, 9, 1.25, 10], "texture": "#0"},
				"up": {"uv": [0.75, 9, 0.5, 8], "texture": "#0"},
				"down": {"uv": [1, 8, 0.75, 9], "texture": "#0"}
			}
		},
		{
			"from": [0, 2, 1],
			"to": [1, 4, 3],
			"faces": {
				"north": {"uv": [2, 4.5, 2.25, 5.5], "texture": "#0"},
				"east": {"uv": [1.5, 4.5, 2, 5.5], "texture": "#0"},
				"south": {"uv": [2.75, 4.5, 3, 5.5], "texture": "#0"},
				"west": {"uv": [2.25, 4.5, 2.75, 5.5], "texture": "#0"},
				"up": {"uv": [2.25, 4.5, 2, 3.5], "texture": "#0"},
				"down": {"uv": [2.5, 3.5, 2.25, 4.5], "texture": "#0"}
			}
		},
		{
			"from": [1, 2, 0],
			"to": [2, 5, 1],
			"faces": {
				"north": {"uv": [2.75, 2.5, 3, 4], "texture": "#0"},
				"east": {"uv": [2.5, 2.5, 2.75, 4], "texture": "#0"},
				"south": {"uv": [3.25, 2.5, 3.5, 4], "texture": "#0"},
				"west": {"uv": [3, 2.5, 3.25, 4], "texture": "#0"},
				"up": {"uv": [3, 2.5, 2.75, 2], "texture": "#0"},
				"down": {"uv": [3.25, 2, 3, 2.5], "texture": "#0"}
			}
		},
		{
			"from": [0, 0, 15],
			"to": [16, 2, 16],
			"faces": {
				"north": {"uv": [4.25, 0.5, 8.25, 1.5], "texture": "#0"},
				"east": {"uv": [4, 0.5, 4.25, 1.5], "texture": "#0"},
				"south": {"uv": [8.5, 0.5, 12.5, 1.5], "texture": "#0"},
				"west": {"uv": [8.25, 0.5, 8.5, 1.5], "texture": "#0"},
				"up": {"uv": [8.25, 0.5, 4.25, 0], "texture": "#0"},
				"down": {"uv": [12.25, 0, 8.25, 0.5], "texture": "#0"}
			}
		},
		{
			"from": [15, 0, 1],
			"to": [16, 2, 15],
			"rotation": {"angle": 0, "axis": "y", "origin": [8, 1, 9]},
			"faces": {
				"north": {"uv": [3.5, 15, 3.75, 16], "texture": "#0"},
				"east": {"uv": [0, 15, 3.5, 16], "texture": "#0"},
				"south": {"uv": [7.25, 15, 7.5, 16], "texture": "#0"},
				"west": {"uv": [3.75, 15, 7.25, 16], "texture": "#0"},
				"up": {"uv": [3.75, 15, 3.5, 8], "texture": "#0"},
				"down": {"uv": [4, 8, 3.75, 15], "texture": "#0"}
			}
		},
		{
			"from": [0, 0, 1],
			"to": [1, 2, 15],
			"rotation": {"angle": 0, "axis": "y", "origin": [8, 1, 9]},
			"faces": {
				"north": {"uv": [3.5, 7, 3.75, 8], "texture": "#0"},
				"east": {"uv": [0, 7, 3.5, 8], "texture": "#0"},
				"south": {"uv": [7.25, 7, 7.5, 8], "texture": "#0"},
				"west": {"uv": [3.75, 7, 7.25, 8], "texture": "#0"},
				"up": {"uv": [3.75, 7, 3.5, 0], "texture": "#0"},
				"down": {"uv": [4, 0, 3.75, 7], "texture": "#0"}
			}
		}
	],
	"display": {
		"thirdperson_righthand": {
			"rotation": [0, 0, -90],
			"translation": [4, 0, -2.25],
			"scale": [0.61, 0.61, 0.61]
		},
		"thirdperson_lefthand": {
			"rotation": [0, 0, -90],
			"translation": [4, 0, -2.25],
			"scale": [0.61, 0.61, 0.61]
		},
		"firstperson_righthand": {
			"rotation": [38, 0, -90],
			"translation": [6, -5.5, 0]
		},
		"firstperson_lefthand": {
			"rotation": [38, 0, -90],
			"translation": [6, -5.5, 0]
		},
		"ground": {
			"translation": [0, 4.5, 0]
		},
		"gui": {
			"rotation": [26, -137, 0],
			"translation": [0, 3, 0],
			"scale": [0.68, 0.68, 0.68]
		},
		"head": {
			"translation": [0, 11.5, 0]
		},
		"fixed": {
			"rotation": [-90, 0, 0],
			"translation": [0, 0, -7.5]
		}
	},
	"groups": [
		{
			"name": "group",
			"origin": [8, 1, 9],
			"color": 0,
			"children": [0, 1, 2, 3, 4, 5, 6, 7, 8, 9, 10, 11, 12]
		}
	]
}