{
  "parent": "minecraft:block/oak_button_inventory",
  
  "overrides": [
		{"predicate": {"custom_model_data":1}, "model": "item/partyhat"},
		{"predicate": {"custom_model_data":2}, "model": "item/mininghelmet"},
		{"predicate": {"custom_model_data":3}, "model": "item/pick_head"},
		{"predicate": {"custom_model_data":4}, "model": "item/sword_head"},
		{"predicate": {"custom_model_data":5}, "model": "item/axe_head"},
		{"predicate": {"custom_model_data":6}, "model": "item/mario_cap"},
		{"predicate": {"custom_model_data":7}, "model": "item/luigi_cap"},
		{"predicate": {"custom_model_data":8}, "model": "item/sonicman_helmet"},
		{"predicate": {"custom_model_data":9}, "model": "item/goggles"},
		{"predicate": {"custom_model_data":10}, "model": "item/piglin_ears"},
		{"predicate": {"custom_model_data":11}, "model": "item/warden_tendrils"},
		{"predicate": {"custom_model_data":12}, "model": "item/giftbox_hat"},
		{"predicate": {"custom_model_data":13}, "model": "item/cat_ears"},
		{"predicate": {"custom_model_data":14}, "model": "item/cathat"},
		{"predicate": {"custom_model_data":15}, "model": "item/balloons"},
		{"predicate": {"custom_model_data":16}, "model": "item/terraria_hair"},
		{"predicate": {"custom_model_data":17}, "model": "item/guest_head"},
		{"predicate": {"custom_model_data":18}, "model": "item/gold_crown"},
		{"predicate": {"custom_model_data":19}, "model": "item/wing_cap"},
		{"predicate": {"custom_model_data":20}, "model": "item/stab_helmet"},
		{"predicate": {"custom_model_data":21}, "model": "item/athenus_tower"},
		{"predicate": {"custom_model_data":22}, "model": "item/blocktham"},
		{"predicate": {"custom_model_data":23}, "model": "item/flycraft"},
		{"predicate": {"custom_model_data":24}, "model": "item/netherite_crown"},
		{"predicate": {"custom_model_data":25}, "model": "item/snorkel_hat"},
		{"predicate": {"custom_model_data":26}, "model": "item/floatie_hat"},
		{"predicate": {"custom_model_data":27}, "model": "item/sunglasses"},
		{"predicate": {"custom_model_data":28}, "model": "item/straw_hat"},
		{"predicate": {"custom_model_data":29}, "model": "item/candy_wrapper"},
		{"predicate": {"custom_model_data":30}, "model": "item/trashcan_lid"},
		{"predicate": {"custom_model_data":31}, "model": "item/top_hat"},
		{"predicate": {"custom_model_data":32}, "model": "item/propellor_cap"},
		{"predicate": {"custom_model_data":33}, "model": "item/dunce_cap"},
		{"predicate": {"custom_model_data":34}, "model": "item/pirate_hat"},
		{"predicate": {"custom_model_data":35}, "model": "item/cowboy_hat"},
		{"predicate": {"custom_model_data":36}, "model": "item/wario_cap"},
		{"predicate": {"custom_model_data":37}, "model": "item/waluigi_cap"},
		{"predicate": {"custom_model_data":38}, "model": "item/cultist_cosplay"},
		{"predicate": {"custom_model_data":39}, "model": "item/devil_horns"},
		{"predicate": {"custom_model_data":40}, "model": "item/halo"},
		{"predicate": {"custom_model_data":41}, "model": "item/pikmin_1"},
		{"predicate": {"custom_model_data":42}, "model": "item/pikmin_2"},
		{"predicate": {"custom_model_data":43}, "model": "item/pikmin_3"},
		{"predicate": {"custom_model_data":44}, "model": "item/centurion_helm"},
		{"predicate": {"custom_model_data":45}, "model": "item/templar_helm"},
		{"predicate": {"custom_model_data":46}, "model": "item/hollowknight_helm"},
		{"predicate": {"custom_model_data":47}, "model": "item/ultra_helm"},
		{"predicate": {"custom_model_data":48}, "model": "item/olimar_helm"},
		{"predicate": {"custom_model_data":49}, "model": "item/gold_trash"},
		{"predicate": {"custom_model_data":50}, "model": "item/potato_mask"},
		{"predicate": {"custom_model_data":404}, "model": "item/error_hat"}
	]
}