{
	"credit": "Made with Blockbench",
	"texture_size": [64, 64],
	"textures": {
		"0": "item/hats/partyhat",
		"particle": "item/hats/partyhat"
	},
	"elements": [
		{
			"from": [3, 0, 3],
			"to": [13, 2, 13],
			"faces": {
				"north": {"uv": [11, 9.25, 13.5, 9.75], "texture": "#0"},
				"east": {"uv": [13.5, 9.25, 16, 9.75], "texture": "#0"},
				"south": {"uv": [6, 9.25, 8.5, 9.75], "texture": "#0"},
				"west": {"uv": [8.5, 9.25, 11, 9.75], "texture": "#0"},
				"up": {"uv": [11, 6.75, 13.5, 9.25], "texture": "#0"},
				"down": {"uv": [11, 9.75, 13.5, 12.25], "texture": "#0"}
			}
		},
		{
			"from": [5, 4, 5],
			"to": [11, 8, 11],
			"faces": {
				"north": {"uv": [11, 3.5, 12.5, 4.5], "texture": "#0"},
				"east": {"uv": [12.5, 3.5, 14, 4.5], "texture": "#0"},
				"south": {"uv": [14, 3.5, 15.5, 4.5], "texture": "#0"},
				"west": {"uv": [9.5, 3.5, 11, 4.5], "texture": "#0"},
				"up": {"uv": [11, 2, 12.5, 3.5], "texture": "#0"},
				"down": {"uv": [11, 4.5, 12.5, 6], "texture": "#0"}
			}
		},
		{
			"from": [4, 2, 4],
			"to": [12, 4, 12],
			"faces": {
				"north": {"uv": [2.25, 6.25, 4.25, 6.75], "texture": "#0"},
				"east": {"uv": [4.25, 6.25, 6.25, 6.75], "texture": "#0"},
				"south": {"uv": [6.25, 6.25, 8.25, 6.75], "texture": "#0"},
				"west": {"uv": [0.25, 6.25, 2.25, 6.75], "texture": "#0"},
				"up": {"uv": [2.25, 4.25, 4.25, 6.25], "texture": "#0"},
				"down": {"uv": [2.25, 6.75, 4.25, 8.75], "texture": "#0"}
			}
		},
		{
			"from": [6, 8, 6],
			"to": [10, 12, 10],
			"faces": {
				"north": {"uv": [7.5, 2, 8.5, 3], "texture": "#0"},
				"east": {"uv": [8.5, 2, 9.5, 3], "texture": "#0"},
				"south": {"uv": [9.5, 2, 10.5, 3], "texture": "#0"},
				"west": {"uv": [6.5, 2, 7.5, 3], "texture": "#0"},
				"up": {"uv": [7.5, 1, 8.5, 2], "texture": "#0"},
				"down": {"uv": [7.5, 3, 8.5, 4], "texture": "#0"}
			}
		},
		{
			"from": [7, 12, 7],
			"to": [9, 14, 9],
			"faces": {
				"north": {"uv": [4.75, 2.5, 5.25, 3], "texture": "#0"},
				"east": {"uv": [5.25, 2.5, 5.75, 3], "texture": "#0"},
				"south": {"uv": [5.75, 2.5, 6.25, 3], "texture": "#0"},
				"west": {"uv": [4.25, 2.5, 4.75, 3], "texture": "#0"},
				"up": {"uv": [4.75, 2, 5.25, 2.5], "texture": "#0"},
				"down": {"uv": [4.75, 3, 5.25, 3.5], "texture": "#0"}
			}
		},
		{
			"from": [6, 14, 6],
			"to": [10, 18, 10],
			"faces": {
				"north": {"uv": [1, 2, 2, 3], "texture": "#0"},
				"east": {"uv": [2, 2, 3, 3], "texture": "#0"},
				"south": {"uv": [3, 2, 4, 3], "texture": "#0"},
				"west": {"uv": [0, 2, 1, 3], "texture": "#0"},
				"up": {"uv": [1, 1, 2, 2], "texture": "#0"},
				"down": {"uv": [1, 3, 2, 4], "texture": "#0"}
			}
		}
	],
	"display": {
		"thirdperson_righthand": {
			"rotation": [51, 0, 0],
			"translation": [0, 4.5, 3],
			"scale": [0.75, 0.75, 0.75]
		},
		"thirdperson_lefthand": {
			"rotation": [51, 0, 0],
			"translation": [0, 4.5, 3],
			"scale": [0.75, 0.75, 0.75]
		},
		"ground": {
			"translation": [0, 1.5, 0],
			"scale": [0.75, 0.75, 0.75]
		},
		"gui": {
			"rotation": [11, 50, 18],
			"scale": [0.78, 0.78, 0.78]
		},
		"head": {
			"translation": [0, 14.25, 0]
		},
		"fixed": {
			"translation": [0, -1, 0]
		}
	}
}