{
	"credit": "Made with Blockbench",
	"texture_size": [64, 32],
	"textures": {
		"0": "item/hats/pick_head",
		"particle": "item/hats/pick_head"
	},
	"elements": [
		{
			"from": [6, -5, 5],
			"to": [10, 7, 7],
			"rotation": {"angle": -22.5, "axis": "x", "origin": [-3, -5, 0]},
			"faces": {
				"north": {"uv": [3.75, 1, 4.75, 7], "texture": "#0"},
				"east": {"uv": [3.25, 1, 3.75, 7], "texture": "#0"},
				"south": {"uv": [5.25, 1, 6.25, 7], "texture": "#0"},
				"west": {"uv": [4.75, 1, 5.25, 7], "texture": "#0"},
				"up": {"uv": [4.75, 1, 3.75, 0], "texture": "#0"},
				"down": {"uv": [5.75, 0, 4.75, 1], "texture": "#0"}
			}
		},
		{
			"from": [7, -1, 3],
			"to": [9, 1, 30],
			"rotation": {"angle": -22.5, "axis": "x", "origin": [-3, -5, 0]},
			"faces": {
				"north": {"uv": [6.75, 14.5, 7.25, 15.5], "texture": "#0"},
				"east": {"uv": [0, 14.5, 6.75, 15.5], "texture": "#0"},
				"south": {"uv": [14, 14.5, 14.5, 15.5], "texture": "#0"},
				"west": {"uv": [7.25, 14.5, 14, 15.5], "texture": "#0"},
				"up": {"uv": [7.25, 14.5, 6.75, 1], "texture": "#0"},
				"down": {"uv": [7.75, 1, 7.25, 14.5], "texture": "#0"}
			}
		},
		{
			"from": [6, 7.99997, 0.0272],
			"to": [10, 16.99997, 2.0272],
			"rotation": {"angle": 0, "axis": "y", "origin": [-3, -0.00003, -4.9728]},
			"faces": {
				"north": {"uv": [0.5, 2, 1.5, 6.5], "texture": "#0"},
				"east": {"uv": [0, 2, 0.5, 6.5], "texture": "#0"},
				"south": {"uv": [2, 2, 3, 6.5], "texture": "#0"},
				"west": {"uv": [1.5, 2, 2, 6.5], "texture": "#0"},
				"up": {"uv": [1.5, 2, 0.5, 1], "texture": "#0"},
				"down": {"uv": [2.5, 1, 1.5, 2], "texture": "#0"}
			}
		}
	],
	"display": {
		"thirdperson_righthand": {
			"rotation": [118, 0, 0],
			"translation": [0, 2.25, 4.5],
			"scale": [0.6, 0.6, 0.6]
		},
		"thirdperson_lefthand": {
			"rotation": [118, 0, 0],
			"translation": [0, 2.25, 4.5],
			"scale": [0.6, 0.6, 0.6]
		},
		"ground": {
			"translation": [0, 3.5, 0],
			"scale": [0.75, 0.75, 0.75]
		},
		"gui": {
			"rotation": [16, -118, 0],
			"translation": [2, 0, 0],
			"scale": [0.53, 0.53, 0.53]
		},
		"head": {
			"translation": [0, 14.25, -2.5]
		},
		"fixed": {
			"rotation": [93.61, 33.89, -91.97],
			"translation": [0, 1.25, 0],
			"scale": [0.72, 0.72, 0.72]
		}
	},
	"groups": [
		{
			"name": "group",
			"origin": [0, 6.52238, -2.68087],
			"color": 0,
			"children": [0, 1, 2]
		}
	]
}