{
	"credit": "Made with Blockbench",
	"texture_size": [64, 16],
	"textures": {
		"0": "item/hats/piglin_ears",
		"particle": "item/hats/piglin_ears"
	},
	"elements": [
		{
			"from": [3, 5, 9],
			"to": [4, 9, 11],
			"faces": {
				"north": {"uv": [6.5, 2, 6.75, 6], "texture": "#0"},
				"east": {"uv": [6, 2, 6.5, 6], "texture": "#0"},
				"south": {"uv": [7.25, 2, 7.5, 6], "texture": "#0"},
				"west": {"uv": [6.75, 2, 7.25, 6], "texture": "#0"},
				"up": {"uv": [6.75, 2, 6.5, 0], "texture": "#0"},
				"down": {"uv": [7, 0, 6.75, 2], "texture": "#0"}
			}
		},
		{
			"from": [12, 5, 9],
			"to": [13, 9, 11],
			"faces": {
				"north": {"uv": [6.5, 2, 6.75, 6], "texture": "#0"},
				"east": {"uv": [6, 2, 6.5, 6], "texture": "#0"},
				"south": {"uv": [7.25, 2, 7.5, 6], "texture": "#0"},
				"west": {"uv": [6.75, 2, 7.25, 6], "texture": "#0"},
				"up": {"uv": [6.75, 2, 6.5, 0], "texture": "#0"},
				"down": {"uv": [7, 0, 6.75, 2], "texture": "#0"}
			}
		},
		{
			"from": [4, 8, 9],
			"to": [12, 9, 11],
			"faces": {
				"north": {"uv": [8.5, 2, 10.5, 3], "texture": "#0"},
				"east": {"uv": [8, 2, 8.5, 3], "texture": "#0"},
				"south": {"uv": [11, 2, 13, 3], "texture": "#0"},
				"west": {"uv": [10.5, 2, 11, 3], "texture": "#0"},
				"up": {"uv": [10.5, 2, 8.5, 0], "texture": "#0"},
				"down": {"uv": [12.5, 0, 10.5, 2], "texture": "#0"}
			}
		},
		{
			"name": "left_ear",
			"from": [2.5, 1, 8],
			"to": [3.5, 6, 12],
			"rotation": {"angle": -22.5, "axis": "z", "origin": [3, 3.5, 10]},
			"faces": {
				"north": {"uv": [4, 4, 4.25, 9], "texture": "#0"},
				"east": {"uv": [3, 4, 4, 9], "texture": "#0"},
				"south": {"uv": [5.25, 4, 5.5, 9], "texture": "#0"},
				"west": {"uv": [4.25, 4, 5.25, 9], "texture": "#0"},
				"up": {"uv": [4.25, 4, 4, 0], "texture": "#0"},
				"down": {"uv": [4.5, 0, 4.25, 4], "texture": "#0"}
			}
		},
		{
			"name": "right_ear",
			"from": [12.5, 1, 8],
			"to": [13.5, 6, 12],
			"rotation": {"angle": 22.5, "axis": "z", "origin": [13, 3.5, 10]},
			"faces": {
				"north": {"uv": [1, 4, 1.25, 9], "texture": "#0"},
				"east": {"uv": [0, 4, 1, 9], "texture": "#0"},
				"south": {"uv": [2.25, 4, 2.5, 9], "texture": "#0"},
				"west": {"uv": [1.25, 4, 2.25, 9], "texture": "#0"},
				"up": {"uv": [1.25, 4, 1, 0], "texture": "#0"},
				"down": {"uv": [1.5, 0, 1.25, 4], "texture": "#0"}
			}
		}
	],
	"display": {
		"thirdperson_righthand": {
			"rotation": [90.38, -83.76, -0.43],
			"translation": [2.25, -2, 0.25]
		},
		"thirdperson_lefthand": {
			"rotation": [90.38, -83.76, -0.43],
			"translation": [2.25, -2, 0.25]
		},
		"firstperson_righthand": {
			"rotation": [0, -82.25, 0],
			"translation": [3.75, 0, 0]
		},
		"firstperson_lefthand": {
			"rotation": [0, -82.25, 0],
			"translation": [3.75, 0, 0]
		},
		"ground": {
			"translation": [0, 3.25, 0]
		},
		"gui": {
			"rotation": [23, 14, 0],
			"translation": [-0.25, 3, 0]
		},
		"head": {
			"translation": [0, 6.5, -3.5],
			"scale": [1.5957, 1.5957, 1.5957]
		},
		"fixed": {
			"translation": [0, 2.5, -1.25],
			"scale": [1.19, 1.19, 1.19]
		}
	},
	"groups": [
		{
			"name": "band",
			"origin": [0, 0, 0],
			"color": 0,
			"children": [0, 1, 2]
		},
		{
			"name": "left_ear",
			"origin": [-4.5, 30, 0],
			"color": 0,
			"children": [3]
		},
		{
			"name": "right_ear",
			"origin": [4.5, 30, 0],
			"color": 0,
			"children": [4]
		}
	]
}