{
	"credit": "Made with Blockbench",
	"texture_size": [24, 24],
	"textures": {
		"0": "item/hats/pikmin_2",
		"particle": "item/hats/pikmin_2"
	},
	"elements": [
		{
			"from": [6, 3, 6],
			"to": [9, 5, 9],
			"faces": {
				"north": {"uv": [2, 2, 4, 3.33333], "texture": "#0"},
				"east": {"uv": [0, 2, 2, 3.33333], "texture": "#0"},
				"south": {"uv": [6, 2, 8, 3.33333], "texture": "#0"},
				"west": {"uv": [4, 2, 6, 3.33333], "texture": "#0"},
				"up": {"uv": [4, 2, 2, 0], "texture": "#0"},
				"down": {"uv": [6, 0, 4, 2], "texture": "#0"}
			}
		},
		{
			"from": [7, 9, 7],
			"to": [8, 12, 8],
			"rotation": {"angle": 0, "axis": "x", "origin": [7.5, 14.5, 7.5]},
			"faces": {
				"north": {"uv": [12, 0.66667, 12.66667, 2.66667], "texture": "#0"},
				"east": {"uv": [11.33333, 0.66667, 12, 2.66667], "texture": "#0"},
				"south": {"uv": [13.33333, 0.66667, 14, 2.66667], "texture": "#0"},
				"west": {"uv": [12.66667, 0.66667, 13.33333, 2.66667], "texture": "#0"},
				"up": {"uv": [12.66667, 0.66667, 12, 0], "texture": "#0"},
				"down": {"uv": [13.33333, 0, 12.66667, 0.66667], "texture": "#0"}
			}
		},
		{
			"from": [6.5, 5, 6.5],
			"to": [8.5, 9, 8.5],
			"rotation": {"angle": 0, "axis": "x", "origin": [7.5, 8.5, 9.5]},
			"faces": {
				"north": {"uv": [12, 4.66667, 13.33333, 7.33333], "texture": "#0"},
				"east": {"uv": [10.66667, 4.66667, 12, 7.33333], "texture": "#0"},
				"south": {"uv": [14.66667, 4.66667, 16, 7.33333], "texture": "#0"},
				"west": {"uv": [13.33333, 4.66667, 14.66667, 7.33333], "texture": "#0"},
				"up": {"uv": [13.33333, 4.66667, 12, 3.33333], "texture": "#0"},
				"down": {"uv": [14.66667, 3.33333, 13.33333, 4.66667], "texture": "#0"}
			}
		},
		{
			"from": [7, 12, 8],
			"to": [8, 18, 9],
			"rotation": {"angle": 22.5, "axis": "x", "origin": [7.5, 14.5, 7.5]},
			"faces": {
				"north": {"uv": [8.66667, 0.66667, 9.33333, 4.66667], "texture": "#0"},
				"east": {"uv": [8, 0.66667, 8.66667, 4.66667], "texture": "#0"},
				"south": {"uv": [10, 0.66667, 10.66667, 4.66667], "texture": "#0"},
				"west": {"uv": [9.33333, 0.66667, 10, 4.66667], "texture": "#0"},
				"up": {"uv": [9.33333, 0.66667, 8.66667, 0], "texture": "#0"},
				"down": {"uv": [10, 0, 9.33333, 0.66667], "texture": "#0"}
			}
		},
		{
			"from": [6, 16, 8.75],
			"to": [9, 24, 11.75],
			"rotation": {"angle": 22.5, "axis": "x", "origin": [7.5, 18.5, 10.5]},
			"faces": {
				"north": {"uv": [2, 5.33333, 4, 10.66667], "texture": "#0"},
				"east": {"uv": [0, 5.33333, 2, 10.66667], "texture": "#0"},
				"south": {"uv": [6, 5.33333, 8, 10.66667], "texture": "#0"},
				"west": {"uv": [4, 5.33333, 6, 10.66667], "texture": "#0"},
				"up": {"uv": [4, 5.33333, 2, 3.33333], "texture": "#0"},
				"down": {"uv": [6, 3.33333, 4, 5.33333], "texture": "#0"}
			}
		},
		{
			"from": [5, 18, 7.75],
			"to": [10, 22, 12.75],
			"rotation": {"angle": 22.5, "axis": "x", "origin": [7.5, 18.5, 10.5]},
			"faces": {
				"north": {"uv": [6, 13.33333, 9.33333, 16], "texture": "#0"},
				"east": {"uv": [2.66667, 13.33333, 6, 16], "texture": "#0"},
				"south": {"uv": [12.66667, 13.33333, 16, 16], "texture": "#0"},
				"west": {"uv": [9.33333, 13.33333, 12.66667, 16], "texture": "#0"},
				"up": {"uv": [12.66667, 13.33333, 9.33333, 10], "texture": "#0"},
				"down": {"uv": [16, 10, 12.66667, 13.33333], "texture": "#0"}
			}
		}
	],
	"display": {
		"thirdperson_righthand": {
			"translation": [0, 0, 1],
			"scale": [0.35, 0.35, 0.35]
		},
		"thirdperson_lefthand": {
			"translation": [0, 0, 1],
			"scale": [0.35, 0.35, 0.35]
		},
		"firstperson_righthand": {
			"translation": [0.5, 0.5, 0],
			"scale": [0.43, 0.43, 0.43]
		},
		"firstperson_lefthand": {
			"translation": [0.5, 0.5, 0],
			"scale": [0.43, 0.43, 0.43]
		},
		"ground": {
			"translation": [0, -5.75, 0],
			"scale": [0.51, 0.51, 0.51]
		},
		"gui": {
			"rotation": [-165.79, -50.81, 154.86],
			"translation": [1.5, -3.25, 0],
			"scale": [0.625, 0.625, 0.625]
		},
		"head": {
			"translation": [0.75, 13.5, 0],
			"scale": [1.5, 1.5, 1.5]
		},
		"fixed": {
			"rotation": [0, 180, 0],
			"translation": [0, -2.5, 0]
		}
	},
	"groups": [
		{
			"name": "group",
			"origin": [9.5, 17, 13],
			"color": 0,
			"children": [
				0,
				1,
				2,
				{
					"name": "group",
					"origin": [9.5, 18, 15],
					"color": 0,
					"children": [3, 4, 5]
				}
			]
		}
	]
}