{
	"credit": "Made with Blockbench",
	"texture_size": [24, 24],
	"textures": {
		"0": "item/hats/pikmin_3",
		"particle": "item/hats/pikmin_3"
	},
	"elements": [
		{
			"from": [6.5, 3, 6],
			"to": [9.5, 5, 9],
			"rotation": {"angle": 0, "axis": "y", "origin": [0.5, 0, 0]},
			"faces": {
				"north": {"uv": [2, 2, 4, 3.33333], "texture": "#0"},
				"east": {"uv": [0, 2, 2, 3.33333], "texture": "#0"},
				"south": {"uv": [6, 2, 8, 3.33333], "texture": "#0"},
				"west": {"uv": [4, 2, 6, 3.33333], "texture": "#0"},
				"up": {"uv": [4, 2, 2, 0], "texture": "#0"},
				"down": {"uv": [6, 0, 4, 2], "texture": "#0"}
			}
		},
		{
			"from": [7.5, 9, 7],
			"to": [8.5, 12, 8],
			"rotation": {"angle": 0, "axis": "x", "origin": [8, 14.5, 7.5]},
			"faces": {
				"north": {"uv": [12, 0.66667, 12.66667, 2.66667], "texture": "#0"},
				"east": {"uv": [11.33333, 0.66667, 12, 2.66667], "texture": "#0"},
				"south": {"uv": [13.33333, 0.66667, 14, 2.66667], "texture": "#0"},
				"west": {"uv": [12.66667, 0.66667, 13.33333, 2.66667], "texture": "#0"},
				"up": {"uv": [12.66667, 0.66667, 12, 0], "texture": "#0"},
				"down": {"uv": [13.33333, 0, 12.66667, 0.66667], "texture": "#0"}
			}
		},
		{
			"from": [7, 5, 6.5],
			"to": [9, 9, 8.5],
			"rotation": {"angle": 0, "axis": "x", "origin": [8, 8.5, 9.5]},
			"faces": {
				"north": {"uv": [12, 4.66667, 13.33333, 7.33333], "texture": "#0"},
				"east": {"uv": [10.66667, 4.66667, 12, 7.33333], "texture": "#0"},
				"south": {"uv": [14.66667, 4.66667, 16, 7.33333], "texture": "#0"},
				"west": {"uv": [13.33333, 4.66667, 14.66667, 7.33333], "texture": "#0"},
				"up": {"uv": [13.33333, 4.66667, 12, 3.33333], "texture": "#0"},
				"down": {"uv": [14.66667, 3.33333, 13.33333, 4.66667], "texture": "#0"}
			}
		},
		{
			"from": [7.5, 12, 8],
			"to": [8.5, 18, 9],
			"rotation": {"angle": 22.5, "axis": "x", "origin": [8, 14.5, 7.5]},
			"faces": {
				"north": {"uv": [8.66667, 0.66667, 9.33333, 4.66667], "texture": "#0"},
				"east": {"uv": [8, 0.66667, 8.66667, 4.66667], "texture": "#0"},
				"south": {"uv": [10, 0.66667, 10.66667, 4.66667], "texture": "#0"},
				"west": {"uv": [9.33333, 0.66667, 10, 4.66667], "texture": "#0"},
				"up": {"uv": [9.33333, 0.66667, 8.66667, 0], "texture": "#0"},
				"down": {"uv": [10, 0, 9.33333, 0.66667], "texture": "#0"}
			}
		},
		{
			"from": [6.5, 16, 8.75],
			"to": [9.5, 18, 11.75],
			"rotation": {"angle": 22.5, "axis": "x", "origin": [8, 18.5, 10.5]},
			"faces": {
				"north": {"uv": [2, 5.33333, 4, 6.66667], "texture": "#0"},
				"east": {"uv": [0, 5.33333, 2, 6.66667], "texture": "#0"},
				"south": {"uv": [6, 5.33333, 8, 6.66667], "texture": "#0"},
				"west": {"uv": [4, 5.33333, 6, 6.66667], "texture": "#0"},
				"up": {"uv": [4, 5.33333, 2, 3.33333], "texture": "#0"},
				"down": {"uv": [6, 3.33333, 4, 5.33333], "texture": "#0"}
			}
		},
		{
			"from": [1.5, 16.5, 5.5],
			"to": [14.5, 16.5, 18.5],
			"rotation": {"angle": 22.5, "axis": "x", "origin": [1.5, 21, 12]},
			"faces": {
				"north": {"uv": [0, 16, 8.66667, 16], "texture": "#0"},
				"east": {"uv": [-8.66667, 16, 0, 16], "texture": "#0"},
				"south": {"uv": [17.33333, 16, 26, 16], "texture": "#0"},
				"west": {"uv": [8.66667, 16, 17.33333, 16], "texture": "#0"},
				"up": {"uv": [8.66667, 16, 0, 7.33333], "texture": "#0"},
				"down": {"uv": [8.66667, 7.33333, 0, 16], "texture": "#0"}
			}
		},
		{
			"from": [11.49823, -3, 8.84774],
			"to": [17.49823, 3, 8.84774],
			"rotation": {"angle": -22.5, "axis": "y", "origin": [14.74823, 0, 10.34774]},
			"faces": {
				"north": {"uv": [12, 8, 16, 12], "texture": "#0"},
				"east": {"uv": [8, 12, 8, 16], "texture": "#0"},
				"south": {"uv": [12, 12, 16, 16], "texture": "#0"},
				"west": {"uv": [12, 12, 12, 16], "texture": "#0"},
				"up": {"uv": [12, 12, 8, 12], "texture": "#0"},
				"down": {"uv": [16, 12, 12, 12], "texture": "#0"}
			}
		},
		{
			"from": [-1.49823, -3, 8.84774],
			"to": [4.50177, 3, 8.84774],
			"rotation": {"angle": 22.5, "axis": "y", "origin": [1.25177, 0, 10.34774]},
			"faces": {
				"north": {"uv": [16, 8, 12, 12], "texture": "#0"},
				"east": {"uv": [12, 12, 12, 16], "texture": "#0"},
				"south": {"uv": [16, 12, 12, 16], "texture": "#0"},
				"west": {"uv": [8, 12, 8, 16], "texture": "#0"},
				"up": {"uv": [8, 12, 12, 12], "texture": "#0"},
				"down": {"uv": [12, 12, 16, 12], "texture": "#0"}
			}
		}
	],
	"display": {
		"thirdperson_righthand": {
			"translation": [0, 2, 1],
			"scale": [0.35, 0.35, 0.35]
		},
		"thirdperson_lefthand": {
			"translation": [0, 2, 1],
			"scale": [0.35, 0.35, 0.35]
		},
		"firstperson_righthand": {
			"translation": [0.5, 0.5, 0],
			"scale": [0.43, 0.43, 0.43]
		},
		"firstperson_lefthand": {
			"translation": [0.5, 0.5, 0],
			"scale": [0.43, 0.43, 0.43]
		},
		"ground": {
			"translation": [0, -5.75, 0],
			"scale": [0.51, 0.51, 0.51]
		},
		"gui": {
			"rotation": [-165.79, -50.81, 154.86],
			"translation": [0, 0.5, 0],
			"scale": [0.54, 0.54, 0.54]
		},
		"head": {
			"translation": [0, 13.5, 0],
			"scale": [1.5, 1.5, 1.5]
		},
		"fixed": {
			"rotation": [0, 180, 0],
			"translation": [0, 3.5, 0]
		}
	},
	"groups": [
		{
			"name": "group",
			"origin": [9.5, 17, 13],
			"color": 0,
			"children": [
				0,
				1,
				2,
				{
					"name": "group",
					"origin": [9.5, 18, 15],
					"color": 0,
					"children": [3, 4, 5]
				}
			]
		},
		6,
		7
	]
}