{
	"credit": "Made with Blockbench",
	"textures": {
		"0": "item/hats/pikmin_1",
		"particle": "item/hats/pikmin_1"
	},
	"elements": [
		{
			"from": [6, 3, 6],
			"to": [9, 5, 9],
			"faces": {
				"north": {"uv": [3, 3, 6, 5], "texture": "#0"},
				"east": {"uv": [0, 3, 3, 5], "texture": "#0"},
				"south": {"uv": [9, 3, 12, 5], "texture": "#0"},
				"west": {"uv": [6, 3, 9, 5], "texture": "#0"},
				"up": {"uv": [6, 3, 3, 0], "texture": "#0"},
				"down": {"uv": [9, 0, 6, 3], "texture": "#0"}
			}
		},
		{
			"from": [7, 9, 7],
			"to": [8, 12, 8],
			"rotation": {"angle": 0, "axis": "x", "origin": [7.5, 14.5, 7.5]},
			"faces": {
				"north": {"uv": [9, 7, 10, 10], "texture": "#0"},
				"east": {"uv": [8, 7, 9, 10], "texture": "#0"},
				"south": {"uv": [11, 7, 12, 10], "texture": "#0"},
				"west": {"uv": [10, 7, 11, 10], "texture": "#0"},
				"up": {"uv": [10, 7, 9, 6], "texture": "#0"},
				"down": {"uv": [11, 6, 10, 7], "texture": "#0"}
			}
		},
		{
			"from": [6.5, 5, 6.5],
			"to": [8.5, 9, 8.5],
			"rotation": {"angle": 0, "axis": "x", "origin": [7.5, 8.5, 9.5]},
			"faces": {
				"north": {"uv": [10, 12, 12, 16], "texture": "#0"},
				"east": {"uv": [8, 12, 10, 16], "texture": "#0"},
				"south": {"uv": [14, 12, 16, 16], "texture": "#0"},
				"west": {"uv": [12, 12, 14, 16], "texture": "#0"},
				"up": {"uv": [12, 12, 10, 10], "texture": "#0"},
				"down": {"uv": [14, 10, 12, 12], "texture": "#0"}
			}
		},
		{
			"from": [7, 12, 8],
			"to": [8, 18, 9],
			"rotation": {"angle": 22.5, "axis": "x", "origin": [7.5, 14.5, 7.5]},
			"faces": {
				"north": {"uv": [13, 1, 14, 7], "texture": "#0"},
				"east": {"uv": [12, 1, 13, 7], "texture": "#0"},
				"south": {"uv": [15, 1, 16, 7], "texture": "#0"},
				"west": {"uv": [14, 1, 15, 7], "texture": "#0"},
				"up": {"uv": [14, 1, 13, 0], "texture": "#0"},
				"down": {"uv": [15, 0, 14, 1], "texture": "#0"}
			}
		},
		{
			"from": [4, 16.45305, 11.93821],
			"to": [11, 27.45305, 11.93821],
			"rotation": {"angle": 45, "axis": "x", "origin": [7.5, 19.95305, 10.93821]},
			"faces": {
				"north": {"uv": [0, 5, 7, 16], "texture": "#0"},
				"east": {"uv": [0, 5, 0, 11], "texture": "#0"},
				"south": {"uv": [7, 5, 0, 16], "texture": "#0"},
				"west": {"uv": [5, 5, 5, 11], "texture": "#0"},
				"up": {"uv": [5, 5, 0, 5], "texture": "#0"},
				"down": {"uv": [10, 5, 5, 5], "texture": "#0"}
			}
		}
	],
	"gui_light": "front",
	"display": {
		"thirdperson_righthand": {
			"translation": [0, 0, 1],
			"scale": [0.35, 0.35, 0.35]
		},
		"thirdperson_lefthand": {
			"translation": [0, 0, 1],
			"scale": [0.35, 0.35, 0.35]
		},
		"firstperson_righthand": {
			"translation": [0.5, 0.5, 0],
			"scale": [0.43, 0.43, 0.43]
		},
		"firstperson_lefthand": {
			"translation": [0.5, 0.5, 0],
			"scale": [0.43, 0.43, 0.43]
		},
		"ground": {
			"translation": [0, -5.75, 0],
			"scale": [0.51, 0.51, 0.51]
		},
		"gui": {
			"rotation": [-165.79, -50.81, 154.86],
			"translation": [1.5, -3.25, 0],
			"scale": [0.625, 0.625, 0.625]
		},
		"head": {
			"translation": [0.75, 13.5, 0],
			"scale": [1.5, 1.5, 1.5]
		},
		"fixed": {
			"rotation": [0, 180, 0],
			"translation": [0, -2.5, 0]
		}
	},
	"groups": [
		{
			"name": "group",
			"origin": [9.5, 17, 13],
			"color": 0,
			"children": [
				0,
				1,
				2,
				{
					"name": "group",
					"origin": [9.5, 18, 15],
					"color": 0,
					"children": [3, 4]
				}
			]
		}
	]
}