{
	"credit": "Made with Blockbench",
	"texture_size": [48, 48],
	"textures": {
		"0": "item/hats/pirate_hat",
		"particle": "item/hats/pirate_hat"
	},
	"elements": [
		{
			"from": [4, 0, 4],
			"to": [12, 4, 13],
			"faces": {
				"north": {"uv": [3, 7.33333, 5.66667, 8.66667], "texture": "#0"},
				"east": {"uv": [0, 7.33333, 3, 8.66667], "texture": "#0"},
				"south": {"uv": [8.66667, 7.33333, 11.33333, 8.66667], "texture": "#0"},
				"west": {"uv": [5.66667, 7.33333, 8.66667, 8.66667], "texture": "#0"},
				"up": {"uv": [5.66667, 7.33333, 3, 4.33333], "texture": "#0"},
				"down": {"uv": [8.33333, 4.33333, 5.66667, 7.33333], "texture": "#0"}
			}
		},
		{
			"from": [2, 0, 3],
			"to": [14, 0, 16],
			"faces": {
				"north": {"uv": [0, 4.33333, 4, 4.33333], "texture": "#0"},
				"east": {"uv": [-4.33333, 4.33333, 0, 4.33333], "texture": "#0"},
				"south": {"uv": [8.33333, 4.33333, 12.33333, 4.33333], "texture": "#0"},
				"west": {"uv": [4, 4.33333, 8.33333, 4.33333], "texture": "#0"},
				"up": {"uv": [4, 4.33333, 0, 0], "texture": "#0"},
				"down": {"uv": [8, 0, 4, 4.33333], "texture": "#0"}
			}
		},
		{
			"from": [2, 0, 3],
			"to": [14, 6, 3],
			"faces": {
				"north": {"uv": [8, 0, 12, 2], "texture": "#0"},
				"east": {"uv": [8.33333, 4.33333, 8.33333, 6], "texture": "#0"},
				"south": {"uv": [12, 2, 8, 4], "texture": "#0"},
				"west": {"uv": [12.33333, 4.33333, 12.33333, 6], "texture": "#0"},
				"up": {"uv": [12.33333, 4.33333, 8.33333, 4.33333], "texture": "#0"},
				"down": {"uv": [16.33333, 4.33333, 12.33333, 4.33333], "texture": "#0"}
			}
		},
		{
			"from": [2, 0, 3],
			"to": [2, 4, 15],
			"faces": {
				"north": {"uv": [4, 8.66667, 4, 10], "texture": "#0"},
				"east": {"uv": [4, 8.66667, 0, 10], "texture": "#0"},
				"south": {"uv": [8, 8.66667, 8, 10], "texture": "#0"},
				"west": {"uv": [0, 8.66667, 4, 10], "texture": "#0"},
				"up": {"uv": [4, 8.66667, 4, 4.66667], "texture": "#0"},
				"down": {"uv": [4, 4.66667, 4, 8.66667], "texture": "#0"}
			}
		},
		{
			"from": [14, 0, 3],
			"to": [14, 4, 15],
			"rotation": {"angle": 0, "axis": "y", "origin": [16, 0, 0]},
			"faces": {
				"north": {"uv": [4, 8.66667, 4, 10], "texture": "#0"},
				"east": {"uv": [4, 8.66667, 0, 10], "texture": "#0"},
				"south": {"uv": [8, 8.66667, 8, 10], "texture": "#0"},
				"west": {"uv": [0, 8.66667, 4, 10], "texture": "#0"},
				"up": {"uv": [4, 8.66667, 4, 4.66667], "texture": "#0"},
				"down": {"uv": [4, 4.66667, 4, 8.66667], "texture": "#0"}
			}
		}
	],
	"gui_light": "front",
	"display": {
		"thirdperson_righthand": {
			"rotation": [0, 0, -43],
			"translation": [4.25, 2, -3],
			"scale": [0.68, 0.68, 0.68]
		},
		"thirdperson_lefthand": {
			"rotation": [0, 0, -43],
			"translation": [4.25, 2, -3],
			"scale": [0.68, 0.68, 0.68]
		},
		"firstperson_righthand": {
			"rotation": [0, -90, 25],
			"translation": [0.38, 6.2, 1.13],
			"scale": [0.68, 0.68, 0.68]
		},
		"firstperson_lefthand": {
			"rotation": [0, -90, 25],
			"translation": [0.38, 6.2, 1.13],
			"scale": [0.68, 0.68, 0.68]
		},
		"ground": {
			"translation": [0, 4.75, 0]
		},
		"gui": {
			"rotation": [30, 225, 0],
			"translation": [0.25, 3.5, 0],
			"scale": [0.75, 0.75, 0.75]
		},
		"head": {
			"rotation": [3, 0, 0],
			"translation": [0, 14.5, -0.25],
			"scale": [1.7, 1.7, 1.7]
		},
		"fixed": {
			"translation": [0, 5.25, 0]
		}
	},
	"groups": [
		{
			"name": "group",
			"origin": [0, 0, 0],
			"color": 0,
			"children": [
				0,
				{
					"name": "group",
					"origin": [16, 0, 0],
					"color": 0,
					"children": [1, 2, 3, 4]
				}
			]
		}
	]
}