{
	"credit": "Made with Blockbench",
	"texture_size": [32, 32],
	"textures": {
		"0": "item/hats/potato_mask",
		"particle": "item/hats/potato_mask"
	},
	"elements": [
		{
			"from": [0, 0, 0],
			"to": [16, 16, 0],
			"faces": {
				"north": {"uv": [0, 0, 8, 8], "texture": "#0"},
				"east": {"uv": [0, 0, 0, 8], "texture": "#0"},
				"south": {"uv": [8, 0, 0, 8], "texture": "#0"},
				"west": {"uv": [8, 0, 8, 8], "texture": "#0"},
				"up": {"uv": [8, 0, 0, 0], "texture": "#0"},
				"down": {"uv": [16, 0, 8, 0], "texture": "#0"}
			}
		},
		{
			"from": [2, 7, 0],
			"to": [2, 8, 12],
			"faces": {
				"north": {"uv": [8, 8, 8, 9], "texture": "#0"},
				"east": {"uv": [6, 8.5, 0, 9], "texture": "#0"},
				"south": {"uv": [16, 8, 16, 9], "texture": "#0"},
				"west": {"uv": [0, 8.5, 6, 9], "texture": "#0"},
				"up": {"uv": [8, 8, 8, 0], "texture": "#0"},
				"down": {"uv": [8, 0, 8, 8], "texture": "#0"}
			}
		},
		{
			"from": [14, 7, 0],
			"to": [14, 8, 12],
			"faces": {
				"north": {"uv": [8, 8, 8, 9], "texture": "#0"},
				"east": {"uv": [6, 8.5, 0, 9], "texture": "#0"},
				"south": {"uv": [16, 8, 16, 9], "texture": "#0"},
				"west": {"uv": [0, 8.5, 6, 9], "texture": "#0"},
				"up": {"uv": [8, 8, 8, 0], "texture": "#0"},
				"down": {"uv": [8, 0, 8, 8], "texture": "#0"}
			}
		},
		{
			"from": [2, 7, 12],
			"to": [14, 8, 12],
			"rotation": {"angle": 0, "axis": "y", "origin": [14, 7.5, 18]},
			"faces": {
				"north": {"uv": [0, 8.5, 6, 9], "texture": "#0"},
				"east": {"uv": [8, 8, 8, 9], "texture": "#0"},
				"south": {"uv": [0, 8.5, 6, 9], "texture": "#0"},
				"west": {"uv": [16, 8, 16, 9], "texture": "#0"},
				"up": {"uv": [8, 8, 8, 0], "rotation": 90, "texture": "#0"},
				"down": {"uv": [8, 0, 8, 8], "rotation": 270, "texture": "#0"}
			}
		},
		{
			"from": [5, 2.6, 12.2],
			"to": [11, 8.6, 12.2],
			"faces": {
				"north": {"uv": [0, 9.5, 3, 12.5], "texture": "#0"},
				"east": {"uv": [0, 9.5, 0, 12.5], "texture": "#0"},
				"south": {"uv": [0, 9.5, 3, 12.5], "texture": "#0"},
				"west": {"uv": [3, 9.5, 3, 12.5], "texture": "#0"},
				"up": {"uv": [3, 9.5, 0, 9.5], "texture": "#0"},
				"down": {"uv": [6, 9.5, 3, 9.5], "texture": "#0"}
			}
		}
	],
	"gui_light": "front",
	"display": {
		"thirdperson_righthand": {
			"rotation": [0, 0, -52],
			"translation": [0.75, -1.25, -1],
			"scale": [0.65, 0.65, 0.65]
		},
		"thirdperson_lefthand": {
			"rotation": [0, 0, -52],
			"translation": [0.75, -1.25, -1],
			"scale": [0.65, 0.65, 0.65]
		},
		"firstperson_righthand": {
			"rotation": [0, -63, 25],
			"translation": [1.13, 3.2, 1.13],
			"scale": [0.85, 0.85, 0.85]
		},
		"firstperson_lefthand": {
			"rotation": [0, -63, 25],
			"translation": [1.13, 3.2, 1.13],
			"scale": [0.85, 0.85, 0.85]
		},
		"ground": {
			"scale": [0.77, 0.77, 0.77]
		},
		"gui": {
			"rotation": [30, 225, 0],
			"translation": [-1.25, 1.75, 0],
			"scale": [0.78, 0.78, 0.78]
		},
		"head": {
			"translation": [0, 0.75, 2.75],
			"scale": [1.3, 1.3, 1.3]
		},
		"fixed": {
			"translation": [0, 0, 9.75],
			"scale": [1.34, 1.34, 1.34]
		}
	},
	"groups": [
		{
			"name": "group",
			"origin": [0, 0, 0],
			"color": 0,
			"children": [0, 1, 2, 3, 4]
		}
	]
}