{
	"credit": "Made with Blockbench",
	"texture_size": [55, 45],
	"textures": {
		"0": "item/potion_spraygun",
		"particle": "item/potion_spraygun"
	},
	"elements": [
		{
			"from": [6, 0, -3],
			"to": [10, 4, -1],
			"faces": {
				"north": {"uv": [4.07273, 13.51111, 5.23636, 14.93333], "texture": "#0"},
				"east": {"uv": [3.49091, 13.51111, 4.07273, 14.93333], "texture": "#0"},
				"south": {"uv": [5.81818, 13.51111, 6.98182, 14.93333], "texture": "#0"},
				"west": {"uv": [5.23636, 13.51111, 5.81818, 14.93333], "texture": "#0"},
				"up": {"uv": [5.23636, 13.51111, 4.07273, 12.8], "texture": "#0"},
				"down": {"uv": [6.4, 12.8, 5.23636, 13.51111], "texture": "#0"}
			}
		},
		{
			"from": [6.3, 0.2, -1],
			"to": [9.8, 3.7, 0],
			"faces": {
				"north": {"uv": [10.76364, 2.13333, 11.63636, 3.2], "texture": "#0"},
				"east": {"uv": [10.47273, 2.13333, 10.76364, 3.2], "texture": "#0"},
				"south": {"uv": [11.92727, 2.13333, 12.8, 3.2], "texture": "#0"},
				"west": {"uv": [11.63636, 2.13333, 11.92727, 3.2], "texture": "#0"},
				"up": {"uv": [11.63636, 2.13333, 10.76364, 1.77778], "texture": "#0"},
				"down": {"uv": [12.50909, 1.77778, 11.63636, 2.13333], "texture": "#0"}
			}
		},
		{
			"from": [6.3, 0.2, 7],
			"to": [9.8, 3.7, 8],
			"faces": {
				"north": {"uv": [0.29091, 8.88889, 1.16364, 9.95556], "texture": "#0"},
				"east": {"uv": [0, 8.88889, 0.29091, 9.95556], "texture": "#0"},
				"south": {"uv": [1.45455, 8.88889, 2.32727, 9.95556], "texture": "#0"},
				"west": {"uv": [1.16364, 8.88889, 1.45455, 9.95556], "texture": "#0"},
				"up": {"uv": [1.16364, 8.88889, 0.29091, 8.53333], "texture": "#0"},
				"down": {"uv": [2.03636, 8.53333, 1.16364, 8.88889], "texture": "#0"}
			}
		},
		{
			"from": [6.5, 0.4, 0],
			"to": [9.5, 3.4, 8],
			"faces": {
				"north": {"uv": [7.56364, 11.73333, 8.43636, 12.8], "texture": "#0"},
				"east": {"uv": [5.23636, 11.73333, 7.56364, 12.8], "texture": "#0"},
				"south": {"uv": [10.76364, 11.73333, 11.63636, 12.8], "texture": "#0"},
				"west": {"uv": [8.43636, 11.73333, 10.76364, 12.8], "texture": "#0"},
				"up": {"uv": [8.43636, 11.73333, 7.56364, 8.88889], "texture": "#0"},
				"down": {"uv": [9.30909, 8.88889, 8.43636, 11.73333], "texture": "#0"}
			}
		},
		{
			"from": [6, 0, 8],
			"to": [10, 5, 20.3],
			"faces": {
				"north": {"uv": [3.49091, 4.26667, 4.65455, 6.04444], "texture": "#0"},
				"east": {"uv": [0, 4.26667, 3.49091, 6.04444], "texture": "#0"},
				"south": {"uv": [8.14545, 4.26667, 9.30909, 6.04444], "texture": "#0"},
				"west": {"uv": [4.65455, 4.26667, 8.14545, 6.04444], "texture": "#0"},
				"up": {"uv": [4.65455, 4.26667, 3.49091, 0], "texture": "#0"},
				"down": {"uv": [5.81818, 0, 4.65455, 4.26667], "texture": "#0"}
			}
		},
		{
			"from": [7, -2, 8.6],
			"to": [9, 3, 19.6],
			"faces": {
				"north": {"uv": [3.2, 9.95556, 3.78182, 11.73333], "texture": "#0"},
				"east": {"uv": [0, 9.95556, 3.2, 11.73333], "texture": "#0"},
				"south": {"uv": [6.98182, 9.95556, 7.56364, 11.73333], "texture": "#0"},
				"west": {"uv": [3.78182, 9.95556, 6.98182, 11.73333], "texture": "#0"},
				"up": {"uv": [3.78182, 9.95556, 3.2, 6.04444], "texture": "#0"},
				"down": {"uv": [4.36364, 6.04444, 3.78182, 9.95556], "texture": "#0"}
			}
		},
		{
			"from": [7, -9, 16.3],
			"to": [9, -3, 20.3],
			"faces": {
				"north": {"uv": [1.16364, 1.42222, 1.74545, 3.55556], "texture": "#0"},
				"east": {"uv": [0, 1.42222, 1.16364, 3.55556], "texture": "#0"},
				"south": {"uv": [2.90909, 1.42222, 3.49091, 3.55556], "texture": "#0"},
				"west": {"uv": [1.74545, 1.42222, 2.90909, 3.55556], "texture": "#0"},
				"up": {"uv": [1.74545, 1.42222, 1.16364, 0], "texture": "#0"},
				"down": {"uv": [2.32727, 0, 1.74545, 1.42222], "texture": "#0"}
			}
		},
		{
			"from": [7, -7, 8.6],
			"to": [9, -3, 11.3],
			"faces": {
				"north": {"uv": [9.89091, 13.51111, 10.47273, 14.93333], "texture": "#0"},
				"east": {"uv": [9.30909, 13.51111, 9.89091, 14.93333], "texture": "#0"},
				"south": {"uv": [11.05455, 13.51111, 11.63636, 14.93333], "texture": "#0"},
				"west": {"uv": [10.47273, 13.51111, 11.05455, 14.93333], "texture": "#0"},
				"up": {"uv": [10.47273, 13.51111, 9.89091, 12.8], "texture": "#0"},
				"down": {"uv": [11.05455, 12.8, 10.47273, 13.51111], "texture": "#0"}
			}
		},
		{
			"from": [7, 0.6, 19],
			"to": [9, 4.6, 23],
			"rotation": {"angle": 0, "axis": "x", "origin": [8, 3, 21.5]},
			"faces": {
				"north": {"uv": [10.47273, 10.31111, 11.05455, 11.73333], "texture": "#0"},
				"east": {"uv": [9.30909, 10.31111, 10.47273, 11.73333], "texture": "#0"},
				"south": {"uv": [12.21818, 10.31111, 12.8, 11.73333], "texture": "#0"},
				"west": {"uv": [11.05455, 10.31111, 12.21818, 11.73333], "texture": "#0"},
				"up": {"uv": [11.05455, 10.31111, 10.47273, 8.88889], "texture": "#0"},
				"down": {"uv": [11.63636, 8.88889, 11.05455, 10.31111], "texture": "#0"}
			}
		},
		{
			"from": [7.3, -3.4, 17],
			"to": [8.7, 0.6, 20],
			"rotation": {"angle": 0, "axis": "x", "origin": [8, 3, 21.5]},
			"faces": {
				"north": {"uv": [7.85455, 13.86667, 8.14545, 15.28889], "texture": "#0"},
				"east": {"uv": [6.98182, 13.86667, 7.85455, 15.28889], "texture": "#0"},
				"south": {"uv": [9.01818, 13.86667, 9.30909, 15.28889], "texture": "#0"},
				"west": {"uv": [8.14545, 13.86667, 9.01818, 15.28889], "texture": "#0"},
				"up": {"uv": [8.14545, 13.86667, 7.85455, 12.8], "texture": "#0"},
				"down": {"uv": [8.43636, 12.8, 8.14545, 13.86667], "texture": "#0"}
			}
		},
		{
			"from": [7.3, -3.4, 9],
			"to": [8.7, 0.6, 11],
			"rotation": {"angle": 0, "axis": "x", "origin": [8, 3, 21.5]},
			"faces": {
				"north": {"uv": [4.94545, 8.53333, 5.23636, 9.95556], "texture": "#0"},
				"east": {"uv": [4.36364, 8.53333, 4.94545, 9.95556], "texture": "#0"},
				"south": {"uv": [5.81818, 8.53333, 6.10909, 9.95556], "texture": "#0"},
				"west": {"uv": [5.23636, 8.53333, 5.81818, 9.95556], "texture": "#0"},
				"up": {"uv": [5.23636, 8.53333, 4.94545, 7.82222], "texture": "#0"},
				"down": {"uv": [5.52727, 7.82222, 5.23636, 8.53333], "texture": "#0"}
			}
		},
		{
			"from": [8.53492, 0.7591, 9],
			"to": [11.53492, 2.7591, 19],
			"rotation": {"angle": -45, "axis": "z", "origin": [6.53492, 5.2591, 13.5]},
			"faces": {
				"north": {"uv": [8.72727, 3.55556, 9.6, 4.26667], "texture": "#0"},
				"east": {"uv": [5.81818, 3.55556, 8.72727, 4.26667], "texture": "#0"},
				"south": {"uv": [12.50909, 3.55556, 13.38182, 4.26667], "texture": "#0"},
				"west": {"uv": [9.6, 3.55556, 12.50909, 4.26667], "texture": "#0"},
				"up": {"uv": [9.6, 3.55556, 8.72727, 0], "texture": "#0"},
				"down": {"uv": [10.47273, 0, 9.6, 3.55556], "texture": "#0"}
			}
		},
		{
			"from": [11.03492, 2.2591, 9],
			"to": [13.03492, 5.2591, 19],
			"rotation": {"angle": -45, "axis": "z", "origin": [6.53492, 5.2591, 13.5]},
			"faces": {
				"north": {"uv": [9.30909, 7.82222, 9.89091, 8.88889], "texture": "#0"},
				"east": {"uv": [6.4, 7.82222, 9.30909, 8.88889], "texture": "#0"},
				"south": {"uv": [12.8, 7.82222, 13.38182, 8.88889], "texture": "#0"},
				"west": {"uv": [9.89091, 7.82222, 12.8, 8.88889], "texture": "#0"},
				"up": {"uv": [9.89091, 7.82222, 9.30909, 4.26667], "texture": "#0"},
				"down": {"uv": [10.47273, 4.26667, 9.89091, 7.82222], "texture": "#0"}
			}
		},
		{
			"from": [3.53492, 1.7591, 14],
			"to": [8.53492, 4.7591, 16],
			"rotation": {"angle": -45, "axis": "z", "origin": [6.53492, 5.2591, 13.5]},
			"faces": {
				"north": {"uv": [11.05455, 0.71111, 12.50909, 1.77778], "texture": "#0"},
				"east": {"uv": [10.47273, 0.71111, 11.05455, 1.77778], "texture": "#0"},
				"south": {"uv": [13.09091, 0.71111, 14.54545, 1.77778], "texture": "#0"},
				"west": {"uv": [12.50909, 0.71111, 13.09091, 1.77778], "texture": "#0"},
				"up": {"uv": [12.50909, 0.71111, 11.05455, 0], "texture": "#0"},
				"down": {"uv": [13.96364, 0, 12.50909, 0.71111], "texture": "#0"}
			}
		},
		{
			"from": [3.53492, 1.7591, 17],
			"to": [8.53492, 4.7591, 19],
			"rotation": {"angle": -45, "axis": "z", "origin": [6.53492, 5.2591, 13.5]},
			"faces": {
				"north": {"uv": [0.58182, 12.44444, 2.03636, 13.51111], "texture": "#0"},
				"east": {"uv": [0, 12.44444, 0.58182, 13.51111], "texture": "#0"},
				"south": {"uv": [2.61818, 12.44444, 4.07273, 13.51111], "texture": "#0"},
				"west": {"uv": [2.03636, 12.44444, 2.61818, 13.51111], "texture": "#0"},
				"up": {"uv": [2.03636, 12.44444, 0.58182, 11.73333], "texture": "#0"},
				"down": {"uv": [3.49091, 11.73333, 2.03636, 12.44444], "texture": "#0"}
			}
		},
		{
			"from": [3.53492, 1.7591, 11],
			"to": [8.53492, 4.7591, 13],
			"rotation": {"angle": -45, "axis": "z", "origin": [6.53492, 5.2591, 13.5]},
			"faces": {
				"north": {"uv": [4.94546, 6.75555, 6.4, 7.82222], "texture": "#0"},
				"east": {"uv": [4.36364, 6.75555, 4.94546, 7.82222], "texture": "#0"},
				"south": {"uv": [6.98182, 6.75555, 8.43637, 7.82222], "texture": "#0"},
				"west": {"uv": [6.4, 6.75555, 6.98182, 7.82222], "texture": "#0"},
				"up": {"uv": [6.4, 6.75555, 4.94546, 6.04444], "texture": "#0"},
				"down": {"uv": [7.85455, 6.04444, 6.4, 6.75555], "texture": "#0"}
			}
		},
		{
			"from": [9.03492, 5.2591, 11],
			"to": [12.03492, 10.2591, 13],
			"rotation": {"angle": -45, "axis": "z", "origin": [6.53492, 5.2591, 13.5]},
			"faces": {
				"north": {"uv": [11.05455, 4.97778, 11.92728, 6.75556], "texture": "#0"},
				"east": {"uv": [10.47273, 4.97778, 11.05455, 6.75556], "texture": "#0"},
				"south": {"uv": [12.50909, 4.97778, 13.38182, 6.75556], "texture": "#0"},
				"west": {"uv": [11.92728, 4.97778, 12.50909, 6.75556], "texture": "#0"},
				"up": {"uv": [11.92728, 4.97778, 11.05455, 4.26667], "texture": "#0"},
				"down": {"uv": [12.8, 4.26667, 11.92728, 4.97778], "texture": "#0"}
			}
		},
		{
			"from": [9.03492, 5.2591, 17],
			"to": [12.03492, 10.2591, 19],
			"rotation": {"angle": -45, "axis": "z", "origin": [6.53492, 5.2591, 13.5]},
			"faces": {
				"north": {"uv": [6.4, 0.71111, 7.27273, 2.48889], "texture": "#0"},
				"east": {"uv": [5.81818, 0.71111, 6.4, 2.48889], "texture": "#0"},
				"south": {"uv": [7.85454, 0.71111, 8.72727, 2.48889], "texture": "#0"},
				"west": {"uv": [7.27273, 0.71111, 7.85454, 2.48889], "texture": "#0"},
				"up": {"uv": [7.27273, 0.71111, 6.4, 0], "texture": "#0"},
				"down": {"uv": [8.14545, 0, 7.27273, 0.71111], "texture": "#0"}
			}
		},
		{
			"from": [9.03492, 5.2591, 14],
			"to": [12.03492, 10.2591, 16],
			"rotation": {"angle": -45, "axis": "z", "origin": [6.53492, 5.2591, 13.5]},
			"faces": {
				"north": {"uv": [0.58182, 6.75555, 1.45455, 8.53333], "texture": "#0"},
				"east": {"uv": [0, 6.75555, 0.58182, 8.53333], "texture": "#0"},
				"south": {"uv": [2.03636, 6.75555, 2.90909, 8.53333], "texture": "#0"},
				"west": {"uv": [1.45455, 6.75555, 2.03636, 8.53333], "texture": "#0"},
				"up": {"uv": [1.45455, 6.75555, 0.58182, 6.04444], "texture": "#0"},
				"down": {"uv": [2.32727, 6.04444, 1.45455, 6.75555], "texture": "#0"}
			}
		}
	],
	"display": {
		"thirdperson_righthand": {
			"translation": [0, 8, -6],
			"scale": [0.8, 0.8, 0.8]
		},
		"thirdperson_lefthand": {
			"translation": [0, 8, -6],
			"scale": [0.8, 0.8, 0.8]
		},
		"firstperson_righthand": {
			"rotation": [16.25, 4, 0],
			"translation": [2, 8, 0]
		},
		"firstperson_lefthand": {
			"rotation": [16.75, 4, 0],
			"translation": [2, 8, 0]
		},
		"ground": {
			"translation": [0, 11, -4]
		},
		"gui": {
			"rotation": [90, 57.5, -90],
			"translation": [1.25, 5, 0],
			"scale": [0.58, 0.58, 0.58]
		},
		"fixed": {
			"rotation": [90, -58, 90],
			"translation": [-0.75, 6, 0],
			"scale": [0.7, 0.7, 0.7]
		}
	},
	"groups": [
		{
			"name": "group",
			"origin": [6.53492, 5.2591, 13.5],
			"color": 0,
			"children": [
				0,
				1,
				2,
				3,
				4,
				5,
				6,
				7,
				8,
				9,
				10,
				11,
				12,
				{
					"name": "group",
					"origin": [6.53492, 5.2591, 13.5],
					"color": 0,
					"children": [13, 14, 15, 16, 17, 18]
				}
			]
		}
	]
}