{
	"credit": "Made with Blockbench",
	"texture_size": [32, 32],
	"textures": {
		"0": "item/hats/propellor_cap",
		"particle": "item/hats/propellor_cap"
	},
	"elements": [
		{
			"from": [4, 0, 4],
			"to": [12, 3, 12],
			"rotation": {"angle": 0, "axis": "y", "origin": [8, 1.25, 8]},
			"faces": {
				"north": {"uv": [4, 9, 8, 10.5], "texture": "#0"},
				"east": {"uv": [0, 9, 4, 10.5], "texture": "#0"},
				"south": {"uv": [12, 9, 16, 10.5], "texture": "#0"},
				"west": {"uv": [8, 9, 12, 10.5], "texture": "#0"},
				"up": {"uv": [8, 9, 4, 5], "texture": "#0"},
				"down": {"uv": [12, 5, 8, 9], "texture": "#0"}
			}
		},
		{
			"from": [4, 0, 0],
			"to": [12, 0, 4],
			"rotation": {"angle": 0, "axis": "y", "origin": [8, 1.25, 8]},
			"faces": {
				"north": {"uv": [8, 2, 12, 2], "texture": "#0"},
				"east": {"uv": [6, 2, 8, 2], "texture": "#0"},
				"south": {"uv": [14, 2, 18, 2], "texture": "#0"},
				"west": {"uv": [12, 2, 14, 2], "texture": "#0"},
				"up": {"uv": [16, 4, 12, 2], "texture": "#0"},
				"down": {"uv": [16, 0, 12, 2], "texture": "#0"}
			}
		},
		{
			"from": [5, 3, 5],
			"to": [11, 4, 11],
			"rotation": {"angle": 0, "axis": "y", "origin": [8, 1.25, 8]},
			"faces": {
				"north": {"uv": [3, 13.5, 6, 14], "texture": "#0"},
				"east": {"uv": [0, 13.5, 3, 14], "texture": "#0"},
				"south": {"uv": [9, 13.5, 12, 14], "texture": "#0"},
				"west": {"uv": [6, 13.5, 9, 14], "texture": "#0"},
				"up": {"uv": [6, 13.5, 3, 10.5], "texture": "#0"},
				"down": {"uv": [9, 10.5, 6, 13.5], "texture": "#0"}
			}
		},
		{
			"from": [7, 7, 7],
			"to": [9, 8, 9],
			"faces": {
				"north": {"uv": [1, 1, 2, 1.5], "texture": "#0"},
				"east": {"uv": [0, 1, 1, 1.5], "texture": "#0"},
				"south": {"uv": [3, 1, 4, 1.5], "texture": "#0"},
				"west": {"uv": [2, 1, 3, 1.5], "texture": "#0"},
				"up": {"uv": [2, 1, 1, 0], "texture": "#0"},
				"down": {"uv": [3, 0, 2, 1], "texture": "#0"}
			}
		},
		{
			"from": [3, 6.75, 3],
			"to": [13, 6.75, 13],
			"faces": {
				"north": {"uv": [5, 5, 10, 5], "texture": "#0"},
				"east": {"uv": [0, 5, 5, 5], "texture": "#0"},
				"south": {"uv": [15, 5, 20, 5], "texture": "#0"},
				"west": {"uv": [10, 5, 15, 5], "texture": "#0"},
				"up": {"uv": [10, 5, 5, 0], "texture": "#0"},
				"down": {"uv": [10, 0, 5, 5], "texture": "#0"}
			}
		},
		{
			"from": [7.5, 4, 7.5],
			"to": [8.5, 7, 8.5],
			"faces": {
				"north": {"uv": [0.5, 3.5, 1, 5], "texture": "#0"},
				"east": {"uv": [0, 3.5, 0.5, 5], "texture": "#0"},
				"south": {"uv": [1.5, 3.5, 2, 5], "texture": "#0"},
				"west": {"uv": [1, 3.5, 1.5, 5], "texture": "#0"},
				"up": {"uv": [1, 3.5, 0.5, 3], "texture": "#0"},
				"down": {"uv": [1.5, 3, 1, 3.5], "texture": "#0"}
			}
		}
	],
	"gui_light": "front",
	"display": {
		"thirdperson_righthand": {
			"rotation": [0, -180, 34],
			"translation": [3.75, 5.25, -5.75]
		},
		"thirdperson_lefthand": {
			"rotation": [0, -180, 34],
			"translation": [3.75, 5.25, -5.75]
		},
		"firstperson_righthand": {
			"rotation": [0, -90, 25],
			"translation": [-1.87, 6.2, 1.13],
			"scale": [0.68, 0.68, 0.68]
		},
		"firstperson_lefthand": {
			"rotation": [0, -90, 25],
			"translation": [-1.87, 6.2, 1.13],
			"scale": [0.68, 0.68, 0.68]
		},
		"ground": {
			"translation": [0, 4.75, 0]
		},
		"gui": {
			"rotation": [30, 225, 0],
			"translation": [-0.75, 4.75, 0],
			"scale": [0.98, 0.98, 0.98]
		},
		"head": {
			"translation": [0, 16.5, 0],
			"scale": [1.81, 1.81, 1.81]
		},
		"fixed": {
			"translation": [0, 4.5, 0]
		}
	},
	"groups": [
		{
			"name": "group",
			"origin": [0, 0, 0],
			"color": 0,
			"children": [
				{
					"name": "cap",
					"origin": [0, 0, 0],
					"color": 0,
					"children": [0, 1, 2]
				},
				{
					"name": "propellor",
					"origin": [0, 0, 0],
					"color": 0,
					"children": [3, 4, 5]
				}
			]
		}
	]
}