{
	"credit": "Made with Blockbench",
	"texture_size": [96, 96],
	"textures": {
		"particle": "item/railgun"
	},
	"elements": [
		{
			"from": [12, 5, -10],
			"to": [13, 6, 6],
			"faces": {
				"north": {"uv": [10.66667, 3.5, 10.83334, 3.66667], "texture": "#particle"},
				"east": {"uv": [8, 3.5, 10.66667, 3.66667], "texture": "#particle"},
				"south": {"uv": [13.5, 3.5, 13.66667, 3.66667], "texture": "#particle"},
				"west": {"uv": [13.5, 3.5, 10.83334, 3.66667], "texture": "#particle"},
				"up": {"uv": [10.83334, 3.5, 10.66667, 0.83333], "texture": "#particle"},
				"down": {"uv": [11, 0.83333, 10.83334, 3.5], "texture": "#particle"}
			}
		},
		{
			"from": [3, 5, -10],
			"to": [4, 6, 6],
			"faces": {
				"north": {"uv": [10.66667, 3.5, 10.83334, 3.66667], "texture": "#particle"},
				"east": {"uv": [10.83334, 3.5, 13.5, 3.66667], "texture": "#particle"},
				"south": {"uv": [13.5, 3.5, 13.66667, 3.66667], "texture": "#particle"},
				"west": {"uv": [10.66667, 3.5, 8, 3.66667], "texture": "#particle"},
				"up": {"uv": [10.83334, 3.5, 10.66667, 0.83333], "texture": "#particle"},
				"down": {"uv": [11, 0.83333, 10.83334, 3.5], "texture": "#particle"}
			}
		},
		{
			"from": [2, 6, -16],
			"to": [4, 8, 6],
			"faces": {
				"north": {"uv": [4, 8.33333, 3.66667, 8.66667], "texture": "#particle"},
				"east": {"uv": [4, 8.33333, 7.66667, 8.66667], "texture": "#particle"},
				"south": {"uv": [7.66667, 8.33333, 8, 8.66667], "texture": "#particle"},
				"west": {"uv": [3.66667, 8.33333, 0, 8.66667], "texture": "#particle"},
				"up": {"uv": [4, 8.33333, 3.66667, 4.66667], "texture": "#particle"},
				"down": {"uv": [4.33333, 4.66667, 4, 8.33333], "texture": "#particle"}
			}
		},
		{
			"from": [12, 6, -16],
			"to": [14, 8, 6],
			"faces": {
				"north": {"uv": [3.66667, 8.33333, 4, 8.66667], "texture": "#particle"},
				"east": {"uv": [0, 8.33333, 3.66667, 8.66667], "texture": "#particle"},
				"south": {"uv": [8, 8.33333, 7.66667, 8.66667], "texture": "#particle"},
				"west": {"uv": [7.66667, 8.33333, 4, 8.66667], "texture": "#particle"},
				"up": {"uv": [3.66667, 8.33333, 4, 4.66667], "texture": "#particle"},
				"down": {"uv": [4, 4.66667, 4.33333, 8.33333], "texture": "#particle"}
			}
		},
		{
			"from": [11, 4, 1],
			"to": [12, 8, 5],
			"faces": {
				"north": {"uv": [2.66666, 5.5, 2.83333, 6.16667], "texture": "#particle"},
				"east": {"uv": [2, 5.5, 2.66666, 6.16667], "texture": "#particle"},
				"south": {"uv": [3.5, 5.5, 3.66667, 6.16667], "texture": "#particle"},
				"west": {"uv": [2.83333, 5.5, 3.5, 6.16667], "texture": "#particle"},
				"up": {"uv": [2.83333, 5.5, 2.66666, 4.83333], "texture": "#particle"},
				"down": {"uv": [3, 4.83333, 2.83333, 5.5], "texture": "#particle"}
			}
		},
		{
			"from": [4, 4, 1],
			"to": [5, 8, 5],
			"faces": {
				"north": {"uv": [2.66666, 5.5, 2.83333, 6.16667], "texture": "#particle"},
				"east": {"uv": [2.83333, 5.5, 3.5, 6.16667], "texture": "#particle"},
				"south": {"uv": [3.5, 5.5, 3.66667, 6.16667], "texture": "#particle"},
				"west": {"uv": [2, 5.5, 2.66666, 6.16667], "texture": "#particle"},
				"up": {"uv": [2.83333, 5.5, 2.66666, 4.83333], "texture": "#particle"},
				"down": {"uv": [3, 4.83333, 2.83333, 5.5], "texture": "#particle"}
			}
		},
		{
			"from": [5, 3, 19],
			"to": [11, 9, 28],
			"faces": {
				"north": {"uv": [1.5, 10.33333, 2.5, 11.33333], "texture": "#particle"},
				"east": {"uv": [0, 10.33333, 1.5, 11.33333], "texture": "#particle"},
				"south": {"uv": [4, 10.33333, 5, 11.33333], "texture": "#particle"},
				"west": {"uv": [2.5, 10.33333, 4, 11.33333], "texture": "#particle"},
				"up": {"uv": [2.5, 10.33333, 1.5, 8.83333], "texture": "#particle"},
				"down": {"uv": [3.5, 8.83333, 2.5, 10.33333], "texture": "#particle"}
			}
		},
		{
			"from": [4, 2, 28],
			"to": [12, 10, 32],
			"faces": {
				"north": {"uv": [0.66667, 0.66667, 2, 2], "texture": "#particle"},
				"east": {"uv": [0, 0.66667, 0.66667, 2], "texture": "#particle"},
				"south": {"uv": [2.66666, 0.66667, 4, 2], "texture": "#particle"},
				"west": {"uv": [2, 0.66667, 2.66666, 2], "texture": "#particle"},
				"up": {"uv": [2, 0.66667, 0.66667, 0], "texture": "#particle"},
				"down": {"uv": [3.33334, 0, 2, 0.66667], "texture": "#particle"}
			}
		},
		{
			"from": [5, 3, -11.2],
			"to": [11, 9, -1.2],
			"faces": {
				"north": {"uv": [10.5, 5.5, 11.5, 6.5], "texture": "#particle"},
				"east": {"uv": [8.83333, 5.5, 10.5, 6.5], "texture": "#particle"},
				"south": {"uv": [13.16666, 5.5, 14.16667, 6.5], "texture": "#particle"},
				"west": {"uv": [11.5, 5.5, 13.16666, 6.5], "texture": "#particle"},
				"up": {"uv": [11.5, 5.5, 10.5, 3.83333], "texture": "#particle"},
				"down": {"uv": [12.5, 3.83333, 11.5, 5.5], "texture": "#particle"}
			}
		},
		{
			"from": [5, 3, 1],
			"to": [11, 9, 6],
			"faces": {
				"north": {"uv": [0.83333, 2.83333, 1.83334, 3.83333], "texture": "#particle"},
				"east": {"uv": [0, 2.83333, 0.83333, 3.83333], "texture": "#particle"},
				"south": {"uv": [2.66666, 2.83333, 3.66667, 3.83333], "texture": "#particle"},
				"west": {"uv": [1.83334, 2.83333, 2.66666, 3.83333], "texture": "#particle"},
				"up": {"uv": [1.83334, 2.83333, 0.83333, 2], "texture": "#particle"},
				"down": {"uv": [2.83333, 2, 1.83334, 2.83333], "texture": "#particle"}
			}
		},
		{
			"from": [7, -4.23463, 3.15224],
			"to": [9, 3.76537, 6.15224],
			"rotation": {"angle": -22.5, "axis": "x", "origin": [8, 0.26537, 2.65224]},
			"faces": {
				"north": {"uv": [0.5, 6, 0.83333, 7.33333], "texture": "#particle"},
				"east": {"uv": [0, 6, 0.5, 7.33333], "texture": "#particle"},
				"south": {"uv": [1.33333, 6, 1.66667, 7.33333], "texture": "#particle"},
				"west": {"uv": [0.83333, 6, 1.33333, 7.33333], "texture": "#particle"},
				"up": {"uv": [0.83333, 6, 0.5, 5.5], "texture": "#particle"},
				"down": {"uv": [1.16666, 5.5, 0.83333, 6], "texture": "#particle"}
			}
		},
		{
			"from": [7, -3.57885, 17.2131],
			"to": [9, 4.42115, 20.2131],
			"rotation": {"angle": 0, "axis": "y", "origin": [8, -0.07885, 20.1131]},
			"faces": {
				"north": {"uv": [4.83334, 5.16667, 5.16667, 6.5], "texture": "#particle"},
				"east": {"uv": [4.33333, 5.16667, 4.83334, 6.5], "texture": "#particle"},
				"south": {"uv": [5.66666, 5.16667, 6, 6.5], "texture": "#particle"},
				"west": {"uv": [5.16667, 5.16667, 5.66666, 6.5], "texture": "#particle"},
				"up": {"uv": [5.16667, 5.16667, 4.83334, 4.66667], "texture": "#particle"},
				"down": {"uv": [5.5, 4.66667, 5.16667, 5.16667], "texture": "#particle"}
			}
		},
		{
			"from": [5.7, 3.7, -11],
			"to": [10.3, 8.3, 19],
			"faces": {
				"north": {"uv": [8.16667, 11.83333, 8.83333, 12.5], "texture": "#particle"},
				"east": {"uv": [3.16667, 11.83333, 8.16667, 12.5], "texture": "#particle"},
				"south": {"uv": [13.83334, 11.83333, 14.5, 12.5], "texture": "#particle"},
				"west": {"uv": [8.83333, 11.83333, 13.83334, 12.5], "texture": "#particle"},
				"up": {"uv": [8.83333, 11.83333, 8.16667, 6.83333], "texture": "#particle"},
				"down": {"uv": [9.5, 6.83333, 8.83333, 11.83333], "texture": "#particle"}
			}
		},
		{
			"from": [11.84002, 2.61732, 3.60226],
			"to": [11.84002, 7.61732, 19.60226],
			"rotation": {"angle": 22.5, "axis": "z", "origin": [11.84002, 5.11732, 14.60226]},
			"faces": {
				"north": {"uv": [8, 2.66667, 8, 3.5], "texture": "#particle"},
				"east": {"uv": [5.33333, 2.66667, 8, 3.5], "texture": "#particle"},
				"south": {"uv": [10.66667, 2.66667, 10.66667, 3.5], "texture": "#particle"},
				"west": {"uv": [8, 2.66667, 5.33333, 3.5], "texture": "#particle"},
				"up": {"uv": [8, 2.66667, 8, 0], "texture": "#particle"},
				"down": {"uv": [8, 0, 8, 2.66667], "texture": "#particle"}
			}
		},
		{
			"from": [4.92388, 2.61732, 6],
			"to": [4.92388, 7.61732, 14],
			"rotation": {"angle": 22.5, "axis": "y", "origin": [2.92388, 5.11732, 11.5]},
			"faces": {
				"north": {"uv": [1.33333, 4.66667, 1.33333, 5.5], "texture": "#particle"},
				"east": {"uv": [1.33333, 4.66667, 0, 5.5], "texture": "#particle"},
				"south": {"uv": [2.66666, 4.66667, 2.66666, 5.5], "texture": "#particle"},
				"west": {"uv": [0, 4.66667, 1.33333, 5.5], "texture": "#particle"},
				"up": {"uv": [1.33333, 4.66667, 1.33333, 3.33333], "texture": "#particle"},
				"down": {"uv": [1.33333, 3.33333, 1.33333, 4.66667], "texture": "#particle"}
			}
		},
		{
			"from": [4, 4.6, -14],
			"to": [12, 10.6, -14],
			"faces": {
				"north": {"uv": [8.5, 0.66667, 9.83333, 1.66667], "texture": "#particle"},
				"east": {"uv": [8.33333, 0.5, 8.33333, 1.5], "texture": "#particle"},
				"south": {"uv": [9.83333, 0.66667, 8.5, 1.66667], "texture": "#particle"},
				"west": {"uv": [8.33333, 0.5, 8.33333, 1.5], "texture": "#particle"},
				"up": {"uv": [9.5, 0.5, 8.33333, 0.5], "texture": "#particle"},
				"down": {"uv": [9.66667, 0.5, 8.16667, 0.5], "texture": "#particle"}
			}
		}
	],
	"gui_light": "front",
	"display": {
		"thirdperson_righthand": {
			"translation": [0, 4, 4.5],
			"scale": [0.85, 0.85, 0.85]
		},
		"thirdperson_lefthand": {
			"translation": [0, 4, 4.5],
			"scale": [0.85, 0.85, 0.85]
		},
		"firstperson_righthand": {
			"rotation": [3, -9, 17],
			"translation": [5, 0, 0],
			"scale": [1.4, 1.4, 1.4]
		},
		"firstperson_lefthand": {
			"rotation": [3, -13, 17],
			"translation": [3, 0, 0.25],
			"scale": [1.4, 1.4, 1.4]
		},
		"ground": {
			"rotation": [0.5, 0, 0.09],
			"translation": [0, 1.5, 0],
			"scale": [0.4, 0.4, 0.4]
		},
		"gui": {
			"rotation": [122.23, -53.45, 94.07],
			"translation": [0, 0.75, 0],
			"scale": [0.35, 0.35, 0.35]
		},
		"fixed": {
			"rotation": [90, 54.75, -90],
			"translation": [0, 0.75, 0],
			"scale": [0.35, 0.35, 0.35]
		}
	},
	"groups": [
		{
			"name": "group",
			"origin": [8, 8, 8],
			"color": 0,
			"children": [
				{
					"name": "group",
					"origin": [0, 0, 0],
					"color": 0,
					"children": [
						{
							"name": "group",
							"origin": [0, 0, 0],
							"color": 0,
							"children": [0, 1]
						},
						{
							"name": "group",
							"origin": [0, 0, 0],
							"color": 0,
							"children": [2, 3]
						},
						{
							"name": "group",
							"origin": [0, 0, 0],
							"color": 0,
							"children": [4, 5]
						},
						6,
						7,
						8,
						9,
						10,
						11,
						12
					]
				},
				13,
				14,
				15
			]
		}
	]
}