{
	"credit": "Made with Blockbench",
	"texture_size": [64, 64],
	"textures": {
		"0": "item/rattler",
		"particle": "item/rattler"
	},
	"elements": [
		{
			"from": [7, 0, -2],
			"to": [9, 2, 8],
			"faces": {
				"north": {"uv": [4.75, 4.75, 5.25, 5.25], "texture": "#0"},
				"east": {"uv": [2.25, 4.75, 4.75, 5.25], "texture": "#0"},
				"south": {"uv": [7.75, 4.75, 8.25, 5.25], "texture": "#0"},
				"west": {"uv": [5.25, 4.75, 7.75, 5.25], "texture": "#0"},
				"up": {"uv": [5.25, 4.75, 4.75, 2.25], "texture": "#0"},
				"down": {"uv": [5.75, 2.25, 5.25, 4.75], "texture": "#0"}
			}
		},
		{
			"from": [7, -1, -6],
			"to": [9, 0, 0],
			"faces": {
				"north": {"uv": [10.25, 7.75, 10.75, 8], "texture": "#0"},
				"east": {"uv": [8.75, 7.75, 10.25, 8], "texture": "#0"},
				"south": {"uv": [12.25, 7.75, 12.75, 8], "texture": "#0"},
				"west": {"uv": [10.75, 7.75, 12.25, 8], "texture": "#0"},
				"up": {"uv": [10.75, 7.75, 10.25, 6.25], "texture": "#0"},
				"down": {"uv": [11.25, 6.25, 10.75, 7.75], "texture": "#0"}
			}
		},
		{
			"from": [7.5, 1, -12],
			"to": [8.5, 2, -2],
			"faces": {
				"north": {"uv": [11.25, 5.75, 11.5, 6], "texture": "#0"},
				"east": {"uv": [8.75, 5.75, 11.25, 6], "texture": "#0"},
				"south": {"uv": [14, 5.75, 14.25, 6], "texture": "#0"},
				"west": {"uv": [11.5, 5.75, 14, 6], "texture": "#0"},
				"up": {"uv": [11.5, 5.75, 11.25, 3.25], "texture": "#0"},
				"down": {"uv": [11.75, 3.25, 11.5, 5.75], "texture": "#0"}
			}
		},
		{
			"from": [7.5, 2, -10],
			"to": [8.5, 3, -9],
			"faces": {
				"north": {"uv": [0.25, 0.25, 0.5, 0.5], "texture": "#0"},
				"east": {"uv": [0, 0.25, 0.25, 0.5], "texture": "#0"},
				"south": {"uv": [0.75, 0.25, 1, 0.5], "texture": "#0"},
				"west": {"uv": [0.5, 0.25, 0.75, 0.5], "texture": "#0"},
				"up": {"uv": [0.5, 0.25, 0.25, 0], "texture": "#0"},
				"down": {"uv": [0.75, 0, 0.5, 0.25], "texture": "#0"}
			}
		},
		{
			"from": [7, 2, 9],
			"to": [9, 3, 13],
			"faces": {
				"north": {"uv": [6.75, 1, 7.25, 1.25], "texture": "#0"},
				"east": {"uv": [5.75, 1, 6.75, 1.25], "texture": "#0"},
				"south": {"uv": [8.25, 1, 8.75, 1.25], "texture": "#0"},
				"west": {"uv": [7.25, 1, 8.25, 1.25], "texture": "#0"},
				"up": {"uv": [7.25, 1, 6.75, 0], "texture": "#0"},
				"down": {"uv": [7.75, 0, 7.25, 1], "texture": "#0"}
			}
		},
		{
			"from": [7, 0, 8],
			"to": [9, 2, 13],
			"faces": {
				"north": {"uv": [1.25, 3, 1.75, 3.5], "texture": "#0"},
				"east": {"uv": [0, 3, 1.25, 3.5], "texture": "#0"},
				"south": {"uv": [3, 3, 3.5, 3.5], "texture": "#0"},
				"west": {"uv": [1.75, 3, 3, 3.5], "texture": "#0"},
				"up": {"uv": [1.75, 3, 1.25, 1.75], "texture": "#0"},
				"down": {"uv": [2.25, 1.75, 1.75, 3], "texture": "#0"}
			}
		},
		{
			"from": [7, -4, 10],
			"to": [9, -1, 20],
			"rotation": {"angle": 0, "axis": "x", "origin": [8, -2.5, 13.5]},
			"faces": {
				"north": {"uv": [2.5, 7.75, 3, 8.5], "texture": "#0"},
				"east": {"uv": [0, 7.75, 2.5, 8.5], "texture": "#0"},
				"south": {"uv": [5.5, 7.75, 6, 8.5], "texture": "#0"},
				"west": {"uv": [3, 7.75, 5.5, 8.5], "texture": "#0"},
				"up": {"uv": [3, 7.75, 2.5, 5.25], "texture": "#0"},
				"down": {"uv": [3.5, 5.25, 3, 7.75], "texture": "#0"}
			}
		},
		{
			"from": [7, -5, 16],
			"to": [9, -4, 20],
			"rotation": {"angle": 0, "axis": "x", "origin": [8, -2.5, 13.5]},
			"faces": {
				"north": {"uv": [1, 4.5, 1.5, 4.75], "texture": "#0"},
				"east": {"uv": [0, 4.5, 1, 4.75], "texture": "#0"},
				"south": {"uv": [2.5, 4.5, 3, 4.75], "texture": "#0"},
				"west": {"uv": [1.5, 4.5, 2.5, 4.75], "texture": "#0"},
				"up": {"uv": [1.5, 4.5, 1, 3.5], "texture": "#0"},
				"down": {"uv": [2, 3.5, 1.5, 4.5], "texture": "#0"}
			}
		},
		{
			"from": [7, -1, 9],
			"to": [9, 0, 15],
			"rotation": {"angle": 0, "axis": "x", "origin": [8, -2.5, 13.5]},
			"faces": {
				"north": {"uv": [1.5, 1.5, 2, 1.75], "texture": "#0"},
				"east": {"uv": [0, 1.5, 1.5, 1.75], "texture": "#0"},
				"south": {"uv": [3.5, 1.5, 4, 1.75], "texture": "#0"},
				"west": {"uv": [2, 1.5, 3.5, 1.75], "texture": "#0"},
				"up": {"uv": [2, 1.5, 1.5, 0], "texture": "#0"},
				"down": {"uv": [2.5, 0, 2, 1.5], "texture": "#0"}
			}
		},
		{
			"from": [7, -5, -5],
			"to": [9, -1, -3],
			"rotation": {"angle": 0, "axis": "x", "origin": [8, -1.5, -4]},
			"faces": {
				"north": {"uv": [6.25, 1.75, 6.75, 2.75], "texture": "#0"},
				"east": {"uv": [5.75, 1.75, 6.25, 2.75], "texture": "#0"},
				"south": {"uv": [7.25, 1.75, 7.75, 2.75], "texture": "#0"},
				"west": {"uv": [6.75, 1.75, 7.25, 2.75], "texture": "#0"},
				"up": {"uv": [6.75, 1.75, 6.25, 1.25], "texture": "#0"},
				"down": {"uv": [7.25, 1.25, 6.75, 1.75], "texture": "#0"}
			}
		},
		{
			"from": [7, -5, 5],
			"to": [9, 0, 7],
			"rotation": {"angle": 0, "axis": "x", "origin": [8, -1.5, 6]},
			"faces": {
				"north": {"uv": [0.5, 5.75, 1, 7], "texture": "#0"},
				"east": {"uv": [0, 5.75, 0.5, 7], "texture": "#0"},
				"south": {"uv": [1.5, 5.75, 2, 7], "texture": "#0"},
				"west": {"uv": [1, 5.75, 1.5, 7], "texture": "#0"},
				"up": {"uv": [1, 5.75, 0.5, 5.25], "texture": "#0"},
				"down": {"uv": [1.5, 5.25, 1, 5.75], "texture": "#0"}
			}
		},
		{
			"from": [4, -7, 1],
			"to": [12, 1, 3],
			"faces": {
				"north": {"uv": [4, 5.75, 6, 7.75], "texture": "#0"},
				"east": {"uv": [3.5, 5.75, 4, 7.75], "texture": "#0"},
				"south": {"uv": [6.5, 5.75, 8.5, 7.75], "texture": "#0"},
				"west": {"uv": [6, 5.75, 6.5, 7.75], "texture": "#0"},
				"up": {"uv": [6, 5.75, 4, 5.25], "texture": "#0"},
				"down": {"uv": [8, 5.25, 6, 5.75], "texture": "#0"}
			}
		}
	],
	"gui_light": "front",
	"display": {
		"thirdperson_righthand": {
			"translation": [0, 8.25, 2.25],
			"scale": [0.75, 0.75, 0.75]
		},
		"thirdperson_lefthand": {
			"translation": [0, 7.25, 2.25],
			"scale": [0.75, 0.75, 0.75]
		},
		"firstperson_righthand": {
			"translation": [1.5, 7, 0]
		},
		"firstperson_lefthand": {
			"translation": [1.5, 7, 0]
		},
		"ground": {
			"translation": [0, 12.25, 0]
		},
		"gui": {
			"rotation": [137.45, -54.15, 126.6],
			"translation": [-3.75, 2.75, 0],
			"scale": [0.51, 0.51, 0.51]
		},
		"fixed": {
			"rotation": [90, 62.75, -90],
			"translation": [5.5, 3.5, 0],
			"scale": [0.64, 0.64, 0.64]
		}
	},
	"groups": [
		{
			"name": "rattler",
			"origin": [0, 0, 0],
			"color": 0,
			"children": [0, 1, 2, 3, 4, 5, 6, 7, 8, 9, 10, 11]
		}
	]
}