{
	"credit": "Made with Blockbench",
	"texture_size": [32, 32],
	"textures": {
		"0": "item/receiver",
		"particle": "item/receiver"
	},
	"elements": [
		{
			"from": [4, 0, 6],
			"to": [12, 10, 10],
			"rotation": {"angle": 0, "axis": "y", "origin": [8, 12, 8]},
			"faces": {
				"north": {"uv": [8, 2, 12, 7], "texture": "#0"},
				"east": {"uv": [6, 2, 8, 7], "texture": "#0"},
				"south": {"uv": [2, 2, 6, 7], "texture": "#0"},
				"west": {"uv": [0, 2, 2, 7], "texture": "#0"},
				"up": {"uv": [6, 2, 2, 0], "rotation": 180, "texture": "#0"},
				"down": {"uv": [10, 0, 6, 2], "rotation": 180, "texture": "#0"}
			}
		},
		{
			"from": [7, 26, 7],
			"to": [9, 28, 9],
			"rotation": {"angle": 0, "axis": "y", "origin": [8, 12, 8]},
			"faces": {
				"north": {"uv": [4, 8, 5, 9], "texture": "#0"},
				"east": {"uv": [3, 8, 4, 9], "texture": "#0"},
				"south": {"uv": [2, 8, 3, 9], "texture": "#0"},
				"west": {"uv": [1, 8, 2, 9], "texture": "#0"},
				"up": {"uv": [3, 8, 2, 7], "rotation": 180, "texture": "#0"},
				"down": {"uv": [4, 7, 3, 8], "rotation": 180, "texture": "#0"}
			}
		},
		{
			"from": [7.5, 10, 8],
			"to": [8.5, 26, 8],
			"rotation": {"angle": 0, "axis": "y", "origin": [8, 12, 8]},
			"faces": {
				"north": {"uv": [0, 7, 0.5, 15], "texture": "#0"},
				"east": {"uv": [0.5, 7, 0.5, 15], "texture": "#0"},
				"south": {"uv": [0, 7, 0.5, 15], "texture": "#0"},
				"west": {"uv": [0, 7, 0, 15], "texture": "#0"},
				"up": {"uv": [0.5, 7, 0, 7], "rotation": 180, "texture": "#0"},
				"down": {"uv": [1, 7, 0.5, 7], "rotation": 180, "texture": "#0"}
			}
		},
		{
			"from": [12, 7, 7],
			"to": [13, 9, 9],
			"faces": {
				"north": {"uv": [6.5, 8, 7, 9], "texture": "#0"},
				"east": {"uv": [5.5, 8, 6.5, 9], "texture": "#0"},
				"south": {"uv": [8, 8, 8.5, 9], "texture": "#0"},
				"west": {"uv": [7, 8, 8, 9], "texture": "#0"},
				"up": {"uv": [7, 8, 6.5, 7], "texture": "#0"},
				"down": {"uv": [7.5, 7, 7, 8], "texture": "#0"}
			}
		},
		{
			"from": [12, 4, 7],
			"to": [13, 6, 9],
			"faces": {
				"north": {"uv": [6.5, 8, 7, 9], "texture": "#0"},
				"east": {"uv": [5.5, 8, 6.5, 9], "texture": "#0"},
				"south": {"uv": [8, 8, 8.5, 9], "texture": "#0"},
				"west": {"uv": [7, 8, 8, 9], "texture": "#0"},
				"up": {"uv": [7, 8, 6.5, 7], "texture": "#0"},
				"down": {"uv": [7.5, 7, 7, 8], "texture": "#0"}
			}
		}
	],
	"gui_light": "front",
	"display": {
		"thirdperson_righthand": {
			"translation": [0, 3, 1.5],
			"scale": [0.45, 0.45, 0.45]
		},
		"thirdperson_lefthand": {
			"translation": [0, 3, 1.5],
			"scale": [0.45, 0.45, 0.45]
		},
		"firstperson_righthand": {
			"rotation": [-17, -47, -7],
			"translation": [3, 3.25, -1.75],
			"scale": [0.8, 0.8, 0.8]
		},
		"firstperson_lefthand": {
			"rotation": [-17, -47, -7],
			"translation": [3, 3.25, -1.75],
			"scale": [0.8, 0.8, 0.8]
		},
		"ground": {
			"rotation": [-58, 0, 0],
			"translation": [0, -1.25, 0],
			"scale": [0.5, 0.5, 0.5]
		},
		"gui": {
			"rotation": [-9, 0, 0],
			"translation": [0, -2.25, 0],
			"scale": [0.45, 0.45, 0.45]
		},
		"fixed": {
			"rotation": [0, 180, 0]
		}
	},
	"groups": [
		{
			"name": "group",
			"origin": [0, 0, 0],
			"color": 0,
			"children": [0, 1, 2]
		},
		3,
		4
	]
}