{
	"credit": "Made with Blockbench",
	"texture_size": [64, 64],
	"textures": {
		"0": "item/rock_stick",
		"particle": "item/rock_stick"
	},
	"elements": [
		{
			"from": [0, 0, 0],
			"to": [16, 16, 16],
			"faces": {
				"north": {"uv": [4, 4, 8, 8], "texture": "#0"},
				"east": {"uv": [0, 4, 4, 8], "texture": "#0"},
				"south": {"uv": [12, 4, 16, 8], "texture": "#0"},
				"west": {"uv": [8, 4, 12, 8], "texture": "#0"},
				"up": {"uv": [8, 4, 4, 0], "texture": "#0"},
				"down": {"uv": [12, 0, 8, 4], "texture": "#0"}
			}
		},
		{
			"from": [5, -2, 5],
			"to": [11, 0, 11],
			"faces": {
				"north": {"uv": [1.5, 9.5, 3, 10], "texture": "#0"},
				"east": {"uv": [0, 9.5, 1.5, 10], "texture": "#0"},
				"south": {"uv": [4.5, 9.5, 6, 10], "texture": "#0"},
				"west": {"uv": [3, 9.5, 4.5, 10], "texture": "#0"},
				"up": {"uv": [3, 9.5, 1.5, 8], "texture": "#0"},
				"down": {"uv": [4.5, 8, 3, 9.5], "texture": "#0"}
			}
		},
		{
			"from": [7.5, -16, 7.5],
			"to": [8.5, -2, 8.5],
			"faces": {
				"north": {"uv": [0.25, 0.25, 0.5, 3.75], "texture": "#0"},
				"east": {"uv": [0, 0.25, 0.25, 3.75], "texture": "#0"},
				"south": {"uv": [0.75, 0.25, 1, 3.75], "texture": "#0"},
				"west": {"uv": [0.5, 0.25, 0.75, 3.75], "texture": "#0"},
				"up": {"uv": [0.5, 0.25, 0.25, 0], "texture": "#0"},
				"down": {"uv": [0.75, 0, 0.5, 0.25], "texture": "#0"}
			}
		}
	],
	"gui_light": "front",
	"display": {
		"thirdperson_righthand": {
			"translation": [0, 16.75, 1.25]
		},
		"thirdperson_lefthand": {
			"translation": [0, 16.75, 1.25]
		},
		"firstperson_righthand": {
			"translation": [0, 9.75, 0],
			"scale": [0.53, 0.53, 0.53]
		},
		"firstperson_lefthand": {
			"translation": [0, 9.75, 0],
			"scale": [0.53, 0.53, 0.53]
		},
		"ground": {
			"rotation": [-26, 0, 0],
			"translation": [0, 3.25, -2.25],
			"scale": [0.46, 0.46, 0.46]
		},
		"gui": {
			"rotation": [0, 180, 43],
			"translation": [1.75, 1.25, 0],
			"scale": [0.4, 0.4, 0.4]
		},
		"fixed": {
			"rotation": [0, 0, 44],
			"translation": [-1.25, 1.5, 0],
			"scale": [0.5, 0.5, 0.5]
		}
	},
	"groups": [
		{
			"name": "group",
			"origin": [0, 0, 0],
			"color": 0,
			"children": [0, 1, 2]
		}
	]
}