{
	"credit": "Made with Blockbench",
	"texture_size": [64, 32],
	"textures": {
		"0": "item/shulker_bullet"
	},
	"elements": [
		{
			"name": "bullet",
			"from": [4, 0, 7],
			"to": [12, 8, 9],
			"faces": {
				"north": {"uv": [0.5, 1, 2.5, 5], "texture": "#0"},
				"east": {"uv": [0, 1, 0.5, 5], "texture": "#0"},
				"south": {"uv": [3, 1, 5, 5], "texture": "#0"},
				"west": {"uv": [2.5, 1, 3, 5], "texture": "#0"},
				"up": {"uv": [2.5, 1, 0.5, 0], "texture": "#0"},
				"down": {"uv": [4.5, 0, 2.5, 1], "texture": "#0"}
			}
		},
		{
			"name": "bullet",
			"from": [7, 0, 4],
			"to": [9, 8, 12],
			"faces": {
				"north": {"uv": [2, 9, 2.5, 13], "texture": "#0"},
				"east": {"uv": [0, 9, 2, 13], "texture": "#0"},
				"south": {"uv": [4.5, 9, 5, 13], "texture": "#0"},
				"west": {"uv": [2.5, 9, 4.5, 13], "texture": "#0"},
				"up": {"uv": [2.5, 9, 2, 5], "texture": "#0"},
				"down": {"uv": [3, 5, 2.5, 9], "texture": "#0"}
			}
		},
		{
			"name": "bullet",
			"from": [4, 3, 4],
			"to": [12, 5, 12],
			"faces": {
				"north": {"uv": [7, 4, 9, 5], "texture": "#0"},
				"east": {"uv": [5, 4, 7, 5], "texture": "#0"},
				"south": {"uv": [11, 4, 13, 5], "texture": "#0"},
				"west": {"uv": [9, 4, 11, 5], "texture": "#0"},
				"up": {"uv": [9, 4, 7, 0], "texture": "#0"},
				"down": {"uv": [11, 0, 9, 4], "texture": "#0"}
			}
		}
	],
	"gui_light": "front",
	"display": {
		"thirdperson_righthand": {
			"rotation": [0, 42, 0],
			"translation": [0, 4.25, 0],
			"scale": [0.7, 0.7, 0.7]
		},
		"thirdperson_lefthand": {
			"rotation": [0, 42, 0],
			"translation": [0, 4.25, 0],
			"scale": [0.7, 0.7, 0.7]
		},
		"firstperson_righthand": {
			"rotation": [0, 33, 0],
			"translation": [0.75, 2.25, 0]
		},
		"firstperson_lefthand": {
			"rotation": [0, 33, 0],
			"translation": [0.75, 2.25, 0]
		},
		"ground": {
			"translation": [0, 5.5, 0]
		},
		"gui": {
			"rotation": [17, 25, 0],
			"translation": [0.25, 3.25, 0]
		},
		"fixed": {
			"translation": [0, 4, 0]
		}
	},
	"groups": [
		{
			"name": "bullet",
			"origin": [0, 4, 0],
			"color": 0,
			"children": [0, 1, 2]
		}
	]
}