{
	"credit": "Made with Blockbench",
	"texture_size": [64, 50],
	"textures": {
		"0": "item/hats/snorkel_hat",
		"particle": "item/hats/snorkel_hat"
	},
	"elements": [
		{
			"from": [0, 2, 1],
			"to": [16, 7, 1],
			"faces": {
				"north": {"uv": [0, 14.08, 4, 15.68], "texture": "#0"},
				"east": {"uv": [0, 14.08, 0, 15.68], "texture": "#0"},
				"south": {"uv": [4, 14.08, 8, 15.68], "texture": "#0"},
				"west": {"uv": [4, 14.08, 4, 15.68], "texture": "#0"},
				"up": {"uv": [4, 14.08, 0, 14.08], "texture": "#0"},
				"down": {"uv": [8, 14.08, 4, 14.08], "texture": "#0"}
			}
		},
		{
			"from": [11, 0, 0],
			"to": [17, 2, 2],
			"faces": {
				"north": {"uv": [9, 11.84, 10.5, 12.48], "texture": "#0"},
				"east": {"uv": [8.5, 11.84, 9, 12.48], "texture": "#0"},
				"south": {"uv": [11, 11.84, 12.5, 12.48], "texture": "#0"},
				"west": {"uv": [10.5, 11.84, 11, 12.48], "texture": "#0"},
				"up": {"uv": [10.5, 11.84, 9, 11.2], "texture": "#0"},
				"down": {"uv": [12, 11.2, 10.5, 11.84], "texture": "#0"}
			}
		},
		{
			"from": [-1, 0, 0],
			"to": [5, 2, 2],
			"faces": {
				"north": {"uv": [5, 11.52, 6.5, 12.16], "texture": "#0"},
				"east": {"uv": [4.5, 11.52, 5, 12.16], "texture": "#0"},
				"south": {"uv": [7, 11.52, 8.5, 12.16], "texture": "#0"},
				"west": {"uv": [6.5, 11.52, 7, 12.16], "texture": "#0"},
				"up": {"uv": [6.5, 11.52, 5, 10.88], "texture": "#0"},
				"down": {"uv": [8, 10.88, 6.5, 11.52], "texture": "#0"}
			}
		},
		{
			"from": [-1, 3, 17],
			"to": [17, 5, 18],
			"faces": {
				"north": {"uv": [4.5, 1.6, 9, 2.24], "texture": "#0"},
				"east": {"uv": [4.25, 1.6, 4.5, 2.24], "texture": "#0"},
				"south": {"uv": [9.25, 1.6, 13.75, 2.24], "texture": "#0"},
				"west": {"uv": [9, 1.6, 9.25, 2.24], "texture": "#0"},
				"up": {"uv": [9, 1.6, 4.5, 1.28], "texture": "#0"},
				"down": {"uv": [13.5, 1.28, 9, 1.6], "texture": "#0"}
			}
		},
		{
			"from": [-1, 7, 0],
			"to": [17, 9, 2],
			"faces": {
				"north": {"uv": [4.75, 0.64, 9.25, 1.28], "texture": "#0"},
				"east": {"uv": [4.25, 0.64, 4.75, 1.28], "texture": "#0"},
				"south": {"uv": [9.75, 0.64, 14.25, 1.28], "texture": "#0"},
				"west": {"uv": [9.25, 0.64, 9.75, 1.28], "texture": "#0"},
				"up": {"uv": [9.25, 0.64, 4.75, 0], "texture": "#0"},
				"down": {"uv": [13.75, 0, 9.25, 0.64], "texture": "#0"}
			}
		},
		{
			"from": [-2, 2, 0],
			"to": [0, 7, 2],
			"faces": {
				"north": {"uv": [2, 2.24, 2.5, 3.84], "texture": "#0"},
				"east": {"uv": [1.5, 2.24, 2, 3.84], "texture": "#0"},
				"south": {"uv": [3, 2.24, 3.5, 3.84], "texture": "#0"},
				"west": {"uv": [2.5, 2.24, 3, 3.84], "texture": "#0"},
				"up": {"uv": [2.5, 2.24, 2, 1.6], "texture": "#0"},
				"down": {"uv": [3, 1.6, 2.5, 2.24], "texture": "#0"}
			}
		},
		{
			"from": [-1.6, 3, 2],
			"to": [-0.6, 5, 17],
			"faces": {
				"north": {"uv": [3.75, 10.24, 4, 10.88], "texture": "#0"},
				"east": {"uv": [0, 10.24, 3.75, 10.88], "texture": "#0"},
				"south": {"uv": [7.75, 10.24, 8, 10.88], "texture": "#0"},
				"west": {"uv": [4, 10.24, 7.75, 10.88], "texture": "#0"},
				"up": {"uv": [4, 10.24, 3.75, 5.44], "texture": "#0"},
				"down": {"uv": [4.25, 5.44, 4, 10.24], "texture": "#0"}
			}
		},
		{
			"from": [16.6, 3, 2],
			"to": [17.6, 5, 17],
			"faces": {
				"north": {"uv": [3.75, 4.8, 4, 5.44], "texture": "#0"},
				"east": {"uv": [0, 4.8, 3.75, 5.44], "texture": "#0"},
				"south": {"uv": [7.75, 4.8, 8, 5.44], "texture": "#0"},
				"west": {"uv": [4, 4.8, 7.75, 5.44], "texture": "#0"},
				"up": {"uv": [4, 4.8, 3.75, 0], "texture": "#0"},
				"down": {"uv": [4.25, 0, 4, 4.8], "texture": "#0"}
			}
		},
		{
			"from": [16, 2, 0],
			"to": [18, 7, 2],
			"faces": {
				"north": {"uv": [0.5, 0.64, 1, 2.24], "texture": "#0"},
				"east": {"uv": [0, 0.64, 0.5, 2.24], "texture": "#0"},
				"south": {"uv": [1.5, 0.64, 2, 2.24], "texture": "#0"},
				"west": {"uv": [1, 0.64, 1.5, 2.24], "texture": "#0"},
				"up": {"uv": [1, 0.64, 0.5, 0], "texture": "#0"},
				"down": {"uv": [1.5, 0, 1, 0.64], "texture": "#0"}
			}
		},
		{
			"from": [5, -2, -1],
			"to": [11, 4, 2],
			"faces": {
				"north": {"uv": [0.75, 11.84, 2.25, 13.76], "texture": "#0"},
				"east": {"uv": [0, 11.84, 0.75, 13.76], "texture": "#0"},
				"south": {"uv": [3, 11.84, 4.5, 13.76], "texture": "#0"},
				"west": {"uv": [2.25, 11.84, 3, 13.76], "texture": "#0"},
				"up": {"uv": [2.25, 11.84, 0.75, 10.88], "texture": "#0"},
				"down": {"uv": [3.75, 10.88, 2.25, 11.84], "texture": "#0"}
			}
		},
		{
			"from": [-5, -3, 0],
			"to": [9, -1, 2],
			"faces": {
				"north": {"uv": [4.75, 2.88, 8.25, 3.52], "texture": "#0"},
				"east": {"uv": [4.25, 2.88, 4.75, 3.52], "texture": "#0"},
				"south": {"uv": [8.75, 2.88, 12.25, 3.52], "texture": "#0"},
				"west": {"uv": [8.25, 2.88, 8.75, 3.52], "texture": "#0"},
				"up": {"uv": [8.25, 2.88, 4.75, 2.24], "texture": "#0"},
				"down": {"uv": [11.75, 2.24, 8.25, 2.88], "texture": "#0"}
			}
		},
		{
			"from": [-5, -1, 0],
			"to": [-3, 21, 2],
			"faces": {
				"north": {"uv": [8.5, 4.16, 9, 11.2], "texture": "#0"},
				"east": {"uv": [8, 4.16, 8.5, 11.2], "texture": "#0"},
				"south": {"uv": [9.5, 4.16, 10, 11.2], "texture": "#0"},
				"west": {"uv": [9, 4.16, 9.5, 11.2], "texture": "#0"},
				"up": {"uv": [9, 4.16, 8.5, 3.52], "texture": "#0"},
				"down": {"uv": [9.5, 3.52, 9, 4.16], "texture": "#0"}
			}
		}
	],
	"display": {
		"thirdperson_righthand": {
			"rotation": [0, 0, -69],
			"translation": [1.75, 0, -2.75],
			"scale": [0.4, 0.4, 0.4]
		},
		"thirdperson_lefthand": {
			"rotation": [0, 0, -69],
			"translation": [1.75, 0, -2.75],
			"scale": [0.4, 0.4, 0.4]
		},
		"firstperson_righthand": {
			"rotation": [-51, -18, -60],
			"translation": [9.5, -3.75, 0]
		},
		"firstperson_lefthand": {
			"rotation": [-51, -18, -60],
			"translation": [9.5, -3.75, 0]
		},
		"ground": {
			"scale": [0.45, 0.45, 0.45]
		},
		"gui": {
			"rotation": [26, -143, 0],
			"translation": [-0.75, 0.5, 0],
			"scale": [0.5, 0.5, 0.5]
		},
		"head": {
			"translation": [0, 1.25, -1.5],
			"scale": [0.8, 0.8, 0.8]
		},
		"fixed": {
			"translation": [0.75, 0, 2.75],
			"scale": [0.58, 0.58, 0.58]
		}
	},
	"groups": [
		{
			"name": "Snorkel",
			"origin": [0, 0, 0],
			"color": 0,
			"children": [0, 1, 2, 3, 4, 5, 6, 7, 8, 9, 10, 11]
		}
	]
}