{
	"credit": "Made with Blockbench",
	"texture_size": [96, 96],
	"textures": {
		"0": "item/hats/sonicman_helmet",
		"particle": "item/hats/sonicman_helmet"
	},
	"elements": [
		{
			"from": [6, -1, 0],
			"to": [10, 5, 1],
			"faces": {
				"north": {"uv": [14.5, 1.5, 15.16667, 2.5], "texture": "#0"},
				"east": {"uv": [14.33333, 1.5, 14.5, 2.5], "texture": "#0"},
				"south": {"uv": [15.33333, 1.5, 16, 2.5], "texture": "#0"},
				"west": {"uv": [15.16667, 1.5, 15.33333, 2.5], "texture": "#0"},
				"up": {"uv": [15.16667, 1.5, 14.5, 1.33333], "texture": "#0"},
				"down": {"uv": [15.83333, 1.33333, 15.16667, 1.5], "texture": "#0"}
			}
		},
		{
			"from": [10, 0, 0],
			"to": [16, 5, 1],
			"faces": {
				"north": {"uv": [13.83333, 0.16667, 14.83333, 1], "texture": "#0"},
				"east": {"uv": [13.66667, 0.16667, 13.83333, 1], "texture": "#0"},
				"south": {"uv": [15, 0.16667, 16, 1], "texture": "#0"},
				"west": {"uv": [14.83333, 0.16667, 15, 1], "texture": "#0"},
				"up": {"uv": [14.83333, 0.16667, 13.83333, 0], "texture": "#0"},
				"down": {"uv": [15.83333, 0, 14.83333, 0.16667], "texture": "#0"}
			}
		},
		{
			"from": [0, 0, 0],
			"to": [6, 5, 1],
			"faces": {
				"north": {"uv": [11.16667, 0.16667, 12.16667, 1], "texture": "#0"},
				"east": {"uv": [11, 0.16667, 11.16667, 1], "texture": "#0"},
				"south": {"uv": [12.33333, 0.16667, 13.33333, 1], "texture": "#0"},
				"west": {"uv": [12.16667, 0.16667, 12.33333, 1], "texture": "#0"},
				"up": {"uv": [12.16667, 0.16667, 11.16667, 0], "texture": "#0"},
				"down": {"uv": [13.16667, 0, 12.16667, 0.16667], "texture": "#0"}
			}
		},
		{
			"from": [0, 0, 1],
			"to": [1, 5, 8],
			"faces": {
				"north": {"uv": [14.5, 15.16667, 14.66667, 16], "texture": "#0"},
				"east": {"uv": [13.33333, 15.16667, 14.5, 16], "texture": "#0"},
				"south": {"uv": [15.83333, 15.16667, 16, 16], "texture": "#0"},
				"west": {"uv": [14.66667, 15.16667, 15.83333, 16], "texture": "#0"},
				"up": {"uv": [14.66667, 15.16667, 14.5, 14], "texture": "#0"},
				"down": {"uv": [14.83333, 14, 14.66667, 15.16667], "texture": "#0"}
			}
		},
		{
			"from": [0, -3, 8],
			"to": [1, 5, 10],
			"faces": {
				"north": {"uv": [0.33333, 0.33333, 0.5, 1.66667], "texture": "#0"},
				"east": {"uv": [0, 0.33333, 0.33333, 1.66667], "texture": "#0"},
				"south": {"uv": [0.83333, 0.33333, 1, 1.66667], "texture": "#0"},
				"west": {"uv": [0.5, 0.33333, 0.83333, 1.66667], "texture": "#0"},
				"up": {"uv": [0.5, 0.33333, 0.33333, 0], "texture": "#0"},
				"down": {"uv": [0.66667, 0, 0.5, 0.33333], "texture": "#0"}
			}
		},
		{
			"from": [-1, -1, 10],
			"to": [17, 5, 16],
			"faces": {
				"north": {"uv": [1, 11.5, 4, 12.5], "texture": "#0"},
				"east": {"uv": [0, 11.5, 1, 12.5], "texture": "#0"},
				"south": {"uv": [5, 11.5, 8, 12.5], "texture": "#0"},
				"west": {"uv": [4, 11.5, 5, 12.5], "texture": "#0"},
				"up": {"uv": [4, 11.5, 1, 10.5], "texture": "#0"},
				"down": {"uv": [7, 10.5, 4, 11.5], "texture": "#0"}
			}
		},
		{
			"from": [5, 1, 6],
			"to": [11, 7, 23],
			"rotation": {"angle": -22.5, "axis": "x", "origin": [0, 0, 0]},
			"faces": {
				"north": {"uv": [2.83333, 8.83333, 3.83333, 9.83333], "texture": "#0"},
				"east": {"uv": [0, 8.83333, 2.83333, 9.83333], "texture": "#0"},
				"south": {"uv": [6.66667, 8.83333, 7.66667, 9.83333], "texture": "#0"},
				"west": {"uv": [3.83333, 8.83333, 6.66667, 9.83333], "texture": "#0"},
				"up": {"uv": [3.83333, 8.83333, 2.83333, 6], "texture": "#0"},
				"down": {"uv": [4.83333, 6, 3.83333, 8.83333], "texture": "#0"}
			}
		},
		{
			"from": [3, 5, 2],
			"to": [7, 8, 19],
			"rotation": {"angle": -22.5, "axis": "y", "origin": [0, 0, 0]},
			"faces": {
				"north": {"uv": [11.83333, 10.16667, 12.5, 10.66667], "texture": "#0"},
				"east": {"uv": [9, 10.16667, 11.83333, 10.66667], "texture": "#0"},
				"south": {"uv": [15.33333, 10.16667, 16, 10.66667], "texture": "#0"},
				"west": {"uv": [12.5, 10.16667, 15.33333, 10.66667], "texture": "#0"},
				"up": {"uv": [12.5, 10.16667, 11.83333, 7.33333], "texture": "#0"},
				"down": {"uv": [13.16667, 7.33333, 12.5, 10.16667], "texture": "#0"}
			}
		},
		{
			"from": [9, 5, 2],
			"to": [13, 8, 19],
			"rotation": {"angle": 22.5, "axis": "y", "origin": [16, 0, 0]},
			"faces": {
				"north": {"uv": [12.5, 10.16667, 11.83333, 10.66667], "texture": "#0"},
				"east": {"uv": [15.33333, 10.16667, 12.5, 10.66667], "texture": "#0"},
				"south": {"uv": [16, 10.16667, 15.33333, 10.66667], "texture": "#0"},
				"west": {"uv": [11.83333, 10.16667, 9, 10.66667], "texture": "#0"},
				"up": {"uv": [11.83333, 10.16667, 12.5, 7.33333], "texture": "#0"},
				"down": {"uv": [12.5, 7.33333, 13.16667, 10.16667], "texture": "#0"}
			}
		},
		{
			"from": [1, 3, 6],
			"to": [4, 6, 21],
			"rotation": {"angle": -22.5, "axis": "x", "origin": [0, 0, 0]},
			"faces": {
				"north": {"uv": [12.5, 5.83333, 13, 6.33333], "texture": "#0"},
				"east": {"uv": [10, 5.83333, 12.5, 6.33333], "texture": "#0"},
				"south": {"uv": [15.5, 5.83333, 16, 6.33333], "texture": "#0"},
				"west": {"uv": [13, 5.83333, 15.5, 6.33333], "texture": "#0"},
				"up": {"uv": [13, 5.83333, 12.5, 3.33333], "texture": "#0"},
				"down": {"uv": [13.5, 3.33333, 13, 5.83333], "texture": "#0"}
			}
		},
		{
			"from": [12, 3, 6],
			"to": [15, 6, 21],
			"rotation": {"angle": -22.5, "axis": "x", "origin": [0, 0, 0]},
			"faces": {
				"north": {"uv": [12.5, 5.83333, 13, 6.33333], "texture": "#0"},
				"east": {"uv": [10, 5.83333, 12.5, 6.33333], "texture": "#0"},
				"south": {"uv": [15.5, 5.83333, 16, 6.33333], "texture": "#0"},
				"west": {"uv": [13, 5.83333, 15.5, 6.33333], "texture": "#0"},
				"up": {"uv": [13, 5.83333, 12.5, 3.33333], "texture": "#0"},
				"down": {"uv": [13.5, 3.33333, 13, 5.83333], "texture": "#0"}
			}
		},
		{
			"from": [15, -3, 8],
			"to": [16, 5, 10],
			"faces": {
				"north": {"uv": [0.33333, 0.33333, 0.5, 1.66667], "texture": "#0"},
				"east": {"uv": [0, 0.33333, 0.33333, 1.66667], "texture": "#0"},
				"south": {"uv": [0.83333, 0.33333, 1, 1.66667], "texture": "#0"},
				"west": {"uv": [0.5, 0.33333, 0.83333, 1.66667], "texture": "#0"},
				"up": {"uv": [0.5, 0.33333, 0.33333, 0], "texture": "#0"},
				"down": {"uv": [0.66667, 0, 0.5, 0.33333], "texture": "#0"}
			}
		},
		{
			"from": [15, 0, 1],
			"to": [16, 5, 8],
			"faces": {
				"north": {"uv": [14.5, 15.16667, 14.66667, 16], "texture": "#0"},
				"east": {"uv": [13.33333, 15.16667, 14.5, 16], "texture": "#0"},
				"south": {"uv": [15.83333, 15.16667, 16, 16], "texture": "#0"},
				"west": {"uv": [14.66667, 15.16667, 15.83333, 16], "texture": "#0"},
				"up": {"uv": [14.66667, 15.16667, 14.5, 14], "texture": "#0"},
				"down": {"uv": [14.83333, 14, 14.66667, 15.16667], "texture": "#0"}
			}
		},
		{
			"from": [0, 5, 0],
			"to": [16, 7, 16],
			"faces": {
				"north": {"uv": [2.66667, 15.66667, 5.33333, 16], "texture": "#0"},
				"east": {"uv": [0, 15.66667, 2.66667, 16], "texture": "#0"},
				"south": {"uv": [8, 15.66667, 10.66667, 16], "texture": "#0"},
				"west": {"uv": [5.33333, 15.66667, 8, 16], "texture": "#0"},
				"up": {"uv": [5.33333, 15.66667, 2.66667, 13], "texture": "#0"},
				"down": {"uv": [8, 13, 5.33333, 15.66667], "texture": "#0"}
			}
		},
		{
			"from": [1, 7, 1],
			"to": [15, 9, 15],
			"faces": {
				"north": {"uv": [2.33333, 4.16667, 4.66667, 4.5], "texture": "#0"},
				"east": {"uv": [0, 4.16667, 2.33333, 4.5], "texture": "#0"},
				"south": {"uv": [7, 4.16667, 9.33333, 4.5], "texture": "#0"},
				"west": {"uv": [4.66667, 4.16667, 7, 4.5], "texture": "#0"},
				"up": {"uv": [4.66667, 4.16667, 2.33333, 1.83333], "texture": "#0"},
				"down": {"uv": [7, 1.83333, 4.66667, 4.16667], "texture": "#0"}
			}
		}
	],
	"display": {
		"thirdperson_righthand": {
			"rotation": [5, -9, -88],
			"translation": [4.5, -1.25, -1.25],
			"scale": [0.7, 0.7, 0.7]
		},
		"thirdperson_lefthand": {
			"rotation": [5, -9, -88],
			"translation": [4.5, -1.25, -1.25],
			"scale": [0.7, 0.7, 0.7]
		},
		"ground": {
			"translation": [0, 1.75, 0],
			"scale": [0.65, 0.65, 0.65]
		},
		"gui": {
			"rotation": [18, -150, 0],
			"translation": [1.75, 0, 0],
			"scale": [0.61, 0.61, 0.61]
		},
		"head": {
			"translation": [0, 6.25, 0],
			"scale": [1.1, 1.1, 1.1]
		},
		"fixed": {
			"translation": [0, 2.25, 0]
		}
	},
	"groups": [
		{
			"name": "group",
			"origin": [0, 0, 0],
			"color": 0,
			"children": [0, 1, 2, 3, 4, 5, 6, 7, 8, 9, 10, 11, 12, 13, 14]
		}
	]
}