{
	"credit": "Made with Blockbench",
	"texture_size": [96, 48],
	"textures": {
		"0": "item/hats/stab_helmet",
		"particle": "item/hats/stab_helmet"
	},
	"elements": [
		{
			"from": [0, 0, 1],
			"to": [16, 16, 16],
			"rotation": {"angle": 0, "axis": "y", "origin": [0, 0, 1]},
			"faces": {
				"north": {"uv": [2.5, 5, 5.16667, 10.33333], "texture": "#0"},
				"east": {"uv": [0, 5, 2.5, 10.33333], "texture": "#0"},
				"south": {"uv": [7.66667, 5, 10.33333, 10.33333], "texture": "#0"},
				"west": {"uv": [5.16667, 5, 7.66667, 10.33333], "texture": "#0"},
				"up": {"uv": [5.16667, 5, 2.5, 0], "texture": "#0", "cullface": "south"},
				"down": {"uv": [7.83333, 0, 5.16667, 5], "texture": "#0"}
			}
		},
		{
			"from": [12, -1, -1],
			"to": [17, 4, 5],
			"rotation": {"angle": -22.5, "axis": "y", "origin": [14.5, 2.5, 1]},
			"faces": {
				"north": {"uv": [13.33333, 2, 14.16667, 3.66667], "texture": "#0"},
				"east": {"uv": [12.33333, 2, 13.33333, 3.66667], "texture": "#0"},
				"south": {"uv": [15.16667, 2, 16, 3.66667], "texture": "#0"},
				"west": {"uv": [14.16667, 2, 15.16667, 3.66667], "texture": "#0"},
				"up": {"uv": [14.16667, 2, 13.33333, 0], "texture": "#0", "cullface": "south"},
				"down": {"uv": [15, 0, 14.16667, 2], "texture": "#0"}
			}
		},
		{
			"from": [-1, -1, -1],
			"to": [4, 4, 5],
			"rotation": {"angle": 22.5, "axis": "y", "origin": [1.5, 2.5, 1]},
			"faces": {
				"north": {"uv": [14.16667, 2, 13.33333, 3.66667], "texture": "#0"},
				"east": {"uv": [15.16667, 2, 14.16667, 3.66667], "texture": "#0"},
				"south": {"uv": [16, 2, 15.16667, 3.66667], "texture": "#0"},
				"west": {"uv": [13.33333, 2, 12.33333, 3.66667], "texture": "#0"},
				"up": {"uv": [13.33333, 2, 14.16667, 0], "texture": "#0", "cullface": "south"},
				"down": {"uv": [14.16667, 0, 15, 2], "texture": "#0"}
			}
		},
		{
			"from": [5, -1, -1],
			"to": [11, 5, 5],
			"rotation": {"angle": 0, "axis": "y", "origin": [1.5, 2.5, 1]},
			"faces": {
				"north": {"uv": [14, 8, 13, 10], "texture": "#0"},
				"east": {"uv": [15, 8, 14, 10], "texture": "#0"},
				"south": {"uv": [16, 8, 15, 10], "texture": "#0"},
				"west": {"uv": [13, 8, 12, 10], "texture": "#0"},
				"up": {"uv": [13, 8, 14, 6], "texture": "#0", "cullface": "south"},
				"down": {"uv": [14, 6, 15, 8], "texture": "#0"}
			}
		}
	],
	"display": {
		"thirdperson_righthand": {
			"translation": [1, 0, -3.5],
			"scale": [0.6, 0.6, 0.6]
		},
		"thirdperson_lefthand": {
			"translation": [1, 0, -3.5],
			"scale": [0.6, 0.6, 0.6]
		},
		"firstperson_righthand": {
			"translation": [3.5, -1.25, 0],
			"scale": [0.71, 0.71, 0.71]
		},
		"firstperson_lefthand": {
			"translation": [3.5, -1.25, 0],
			"scale": [0.71, 0.71, 0.71]
		},
		"ground": {
			"translation": [0, 1.5, 0],
			"scale": [0.67, 0.67, 0.67]
		},
		"gui": {
			"rotation": [30, -138, 0],
			"translation": [0, 0.5, 0],
			"scale": [0.56, 0.56, 0.56]
		},
		"head": {
			"translation": [0, 1.25, -0.5]
		},
		"fixed": {
			"translation": [0, 0, 3.25]
		}
	},
	"groups": [
		{
			"name": "group",
			"origin": [1.5, 2.5, 0],
			"color": 0,
			"children": [0, 1, 2, 3]
		}
	]
}