{
	"credit": "Made with Blockbench",
	"texture_size": [32, 32],
	"textures": {
		"0": "item/hats/sunglasses",
		"particle": "item/hats/sunglasses"
	},
	"elements": [
		{
			"from": [9, 1, 0],
			"to": [15, 5, 1],
			"faces": {
				"north": {"uv": [5.5, 5, 8.5, 7], "texture": "#0"},
				"east": {"uv": [5, 5, 5.5, 7], "texture": "#0"},
				"south": {"uv": [9, 5, 12, 7], "texture": "#0"},
				"west": {"uv": [8.5, 5, 9, 7], "texture": "#0"},
				"up": {"uv": [8.5, 5, 5.5, 4.5], "texture": "#0"},
				"down": {"uv": [11.5, 4.5, 8.5, 5], "texture": "#0"}
			}
		},
		{
			"from": [0, 3, 0],
			"to": [1, 5, 3],
			"faces": {
				"north": {"uv": [1.5, 10.5, 2, 11.5], "texture": "#0"},
				"east": {"uv": [0, 10.5, 1.5, 11.5], "texture": "#0"},
				"south": {"uv": [3.5, 10.5, 4, 11.5], "texture": "#0"},
				"west": {"uv": [2, 10.5, 3.5, 11.5], "texture": "#0"},
				"up": {"uv": [2, 10.5, 1.5, 9], "texture": "#0"},
				"down": {"uv": [2.5, 9, 2, 10.5], "texture": "#0"}
			}
		},
		{
			"from": [0, 3, 11],
			"to": [1, 5, 14],
			"faces": {
				"north": {"uv": [9, 9, 9.5, 10], "texture": "#0"},
				"east": {"uv": [7.5, 9, 9, 10], "texture": "#0"},
				"south": {"uv": [11, 9, 11.5, 10], "texture": "#0"},
				"west": {"uv": [9.5, 9, 11, 10], "texture": "#0"},
				"up": {"uv": [9.5, 9, 9, 7.5], "texture": "#0"},
				"down": {"uv": [10, 7.5, 9.5, 9], "texture": "#0"}
			}
		},
		{
			"from": [0, 2, 13],
			"to": [1, 3, 14],
			"faces": {
				"north": {"uv": [2.5, 7.5, 3, 8], "texture": "#0"},
				"east": {"uv": [2, 7.5, 2.5, 8], "texture": "#0"},
				"south": {"uv": [3.5, 7.5, 4, 8], "texture": "#0"},
				"west": {"uv": [3, 7.5, 3.5, 8], "texture": "#0"},
				"up": {"uv": [3, 7.5, 2.5, 7], "texture": "#0"},
				"down": {"uv": [3.5, 7, 3, 7.5], "texture": "#0"}
			}
		},
		{
			"from": [0, 4, 3],
			"to": [1, 5, 11],
			"faces": {
				"north": {"uv": [4, 8.5, 4.5, 9], "texture": "#0"},
				"east": {"uv": [0, 8.5, 4, 9], "texture": "#0"},
				"south": {"uv": [8.5, 8.5, 9, 9], "texture": "#0"},
				"west": {"uv": [4.5, 8.5, 8.5, 9], "texture": "#0"},
				"up": {"uv": [4.5, 8.5, 4, 4.5], "texture": "#0"},
				"down": {"uv": [5, 4.5, 4.5, 8.5], "texture": "#0"}
			}
		},
		{
			"from": [15, 3, 0],
			"to": [16, 5, 3],
			"faces": {
				"north": {"uv": [1.5, 6, 2, 7], "texture": "#0"},
				"east": {"uv": [0, 6, 1.5, 7], "texture": "#0"},
				"south": {"uv": [3.5, 6, 4, 7], "texture": "#0"},
				"west": {"uv": [2, 6, 3.5, 7], "texture": "#0"},
				"up": {"uv": [2, 6, 1.5, 4.5], "texture": "#0"},
				"down": {"uv": [2.5, 4.5, 2, 6], "texture": "#0"}
			}
		},
		{
			"from": [15, 4, 3],
			"to": [16, 5, 11],
			"faces": {
				"north": {"uv": [4, 4, 4.5, 4.5], "texture": "#0"},
				"east": {"uv": [0, 4, 4, 4.5], "texture": "#0"},
				"south": {"uv": [8.5, 4, 9, 4.5], "texture": "#0"},
				"west": {"uv": [4.5, 4, 8.5, 4.5], "texture": "#0"},
				"up": {"uv": [4.5, 4, 4, 0], "texture": "#0"},
				"down": {"uv": [5, 0, 4.5, 4], "texture": "#0"}
			}
		},
		{
			"from": [15, 3, 11],
			"to": [16, 5, 14],
			"faces": {
				"north": {"uv": [1.5, 1.5, 2, 2.5], "texture": "#0"},
				"east": {"uv": [0, 1.5, 1.5, 2.5], "texture": "#0"},
				"south": {"uv": [3.5, 1.5, 4, 2.5], "texture": "#0"},
				"west": {"uv": [2, 1.5, 3.5, 2.5], "texture": "#0"},
				"up": {"uv": [2, 1.5, 1.5, 0], "texture": "#0"},
				"down": {"uv": [2.5, 0, 2, 1.5], "texture": "#0"}
			}
		},
		{
			"from": [15, 2, 13],
			"to": [16, 3, 14],
			"faces": {
				"north": {"uv": [0.5, 7.5, 1, 8], "texture": "#0"},
				"east": {"uv": [0, 7.5, 0.5, 8], "texture": "#0"},
				"south": {"uv": [1.5, 7.5, 2, 8], "texture": "#0"},
				"west": {"uv": [1, 7.5, 1.5, 8], "texture": "#0"},
				"up": {"uv": [1, 7.5, 0.5, 7], "texture": "#0"},
				"down": {"uv": [1.5, 7, 1, 7.5], "texture": "#0"}
			}
		},
		{
			"from": [1, 1, 0],
			"to": [7, 5, 1],
			"faces": {
				"north": {"uv": [5.5, 0.5, 8.5, 2.5], "texture": "#0"},
				"east": {"uv": [5, 0.5, 5.5, 2.5], "texture": "#0"},
				"south": {"uv": [9, 0.5, 12, 2.5], "texture": "#0"},
				"west": {"uv": [8.5, 0.5, 9, 2.5], "texture": "#0"},
				"up": {"uv": [8.5, 0.5, 5.5, 0], "texture": "#0"},
				"down": {"uv": [11.5, 0, 8.5, 0.5], "texture": "#0"}
			}
		},
		{
			"from": [2, 0, 0],
			"to": [6, 1, 1],
			"faces": {
				"north": {"uv": [3, 9.5, 5, 10], "texture": "#0"},
				"east": {"uv": [2.5, 9.5, 3, 10], "texture": "#0"},
				"south": {"uv": [5.5, 9.5, 7.5, 10], "texture": "#0"},
				"west": {"uv": [5, 9.5, 5.5, 10], "texture": "#0"},
				"up": {"uv": [5, 9.5, 3, 9], "texture": "#0"},
				"down": {"uv": [7, 9, 5, 9.5], "texture": "#0"}
			}
		},
		{
			"from": [10, 0, 0],
			"to": [14, 1, 1],
			"faces": {
				"north": {"uv": [5.5, 3, 7.5, 3.5], "texture": "#0"},
				"east": {"uv": [5, 3, 5.5, 3.5], "texture": "#0"},
				"south": {"uv": [8, 3, 10, 3.5], "texture": "#0"},
				"west": {"uv": [7.5, 3, 8, 3.5], "texture": "#0"},
				"up": {"uv": [7.5, 3, 5.5, 2.5], "texture": "#0"},
				"down": {"uv": [9.5, 2.5, 7.5, 3], "texture": "#0"}
			}
		},
		{
			"from": [7, 3, 0],
			"to": [9, 5, 1],
			"faces": {
				"north": {"uv": [0.5, 3, 1.5, 4], "texture": "#0"},
				"east": {"uv": [0, 3, 0.5, 4], "texture": "#0"},
				"south": {"uv": [2, 3, 3, 4], "texture": "#0"},
				"west": {"uv": [1.5, 3, 2, 4], "texture": "#0"},
				"up": {"uv": [1.5, 3, 0.5, 2.5], "texture": "#0"},
				"down": {"uv": [2.5, 2.5, 1.5, 3], "texture": "#0"}
			}
		}
	],
	"display": {
		"thirdperson_righthand": {
			"rotation": [0, 0, -90],
			"translation": [2.75, -2.25, 4],
			"scale": [0.55, 0.55, 0.55]
		},
		"thirdperson_lefthand": {
			"rotation": [0, 0, -90],
			"translation": [2.75, -2.25, 4],
			"scale": [0.55, 0.55, 0.55]
		},
		"firstperson_righthand": {
			"rotation": [-37, 0, -18],
			"translation": [4, 6, 0]
		},
		"firstperson_lefthand": {
			"rotation": [-37, 0, -18],
			"translation": [4, 6, 0]
		},
		"ground": {
			"translation": [0, 0.75, 0],
			"scale": [0.63, 0.63, 0.63]
		},
		"gui": {
			"rotation": [-26, -43, 0],
			"translation": [-0.25, 2.5, 0],
			"scale": [0.68, 0.68, 0.68]
		},
		"head": {
			"translation": [0, 4.25, 0]
		},
		"fixed": {
			"translation": [0, 4, 6.5]
		}
	},
	"groups": [
		{
			"name": "shades",
			"origin": [0, 0, 0],
			"color": 0,
			"children": [0, 1, 2, 3, 4, 5, 6, 7, 8, 9, 10, 11, 12]
		}
	]
}