{
	"credit": "Made with Blockbench",
	"texture_size": [64, 64],
	"textures": {
		"0": "item/hats/sunnynpc_hat",
		"particle": "item/hats/sunnynpc_hat"
	},
	"elements": [
		{
			"from": [9, 1, 0],
			"to": [15, 5, 1],
			"faces": {
				"north": {"uv": [2.75, 2.5, 4.25, 3.5], "texture": "#0"},
				"east": {"uv": [2.5, 2.5, 2.75, 3.5], "texture": "#0"},
				"south": {"uv": [4.5, 2.5, 6, 3.5], "texture": "#0"},
				"west": {"uv": [4.25, 2.5, 4.5, 3.5], "texture": "#0"},
				"up": {"uv": [4.25, 2.5, 2.75, 2.25], "texture": "#0"},
				"down": {"uv": [5.75, 2.25, 4.25, 2.5], "texture": "#0"}
			}
		},
		{
			"from": [0, 3, 0],
			"to": [1, 5, 3],
			"faces": {
				"north": {"uv": [0.75, 5.25, 1, 5.75], "texture": "#0"},
				"east": {"uv": [0, 5.25, 0.75, 5.75], "texture": "#0"},
				"south": {"uv": [1.75, 5.25, 2, 5.75], "texture": "#0"},
				"west": {"uv": [1, 5.25, 1.75, 5.75], "texture": "#0"},
				"up": {"uv": [1, 5.25, 0.75, 4.5], "texture": "#0"},
				"down": {"uv": [1.25, 4.5, 1, 5.25], "texture": "#0"}
			}
		},
		{
			"from": [0, 3, 11],
			"to": [1, 5, 14],
			"faces": {
				"north": {"uv": [4.5, 4.5, 4.75, 5], "texture": "#0"},
				"east": {"uv": [3.75, 4.5, 4.5, 5], "texture": "#0"},
				"south": {"uv": [5.5, 4.5, 5.75, 5], "texture": "#0"},
				"west": {"uv": [4.75, 4.5, 5.5, 5], "texture": "#0"},
				"up": {"uv": [4.75, 4.5, 4.5, 3.75], "texture": "#0"},
				"down": {"uv": [5, 3.75, 4.75, 4.5], "texture": "#0"}
			}
		},
		{
			"from": [0, 2, 13],
			"to": [1, 3, 14],
			"faces": {
				"north": {"uv": [1.25, 3.75, 1.5, 4], "texture": "#0"},
				"east": {"uv": [1, 3.75, 1.25, 4], "texture": "#0"},
				"south": {"uv": [1.75, 3.75, 2, 4], "texture": "#0"},
				"west": {"uv": [1.5, 3.75, 1.75, 4], "texture": "#0"},
				"up": {"uv": [1.5, 3.75, 1.25, 3.5], "texture": "#0"},
				"down": {"uv": [1.75, 3.5, 1.5, 3.75], "texture": "#0"}
			}
		},
		{
			"from": [0, 4, 3],
			"to": [1, 5, 11],
			"faces": {
				"north": {"uv": [2, 4.25, 2.25, 4.5], "texture": "#0"},
				"east": {"uv": [0, 4.25, 2, 4.5], "texture": "#0"},
				"south": {"uv": [4.25, 4.25, 4.5, 4.5], "texture": "#0"},
				"west": {"uv": [2.25, 4.25, 4.25, 4.5], "texture": "#0"},
				"up": {"uv": [2.25, 4.25, 2, 2.25], "texture": "#0"},
				"down": {"uv": [2.5, 2.25, 2.25, 4.25], "texture": "#0"}
			}
		},
		{
			"from": [15, 3, 0],
			"to": [16, 5, 3],
			"faces": {
				"north": {"uv": [0.75, 3, 1, 3.5], "texture": "#0"},
				"east": {"uv": [0, 3, 0.75, 3.5], "texture": "#0"},
				"south": {"uv": [1.75, 3, 2, 3.5], "texture": "#0"},
				"west": {"uv": [1, 3, 1.75, 3.5], "texture": "#0"},
				"up": {"uv": [1, 3, 0.75, 2.25], "texture": "#0"},
				"down": {"uv": [1.25, 2.25, 1, 3], "texture": "#0"}
			}
		},
		{
			"from": [15, 4, 3],
			"to": [16, 5, 11],
			"faces": {
				"north": {"uv": [2, 2, 2.25, 2.25], "texture": "#0"},
				"east": {"uv": [0, 2, 2, 2.25], "texture": "#0"},
				"south": {"uv": [4.25, 2, 4.5, 2.25], "texture": "#0"},
				"west": {"uv": [2.25, 2, 4.25, 2.25], "texture": "#0"},
				"up": {"uv": [2.25, 2, 2, 0], "texture": "#0"},
				"down": {"uv": [2.5, 0, 2.25, 2], "texture": "#0"}
			}
		},
		{
			"from": [15, 3, 11],
			"to": [16, 5, 14],
			"faces": {
				"north": {"uv": [0.75, 0.75, 1, 1.25], "texture": "#0"},
				"east": {"uv": [0, 0.75, 0.75, 1.25], "texture": "#0"},
				"south": {"uv": [1.75, 0.75, 2, 1.25], "texture": "#0"},
				"west": {"uv": [1, 0.75, 1.75, 1.25], "texture": "#0"},
				"up": {"uv": [1, 0.75, 0.75, 0], "texture": "#0"},
				"down": {"uv": [1.25, 0, 1, 0.75], "texture": "#0"}
			}
		},
		{
			"from": [15, 2, 13],
			"to": [16, 3, 14],
			"faces": {
				"north": {"uv": [0.25, 3.75, 0.5, 4], "texture": "#0"},
				"east": {"uv": [0, 3.75, 0.25, 4], "texture": "#0"},
				"south": {"uv": [0.75, 3.75, 1, 4], "texture": "#0"},
				"west": {"uv": [0.5, 3.75, 0.75, 4], "texture": "#0"},
				"up": {"uv": [0.5, 3.75, 0.25, 3.5], "texture": "#0"},
				"down": {"uv": [0.75, 3.5, 0.5, 3.75], "texture": "#0"}
			}
		},
		{
			"from": [1, 1, 0],
			"to": [7, 5, 1],
			"faces": {
				"north": {"uv": [2.75, 0.25, 4.25, 1.25], "texture": "#0"},
				"east": {"uv": [2.5, 0.25, 2.75, 1.25], "texture": "#0"},
				"south": {"uv": [4.5, 0.25, 6, 1.25], "texture": "#0"},
				"west": {"uv": [4.25, 0.25, 4.5, 1.25], "texture": "#0"},
				"up": {"uv": [4.25, 0.25, 2.75, 0], "texture": "#0"},
				"down": {"uv": [5.75, 0, 4.25, 0.25], "texture": "#0"}
			}
		},
		{
			"from": [2, 0, 0],
			"to": [6, 1, 1],
			"faces": {
				"north": {"uv": [1.5, 4.75, 2.5, 5], "texture": "#0"},
				"east": {"uv": [1.25, 4.75, 1.5, 5], "texture": "#0"},
				"south": {"uv": [2.75, 4.75, 3.75, 5], "texture": "#0"},
				"west": {"uv": [2.5, 4.75, 2.75, 5], "texture": "#0"},
				"up": {"uv": [2.5, 4.75, 1.5, 4.5], "texture": "#0"},
				"down": {"uv": [3.5, 4.5, 2.5, 4.75], "texture": "#0"}
			}
		},
		{
			"from": [10, 0, 0],
			"to": [14, 1, 1],
			"faces": {
				"north": {"uv": [2.75, 1.5, 3.75, 1.75], "texture": "#0"},
				"east": {"uv": [2.5, 1.5, 2.75, 1.75], "texture": "#0"},
				"south": {"uv": [4, 1.5, 5, 1.75], "texture": "#0"},
				"west": {"uv": [3.75, 1.5, 4, 1.75], "texture": "#0"},
				"up": {"uv": [3.75, 1.5, 2.75, 1.25], "texture": "#0"},
				"down": {"uv": [4.75, 1.25, 3.75, 1.5], "texture": "#0"}
			}
		},
		{
			"from": [7, 3, 0],
			"to": [9, 5, 1],
			"faces": {
				"north": {"uv": [0.25, 1.5, 0.75, 2], "texture": "#0"},
				"east": {"uv": [0, 1.5, 0.25, 2], "texture": "#0"},
				"south": {"uv": [1, 1.5, 1.5, 2], "texture": "#0"},
				"west": {"uv": [0.75, 1.5, 1, 2], "texture": "#0"},
				"up": {"uv": [0.75, 1.5, 0.25, 1.25], "texture": "#0"},
				"down": {"uv": [1.25, 1.25, 0.75, 1.5], "texture": "#0"}
			}
		},
		{
			"from": [2, 8.6, -4],
			"to": [14, 9.6, 14],
			"faces": {
				"north": {"uv": [5.5, 11.5, 8.5, 11.75], "texture": "#0"},
				"east": {"uv": [1, 11.5, 5.5, 11.75], "texture": "#0"},
				"south": {"uv": [13, 11.5, 16, 11.75], "texture": "#0"},
				"west": {"uv": [8.5, 11.5, 13, 11.75], "texture": "#0"},
				"up": {"uv": [8.5, 11.5, 5.5, 7], "texture": "#0"},
				"down": {"uv": [11.5, 7, 8.5, 11.5], "texture": "#0"}
			}
		},
		{
			"from": [2, 9.6, 2],
			"to": [14, 13.6, 14],
			"faces": {
				"north": {"uv": [7, 5.75, 10, 6.75], "texture": "#0"},
				"east": {"uv": [4, 5.75, 7, 6.75], "texture": "#0"},
				"south": {"uv": [13, 5.75, 16, 6.75], "texture": "#0"},
				"west": {"uv": [10, 5.75, 13, 6.75], "texture": "#0"},
				"up": {"uv": [10, 5.75, 7, 2.75], "texture": "#0"},
				"down": {"uv": [13, 2.75, 10, 5.75], "texture": "#0"}
			}
		}
	],
	"display": {
		"thirdperson_righthand": {
			"rotation": [0, 0, -90],
			"translation": [2.75, -2.25, 4],
			"scale": [0.55, 0.55, 0.55]
		},
		"thirdperson_lefthand": {
			"rotation": [0, 0, -90],
			"translation": [2.75, -2.25, 4],
			"scale": [0.55, 0.55, 0.55]
		},
		"firstperson_righthand": {
			"rotation": [-37, 0, -18],
			"translation": [4, 6, 0]
		},
		"firstperson_lefthand": {
			"rotation": [-37, 0, -18],
			"translation": [4, 6, 0]
		},
		"ground": {
			"translation": [0, 0.75, 0],
			"scale": [0.63, 0.63, 0.63]
		},
		"gui": {
			"rotation": [-26, -43, 0],
			"translation": [-0.25, 2.5, 0],
			"scale": [0.68, 0.68, 0.68]
		},
		"head": {
			"translation": [0, 5.75, 0]
		},
		"fixed": {
			"translation": [0, 4, 6.5]
		}
	},
	"groups": [
		{
			"name": "shades",
			"origin": [0, 0, 0],
			"color": 0,
			"children": [0, 1, 2, 3, 4, 5, 6, 7, 8, 9, 10, 11, 12]
		},
		{
			"name": "group",
			"origin": [0, 0, 0],
			"color": 0,
			"children": [13, 14]
		}
	]
}