{
	"credit": "Made with Blockbench",
	"texture_size": [64, 32],
	"textures": {
		"0": "item/hats/sword_head",
		"particle": "item/hats/sword_head"
	},
	"elements": [
		{
			"from": [-4, -3, 7],
			"to": [18, 3, 9],
			"faces": {
				"north": {"uv": [0.5, 6.5, 6, 9.5], "texture": "#0"},
				"east": {"uv": [0, 6.5, 0.5, 9.5], "texture": "#0"},
				"south": {"uv": [6.5, 6.5, 12, 9.5], "texture": "#0"},
				"west": {"uv": [6, 6.5, 6.5, 9.5], "texture": "#0"},
				"up": {"uv": [6, 6.5, 0.5, 5.5], "texture": "#0"},
				"down": {"uv": [11.5, 5.5, 6, 6.5], "texture": "#0"}
			}
		},
		{
			"from": [-7, -1, 7],
			"to": [-4, 1, 9],
			"faces": {
				"north": {"uv": [9.5, 3, 10.25, 4], "texture": "#0"},
				"east": {"uv": [9, 3, 9.5, 4], "texture": "#0"},
				"south": {"uv": [10.75, 3, 11.5, 4], "texture": "#0"},
				"west": {"uv": [10.25, 3, 10.75, 4], "texture": "#0"},
				"up": {"uv": [10.25, 3, 9.5, 2], "texture": "#0"},
				"down": {"uv": [11, 2, 10.25, 3], "texture": "#0"}
			}
		},
		{
			"from": [18, -6, 6],
			"to": [20, 6, 10],
			"faces": {
				"north": {"uv": [14, 3.5, 14.5, 9.5], "texture": "#0"},
				"east": {"uv": [13, 3.5, 14, 9.5], "texture": "#0"},
				"south": {"uv": [15.5, 3.5, 16, 9.5], "texture": "#0"},
				"west": {"uv": [14.5, 3.5, 15.5, 9.5], "texture": "#0"},
				"up": {"uv": [14.5, 3.5, 14, 1.5], "texture": "#0"},
				"down": {"uv": [15, 1.5, 14.5, 3.5], "texture": "#0"}
			}
		},
		{
			"from": [27, -2, 6],
			"to": [29, 2, 10],
			"faces": {
				"north": {"uv": [1, 2.5, 1.5, 4.5], "texture": "#0"},
				"east": {"uv": [0, 2.5, 1, 4.5], "texture": "#0"},
				"south": {"uv": [2.5, 2.5, 3, 4.5], "texture": "#0"},
				"west": {"uv": [1.5, 2.5, 2.5, 4.5], "texture": "#0"},
				"up": {"uv": [1.5, 2.5, 1, 0.5], "texture": "#0"},
				"down": {"uv": [2, 0.5, 1.5, 2.5], "texture": "#0"}
			}
		},
		{
			"from": [20, -1, 7],
			"to": [27, 1, 9],
			"faces": {
				"north": {"uv": [4, 3, 5.75, 4], "texture": "#0"},
				"east": {"uv": [3.5, 3, 4, 4], "texture": "#0"},
				"south": {"uv": [6.25, 3, 8, 4], "texture": "#0"},
				"west": {"uv": [5.75, 3, 6.25, 4], "texture": "#0"},
				"up": {"uv": [5.75, 3, 4, 2], "texture": "#0"},
				"down": {"uv": [7.5, 2, 5.75, 3], "texture": "#0"}
			}
		}
	],
	"display": {
		"thirdperson_righthand": {
			"rotation": [-71.81, -87.84, -163.62],
			"translation": [0, 7, 6.75],
			"scale": [0.6, 0.6, 0.6]
		},
		"thirdperson_lefthand": {
			"rotation": [-98.42, 87.13, -169.59],
			"translation": [0, 7, 7.25],
			"scale": [0.6, 0.6, 0.6]
		},
		"firstperson_righthand": {
			"rotation": [-180, -80.25, 91],
			"translation": [7, 6, 0]
		},
		"firstperson_lefthand": {
			"rotation": [-171.09, 80.14, -97.94],
			"translation": [9.25, 6, 0]
		},
		"ground": {
			"translation": [0, 8.25, 0]
		},
		"gui": {
			"rotation": [-153.41, -14.04, 135.2],
			"translation": [-1.25, 3.25, 0],
			"scale": [0.5, 0.5, 0.5]
		},
		"head": {
			"translation": [-1.25, 8.75, 0]
		},
		"fixed": {
			"rotation": [0, 0, -44],
			"translation": [2, 4.75, 0],
			"scale": [0.65, 0.65, 0.65]
		}
	},
	"groups": [
		{
			"name": "group",
			"origin": [0, 0, 0],
			"color": 0,
			"children": [0, 1, 2, 3, 4]
		}
	]
}