{
	"credit": "Made with Blockbench",
	"texture_size": [32, 32],
	"textures": {
		"0": "item/hats/templar_helm",
		"particle": "item/hats/templar_helm"
	},
	"elements": [
		{
			"from": [12, 0, 4],
			"to": [12, 11, 12],
			"faces": {
				"north": {"uv": [4, 4, 4, 9.5], "texture": "#0"},
				"east": {"uv": [0, 4, 4, 9.5], "texture": "#0"},
				"south": {"uv": [8, 4, 8, 9.5], "texture": "#0"},
				"west": {"uv": [0, 4, 4, 9.5], "texture": "#0"},
				"up": {"uv": [4, 4, 4, 0], "texture": "#0"},
				"down": {"uv": [4, 0, 4, 4], "texture": "#0"}
			}
		},
		{
			"from": [4, 11, 4],
			"to": [12, 11, 12],
			"faces": {
				"north": {"uv": [4, 4, 8, 4], "texture": "#0"},
				"east": {"uv": [0, 4, 4, 4], "texture": "#0"},
				"south": {"uv": [12, 4, 16, 4], "texture": "#0"},
				"west": {"uv": [8, 4, 12, 4], "texture": "#0"},
				"up": {"uv": [8, 4, 4, 0], "texture": "#0"},
				"down": {"uv": [8, 0, 4, 4], "texture": "#0"}
			}
		},
		{
			"from": [4, 0, 4],
			"to": [12, 11, 4],
			"faces": {
				"north": {"uv": [4, 4, 8, 9.5], "texture": "#0"},
				"east": {"uv": [4, 4, 4, 9.5], "texture": "#0"},
				"south": {"uv": [4, 4, 8, 9.5], "texture": "#0"},
				"west": {"uv": [8, 4, 8, 9.5], "texture": "#0"},
				"up": {"uv": [8, 4, 4, 4], "texture": "#0"},
				"down": {"uv": [12, 4, 8, 4], "texture": "#0"}
			}
		},
		{
			"from": [4, 0, 12],
			"to": [12, 11, 12],
			"faces": {
				"north": {"uv": [8, 4, 12, 9.5], "texture": "#0"},
				"east": {"uv": [4, 4, 4, 9.5], "texture": "#0"},
				"south": {"uv": [8, 4, 12, 9.5], "texture": "#0"},
				"west": {"uv": [8, 4, 8, 9.5], "texture": "#0"},
				"up": {"uv": [8, 4, 4, 4], "texture": "#0"},
				"down": {"uv": [12, 4, 8, 4], "texture": "#0"}
			}
		},
		{
			"from": [4, 0, 4],
			"to": [4, 11, 12],
			"faces": {
				"north": {"uv": [4, 4, 4, 9.5], "texture": "#0"},
				"east": {"uv": [12, 4, 16, 9.5], "texture": "#0"},
				"south": {"uv": [8, 4, 8, 9.5], "texture": "#0"},
				"west": {"uv": [12, 4, 16, 9.5], "texture": "#0"},
				"up": {"uv": [4, 4, 4, 0], "texture": "#0"},
				"down": {"uv": [4, 0, 4, 4], "texture": "#0"}
			}
		}
	],
	"gui_light": "front",
	"display": {
		"thirdperson_righthand": {
			"rotation": [-13, 137, 0],
			"translation": [0.5, 3.5, 0],
			"scale": [0.58, 0.58, 0.58]
		},
		"thirdperson_lefthand": {
			"rotation": [-13, 137, 0],
			"translation": [0.5, 3.5, 0],
			"scale": [0.58, 0.58, 0.58]
		},
		"firstperson_righthand": {
			"rotation": [0, 160, -7],
			"translation": [0.13, 4.95, 1.13],
			"scale": [0.68, 0.68, 0.68]
		},
		"firstperson_lefthand": {
			"rotation": [0, 160, -7],
			"translation": [0.13, 4.95, 1.13],
			"scale": [0.68, 0.68, 0.68]
		},
		"ground": {
			"translation": [0, 3, 0],
			"scale": [0.86, 0.86, 0.86]
		},
		"gui": {
			"rotation": [30, 225, 0],
			"translation": [0, 1.5, 0],
			"scale": [0.82, 0.82, 0.82]
		},
		"head": {
			"translation": [0, 3.5, 0],
			"scale": [1.81, 1.81, 1.81]
		},
		"fixed": {
			"translation": [0, 3, 0],
			"scale": [1.34, 1.34, 1.34]
		}
	},
	"groups": [
		{
			"name": "group",
			"origin": [0, 0, 0],
			"color": 0,
			"children": [0, 1, 2, 3, 4]
		}
	]
}