{
	"credit": "Made with Blockbench",
	"texture_size": [96, 64],
	"textures": {
		"0": "item/hats/terraria_hair",
		"particle": "item/hats/terraria_hair"
	},
	"elements": [
		{
			"from": [0, 0, 8],
			"to": [16, 6, 12],
			"faces": {
				"north": {"uv": [0.66667, 1, 3.33333, 2.5], "texture": "#0"},
				"east": {"uv": [0, 1, 0.66667, 2.5], "texture": "#0"},
				"south": {"uv": [4, 1, 6.66667, 2.5], "texture": "#0"},
				"west": {"uv": [3.33333, 1, 4, 2.5], "texture": "#0"},
				"up": {"uv": [3.33333, 1, 0.66667, 0], "texture": "#0"},
				"down": {"uv": [6, 0, 3.33333, 1], "texture": "#0"}
			}
		},
		{
			"from": [0, 1, 7],
			"to": [16, 7, 8],
			"faces": {
				"north": {"uv": [6.16667, 2.75, 8.83333, 4.25], "texture": "#0"},
				"east": {"uv": [6, 2.75, 6.16667, 4.25], "texture": "#0"},
				"south": {"uv": [9, 2.75, 11.66667, 4.25], "texture": "#0"},
				"west": {"uv": [8.83333, 2.75, 9, 4.25], "texture": "#0"},
				"up": {"uv": [8.83333, 2.75, 6.16667, 2.5], "texture": "#0"},
				"down": {"uv": [11.5, 2.5, 8.83333, 2.75], "texture": "#0"}
			}
		},
		{
			"from": [0, 0, 4],
			"to": [16, 6, 7],
			"faces": {
				"north": {"uv": [0.5, 6, 3.16667, 7.5], "texture": "#0"},
				"east": {"uv": [0, 6, 0.5, 7.5], "texture": "#0"},
				"south": {"uv": [3.66667, 6, 6.33333, 7.5], "texture": "#0"},
				"west": {"uv": [3.16667, 6, 3.66667, 7.5], "texture": "#0"},
				"up": {"uv": [3.16667, 6, 0.5, 5.25], "texture": "#0"},
				"down": {"uv": [5.83333, 5.25, 3.16667, 6], "texture": "#0"}
			}
		},
		{
			"from": [0, 4, 3],
			"to": [16, 5, 4],
			"faces": {
				"north": {"uv": [0.16667, 10, 2.83333, 10.25], "texture": "#0"},
				"east": {"uv": [0, 10, 0.16667, 10.25], "texture": "#0"},
				"south": {"uv": [3, 10, 5.66667, 10.25], "texture": "#0"},
				"west": {"uv": [2.83333, 10, 3, 10.25], "texture": "#0"},
				"up": {"uv": [2.83333, 10, 0.16667, 9.75], "texture": "#0"},
				"down": {"uv": [5.5, 9.75, 2.83333, 10], "texture": "#0"}
			}
		},
		{
			"from": [0, 0, 3],
			"to": [16, 3, 4],
			"faces": {
				"north": {"uv": [5.83333, 9.5, 8.5, 10.25], "texture": "#0"},
				"east": {"uv": [5.66667, 9.5, 5.83333, 10.25], "texture": "#0"},
				"south": {"uv": [8.66667, 9.5, 11.33333, 10.25], "texture": "#0"},
				"west": {"uv": [8.5, 9.5, 8.66667, 10.25], "texture": "#0"},
				"up": {"uv": [8.5, 9.5, 5.83333, 9.25], "texture": "#0"},
				"down": {"uv": [11.16667, 9.25, 8.5, 9.5], "texture": "#0"}
			}
		},
		{
			"from": [0, -1, 10],
			"to": [16, 0, 11],
			"faces": {
				"north": {"uv": [6.5, 7.25, 9.16667, 7.5], "texture": "#0"},
				"east": {"uv": [6.33333, 7.25, 6.5, 7.5], "texture": "#0"},
				"south": {"uv": [9.33333, 7.25, 12, 7.5], "texture": "#0"},
				"west": {"uv": [9.16667, 7.25, 9.33333, 7.5], "texture": "#0"},
				"up": {"uv": [9.16667, 7.25, 6.5, 7], "texture": "#0"},
				"down": {"uv": [11.83333, 7, 9.16667, 7.25], "texture": "#0"}
			}
		},
		{
			"from": [0, -1, 4],
			"to": [16, 0, 5],
			"faces": {
				"north": {"uv": [6.5, 6.75, 9.16667, 7], "texture": "#0"},
				"east": {"uv": [6.33333, 6.75, 6.5, 7], "texture": "#0"},
				"south": {"uv": [9.33333, 6.75, 12, 7], "texture": "#0"},
				"west": {"uv": [9.16667, 6.75, 9.33333, 7], "texture": "#0"},
				"up": {"uv": [9.16667, 6.75, 6.5, 6.5], "texture": "#0"},
				"down": {"uv": [11.83333, 6.5, 9.16667, 6.75], "texture": "#0"}
			}
		},
		{
			"from": [0, 6, 9],
			"to": [16, 7, 11],
			"faces": {
				"north": {"uv": [6.16667, 5.25, 8.83333, 5.5], "texture": "#0"},
				"east": {"uv": [5.83333, 5.25, 6.16667, 5.5], "texture": "#0"},
				"south": {"uv": [9.16667, 5.25, 11.83333, 5.5], "texture": "#0"},
				"west": {"uv": [8.83333, 5.25, 9.16667, 5.5], "texture": "#0"},
				"up": {"uv": [8.83333, 5.25, 6.16667, 4.75], "texture": "#0"},
				"down": {"uv": [11.5, 4.75, 8.83333, 5.25], "texture": "#0"}
			}
		},
		{
			"from": [0, 6, 12],
			"to": [16, 7, 13],
			"faces": {
				"north": {"uv": [6.5, 6.25, 9.16667, 6.5], "texture": "#0"},
				"east": {"uv": [6.33333, 6.25, 6.5, 6.5], "texture": "#0"},
				"south": {"uv": [9.33333, 6.25, 12, 6.5], "texture": "#0"},
				"west": {"uv": [9.16667, 6.25, 9.33333, 6.5], "texture": "#0"},
				"up": {"uv": [9.16667, 6.25, 6.5, 6], "texture": "#0"},
				"down": {"uv": [11.83333, 6, 9.16667, 6.25], "texture": "#0"}
			}
		},
		{
			"from": [0, -3, 12],
			"to": [16, 6, 14],
			"faces": {
				"north": {"uv": [0.33333, 3, 3, 5.25], "texture": "#0"},
				"east": {"uv": [0, 3, 0.33333, 5.25], "texture": "#0"},
				"south": {"uv": [3.33333, 3, 6, 5.25], "texture": "#0"},
				"west": {"uv": [3, 3, 3.33333, 5.25], "texture": "#0"},
				"up": {"uv": [3, 3, 0.33333, 2.5], "texture": "#0"},
				"down": {"uv": [5.66667, 2.5, 3, 3], "texture": "#0"}
			}
		},
		{
			"from": [0, -3, 14],
			"to": [16, 5, 15],
			"faces": {
				"north": {"uv": [0.16667, 7.75, 2.83333, 9.75], "texture": "#0"},
				"east": {"uv": [0, 7.75, 0.16667, 9.75], "texture": "#0"},
				"south": {"uv": [3, 7.75, 5.66667, 9.75], "texture": "#0"},
				"west": {"uv": [2.83333, 7.75, 3, 9.75], "texture": "#0"},
				"up": {"uv": [2.83333, 7.75, 0.16667, 7.5], "texture": "#0"},
				"down": {"uv": [5.5, 7.5, 2.83333, 7.75], "texture": "#0"}
			}
		},
		{
			"from": [0, -1, 16],
			"to": [16, 0, 17],
			"faces": {
				"north": {"uv": [6.16667, 4.5, 8.83333, 4.75], "texture": "#0"},
				"east": {"uv": [6, 4.5, 6.16667, 4.75], "texture": "#0"},
				"south": {"uv": [9, 4.5, 11.66667, 4.75], "texture": "#0"},
				"west": {"uv": [8.83333, 4.5, 9, 4.75], "texture": "#0"},
				"up": {"uv": [8.83333, 4.5, 6.16667, 4.25], "texture": "#0"},
				"down": {"uv": [11.5, 4.25, 8.83333, 4.5], "texture": "#0"}
			}
		},
		{
			"from": [0, -2, 15],
			"to": [16, 4, 16],
			"faces": {
				"north": {"uv": [5.83333, 7.75, 8.5, 9.25], "texture": "#0"},
				"east": {"uv": [5.66667, 7.75, 5.83333, 9.25], "texture": "#0"},
				"south": {"uv": [8.66667, 7.75, 11.33333, 9.25], "texture": "#0"},
				"west": {"uv": [8.5, 7.75, 8.66667, 9.25], "texture": "#0"},
				"up": {"uv": [8.5, 7.75, 5.83333, 7.5], "texture": "#0"},
				"down": {"uv": [11.16667, 7.5, 8.5, 7.75], "texture": "#0"}
			}
		},
		{
			"from": [0, 1, 16],
			"to": [16, 4, 17],
			"faces": {
				"north": {"uv": [6.16667, 0.25, 8.83333, 1], "texture": "#0"},
				"east": {"uv": [6, 0.25, 6.16667, 1], "texture": "#0"},
				"south": {"uv": [9, 0.25, 11.66667, 1], "texture": "#0"},
				"west": {"uv": [8.83333, 0.25, 9, 1], "texture": "#0"},
				"up": {"uv": [8.83333, 0.25, 6.16667, 0], "texture": "#0"},
				"down": {"uv": [11.5, 0, 8.83333, 0.25], "texture": "#0"}
			}
		},
		{
			"from": [0, 2, 17],
			"to": [16, 3, 18],
			"faces": {
				"north": {"uv": [6, 5.75, 8.66667, 6], "texture": "#0"},
				"east": {"uv": [5.83333, 5.75, 6, 6], "texture": "#0"},
				"south": {"uv": [8.83333, 5.75, 11.5, 6], "texture": "#0"},
				"west": {"uv": [8.66667, 5.75, 8.83333, 6], "texture": "#0"},
				"up": {"uv": [8.66667, 5.75, 6, 5.5], "texture": "#0"},
				"down": {"uv": [11.33333, 5.5, 8.66667, 5.75], "texture": "#0"}
			}
		}
	],
	"display": {
		"thirdperson_righthand": {
			"translation": [0, 3, -2.25],
			"scale": [0.1, 0.5, 0.5]
		},
		"thirdperson_lefthand": {
			"translation": [0, 3, -2.25],
			"scale": [0.1, 0.5, 0.5]
		},
		"firstperson_righthand": {
			"translation": [1.5, 5.75, 0],
			"scale": [0.1, 1, 1]
		},
		"firstperson_lefthand": {
			"translation": [1.5, 5.75, 0],
			"scale": [0.1, 1, 1]
		},
		"ground": {
			"translation": [0, 7.5, 0],
			"scale": [0.1, 1, 1]
		},
		"gui": {
			"rotation": [0, -90.5, 0],
			"translation": [2, 5, 8.25],
			"scale": [0.9, 0.9, 0.9]
		},
		"head": {
			"translation": [0, 16.5, -3.5],
			"scale": [0.9, 1.5, 1.5]
		},
		"fixed": {
			"rotation": [0, 90, 0],
			"translation": [-1.75, 5, 8.25]
		}
	},
	"groups": [
		{
			"name": "group",
			"origin": [0, 0, 0],
			"color": 0,
			"children": [0, 1, 2, 3, 4, 5, 6, 7, 8, 9, 10, 11, 12, 13, 14]
		}
	]
}