{
	"credit": "Made with Blockbench",
	"texture_size": [64, 64],
	"textures": {
		"0": "item/hats/top_hat",
		"particle": "item/hats/top_hat"
	},
	"elements": [
		{
			"from": [3, 0, 3],
			"to": [13, 12, 13],
			"faces": {
				"north": {"uv": [2.5, 6.5, 5, 9.5], "texture": "#0"},
				"east": {"uv": [0, 6.5, 2.5, 9.5], "texture": "#0"},
				"south": {"uv": [7.5, 6.5, 10, 9.5], "texture": "#0"},
				"west": {"uv": [5, 6.5, 7.5, 9.5], "texture": "#0"},
				"up": {"uv": [5, 6.5, 2.5, 4], "texture": "#0"},
				"down": {"uv": [7.5, 4, 5, 6.5], "texture": "#0"}
			}
		},
		{
			"from": [0, 0, 0],
			"to": [16, 0, 16],
			"faces": {
				"north": {"uv": [0, 4, 4, 4], "texture": "#0"},
				"east": {"uv": [-4, 4, 0, 4], "texture": "#0"},
				"south": {"uv": [8, 4, 12, 4], "texture": "#0"},
				"west": {"uv": [4, 4, 8, 4], "texture": "#0"},
				"up": {"uv": [4, 4, 0, 0], "texture": "#0"},
				"down": {"uv": [8, 0, 4, 4], "texture": "#0"}
			}
		}
	],
	"gui_light": "front",
	"display": {
		"thirdperson_righthand": {
			"rotation": [-12, 0, 0],
			"translation": [0, 1.75, -3],
			"scale": [0.45, 0.45, 0.45]
		},
		"thirdperson_lefthand": {
			"rotation": [-12, 0, 0],
			"translation": [0, 1.75, -3],
			"scale": [0.45, 0.45, 0.45]
		},
		"firstperson_righthand": {
			"rotation": [-25, 0, 0],
			"translation": [0, 5.5, 0],
			"scale": [0.77, 0.77, 0.77]
		},
		"firstperson_lefthand": {
			"rotation": [-25, 0, 0],
			"translation": [0, 5.5, 0],
			"scale": [0.77, 0.77, 0.77]
		},
		"ground": {
			"translation": [0, 2.5, 0],
			"scale": [0.59, 0.59, 0.59]
		},
		"gui": {
			"rotation": [22, 25, 0],
			"translation": [0.25, 2, 0],
			"scale": [0.67, 0.67, 0.67]
		},
		"head": {
			"translation": [0, 15.75, 0],
			"scale": [1.5, 1.5, 1.5]
		},
		"fixed": {
			"translation": [0, 1.5, 0]
		}
	},
	"groups": [
		{
			"name": "group",
			"origin": [0, 0, 0],
			"color": 0,
			"children": [0, 1]
		}
	]
}