{
	"credit": "Made with Blockbench",
	"texture_size": [64, 64],
	"textures": {
		"0": "item/hats/trashcan_lid",
		"particle": "item/hats/trashcan_lid"
	},
	"elements": [
		{
			"from": [2, 2, 8],
			"to": [14, 6, 8],
			"faces": {
				"north": {"uv": [0, 4.5, 3, 5.5], "texture": "#0"},
				"east": {"uv": [0, 4.5, 0, 5.5], "texture": "#0"},
				"south": {"uv": [0, 4.5, 3, 5.5], "texture": "#0"},
				"west": {"uv": [3, 4.5, 3, 5.5], "texture": "#0"},
				"up": {"uv": [3, 4.5, 0, 4.5], "texture": "#0"},
				"down": {"uv": [6, 4.5, 3, 4.5], "texture": "#0"}
			}
		},
		{
			"from": [0, 0, 0],
			"to": [16, 2, 16],
			"faces": {
				"north": {"uv": [4, 4, 8, 4.5], "texture": "#0"},
				"east": {"uv": [0, 4, 4, 4.5], "texture": "#0"},
				"south": {"uv": [12, 4, 16, 4.5], "texture": "#0"},
				"west": {"uv": [8, 4, 12, 4.5], "texture": "#0"},
				"up": {"uv": [8, 4, 4, 0], "texture": "#0"},
				"down": {"uv": [12, 0, 8, 4], "texture": "#0"}
			}
		},
		{
			"from": [1, -10, 14],
			"to": [15, 0, 14],
			"faces": {
				"north": {"uv": [3.5, 6.5, 7, 9], "texture": "#0"},
				"east": {"uv": [0, 6.5, 0, 9], "texture": "#0"},
				"south": {"uv": [3.5, 6.5, 7, 9], "texture": "#0"},
				"west": {"uv": [3.5, 6.5, 3.5, 9], "texture": "#0"},
				"up": {"uv": [3.5, 6.5, 0, 6.5], "texture": "#0"},
				"down": {"uv": [7, 6.5, 3.5, 6.5], "texture": "#0"}
			}
		},
		{
			"from": [1, -6, 1],
			"to": [1, 0, 14],
			"faces": {
				"north": {"uv": [3.25, 9.5, 3.25, 11], "texture": "#0"},
				"east": {"uv": [3.25, 9.5, 6.5, 11], "texture": "#0"},
				"south": {"uv": [6.5, 9.5, 6.5, 11], "texture": "#0"},
				"west": {"uv": [6.5, 9.5, 3.25, 11], "texture": "#0"},
				"up": {"uv": [3.25, 9.5, 3.25, 6.25], "texture": "#0"},
				"down": {"uv": [3.25, 6.25, 3.25, 9.5], "texture": "#0"}
			}
		},
		{
			"from": [15, -6, 1],
			"to": [15, 0, 14],
			"faces": {
				"north": {"uv": [3.25, 9.5, 3.25, 11], "texture": "#0"},
				"east": {"uv": [3.25, 9.5, 6.5, 11], "texture": "#0"},
				"south": {"uv": [6.5, 9.5, 6.5, 11], "texture": "#0"},
				"west": {"uv": [3.25, 9.5, 6.5, 11], "texture": "#0"},
				"up": {"uv": [3.25, 9.5, 3.25, 6.25], "texture": "#0"},
				"down": {"uv": [3.25, 6.25, 3.25, 9.5], "texture": "#0"}
			}
		}
	],
	"display": {
		"thirdperson_righthand": {
			"rotation": [90, 0, 0],
			"translation": [0, -1.75, 3.25],
			"scale": [0.56, 0.56, 0.56]
		},
		"thirdperson_lefthand": {
			"rotation": [90, 0, 0],
			"translation": [0, -1.75, 3.25],
			"scale": [0.56, 0.56, 0.56]
		},
		"firstperson_righthand": {
			"rotation": [71, 0, 6],
			"translation": [3.25, 4.5, 2.5],
			"scale": [0.91, 0.91, 0.91]
		},
		"firstperson_lefthand": {
			"rotation": [71, 0, 6],
			"translation": [3.25, 4.5, 2.5],
			"scale": [0.91, 0.91, 0.91]
		},
		"ground": {
			"translation": [0, 4.25, 0],
			"scale": [0.63, 0.63, 0.63]
		},
		"gui": {
			"rotation": [20, -126, 0],
			"translation": [0.25, 5.5, 0],
			"scale": [0.6, 0.6, 0.6]
		},
		"head": {
			"translation": [0, 15, 0],
			"scale": [1.27, 1.27, 1.27]
		},
		"fixed": {
			"translation": [0, 7.5, 0]
		}
	},
	"groups": [
		{
			"name": "group",
			"origin": [0, 0, 0],
			"color": 0,
			"children": [0, 1]
		},
		2,
		3,
		4
	]
}