{
	"credit": "Made with Blockbench",
	"texture_size": [48, 48],
	"textures": {
		"0": "item/hats/ultra_helm",
		"particle": "item/hats/ultra_helm"
	},
	"elements": [
		{
			"from": [3, 0, 0],
			"to": [13, 10, 9],
			"faces": {
				"north": {"uv": [3, 3, 6.33333, 6.33333], "texture": "#0"},
				"east": {"uv": [0, 3, 3, 6.33333], "texture": "#0"},
				"south": {"uv": [9.33333, 3, 12.66667, 6.33333], "texture": "#0"},
				"west": {"uv": [6.33333, 3, 9.33333, 6.33333], "texture": "#0"},
				"up": {"uv": [6.33333, 3, 3, 0], "texture": "#0"},
				"down": {"uv": [9.66667, 0, 6.33333, 3], "texture": "#0"}
			}
		},
		{
			"from": [5, 0, -3],
			"to": [11, 2, 0],
			"faces": {
				"north": {"uv": [8.66667, 7.33333, 10.66667, 8], "texture": "#0"},
				"east": {"uv": [7.66667, 7.33333, 8.66667, 8], "texture": "#0"},
				"south": {"uv": [11.66667, 7.33333, 13.66667, 8], "texture": "#0"},
				"west": {"uv": [10.66667, 7.33333, 11.66667, 8], "texture": "#0"},
				"up": {"uv": [10.66667, 7.33333, 8.66667, 6.33333], "texture": "#0"},
				"down": {"uv": [12.66667, 6.33333, 10.66667, 7.33333], "texture": "#0"}
			}
		},
		{
			"from": [4, 2, 9],
			"to": [12, 10, 16],
			"faces": {
				"north": {"uv": [2.33333, 8.66667, 5, 11.33333], "texture": "#0"},
				"east": {"uv": [0, 8.66667, 2.33333, 11.33333], "texture": "#0"},
				"south": {"uv": [7.33333, 8.66667, 10, 11.33333], "texture": "#0"},
				"west": {"uv": [5, 8.66667, 7.33333, 11.33333], "texture": "#0"},
				"up": {"uv": [5, 8.66667, 2.33333, 6.33333], "texture": "#0"},
				"down": {"uv": [7.66667, 6.33333, 5, 8.66667], "texture": "#0"}
			}
		}
	],
	"gui_light": "front",
	"display": {
		"thirdperson_righthand": {
			"scale": [0.63, 0.63, 0.63]
		},
		"thirdperson_lefthand": {
			"scale": [0.63, 0.63, 0.63]
		},
		"ground": {
			"scale": [0.51, 0.51, 0.51]
		},
		"gui": {
			"rotation": [30, 225, 0],
			"translation": [-0.25, 1.25, 0],
			"scale": [0.625, 0.625, 0.625]
		},
		"head": {
			"translation": [0, 6.5, 1.25],
			"scale": [1.63, 1.63, 1.63]
		},
		"fixed": {
			"translation": [0, 2.75, 0]
		}
	},
	"groups": [
		{
			"name": "group",
			"origin": [0, 0, 0],
			"color": 0,
			"children": [0, 1, 2]
		}
	]
}