{
	"credit": "Made with Blockbench",
	"texture_size": [96, 64],
	"textures": {
		"0": "item/hats/waluigi_cap",
		"particle": "item/hats/waluigi_cap"
	},
	"elements": [
		{
			"from": [0, 0, -2],
			"to": [16, 2, 17],
			"faces": {
				"north": {"uv": [3.16667, 4.75, 5.83333, 5.25], "texture": "#0"},
				"east": {"uv": [0, 4.75, 3.16667, 5.25], "texture": "#0"},
				"south": {"uv": [9, 4.75, 11.66667, 5.25], "texture": "#0"},
				"west": {"uv": [5.83333, 4.75, 9, 5.25], "texture": "#0"},
				"up": {"uv": [5.83333, 4.75, 3.16667, 0], "texture": "#0"},
				"down": {"uv": [8.5, 0, 5.83333, 4.75], "texture": "#0"}
			}
		},
		{
			"from": [0, 2, 2],
			"to": [16, 8, 12],
			"faces": {
				"north": {"uv": [1.66667, 14.5, 4.33333, 16], "texture": "#0"},
				"east": {"uv": [0, 14.5, 1.66667, 16], "texture": "#0"},
				"south": {"uv": [6, 14.5, 8.66667, 16], "texture": "#0"},
				"west": {"uv": [4.33333, 14.5, 6, 16], "texture": "#0"},
				"up": {"uv": [4.33333, 14.5, 1.66667, 12], "texture": "#0"},
				"down": {"uv": [7, 12, 4.33333, 14.5], "texture": "#0"}
			}
		},
		{
			"from": [1, 2, 12],
			"to": [15, 5, 17],
			"faces": {
				"north": {"uv": [0.83333, 8.75, 3.16667, 9.5], "texture": "#0"},
				"east": {"uv": [0, 8.75, 0.83333, 9.5], "texture": "#0"},
				"south": {"uv": [4, 8.75, 6.33333, 9.5], "texture": "#0"},
				"west": {"uv": [3.16667, 8.75, 4, 9.5], "texture": "#0"},
				"up": {"uv": [3.16667, 8.75, 0.83333, 7.5], "texture": "#0"},
				"down": {"uv": [5.5, 7.5, 3.16667, 8.75], "texture": "#0"}
			}
		}
	],
	"display": {
		"thirdperson_righthand": {
			"rotation": [74, 12, -75],
			"translation": [3.75, 1.5, -2],
			"scale": [0.7, 0.7, 0.7]
		},
		"thirdperson_lefthand": {
			"rotation": [74, 12, -75],
			"translation": [3.75, 1.5, -2],
			"scale": [0.7, 0.7, 0.7]
		},
		"firstperson_righthand": {
			"scale": [0.7, 0.7, 0.7]
		},
		"firstperson_lefthand": {
			"scale": [0.7, 0.7, 0.7]
		},
		"gui": {
			"rotation": [15, -165, 0],
			"translation": [0, 2.5, 0],
			"scale": [0.78, 0.78, 0.78]
		},
		"head": {
			"translation": [0, 11, -1],
			"scale": [1.1, 1.1, 1.1]
		},
		"fixed": {
			"translation": [0, 4.25, 0]
		}
	},
	"groups": [
		{
			"name": "group",
			"origin": [0, 0, 0],
			"color": 0,
			"children": [0, 1, 2]
		}
	]
}