{
	"credit": "Made with Blockbench",
	"texture_size": [64, 32],
	"textures": {
		"0": "item/hats/warden_tendrils"
	},
	"elements": [
		{
			"name": "left_tendril",
			"from": [-15, 0, 7],
			"to": [1, 16, 7],
			"rotation": {"angle": 0, "axis": "y", "origin": [16, 0, 0]},
			"faces": {
				"north": {"uv": [4, 0, 0, 8], "texture": "#0"},
				"east": {"uv": [4, 0, 4, 8], "texture": "#0"},
				"south": {"uv": [8, 0, 4, 8], "texture": "#0"},
				"west": {"uv": [0, 0, 0, 8], "texture": "#0"},
				"up": {"uv": [0, 0, 4, 0], "texture": "#0"},
				"down": {"uv": [4, 0, 8, 0], "texture": "#0"}
			}
		},
		{
			"name": "right_tendril",
			"from": [15, 0, 7],
			"to": [31, 16, 7],
			"faces": {
				"north": {"uv": [0, 0, 4, 8], "texture": "#0"},
				"east": {"uv": [0, 0, 0, 8], "texture": "#0"},
				"south": {"uv": [4, 0, 8, 8], "texture": "#0"},
				"west": {"uv": [4, 0, 4, 8], "texture": "#0"},
				"up": {"uv": [4, 0, 0, 0], "texture": "#0"},
				"down": {"uv": [8, 0, 4, 0], "texture": "#0"}
			}
		},
		{
			"from": [14, -1, 6],
			"to": [16, 7, 8],
			"rotation": {"angle": 0, "axis": "y", "origin": [16, 0, 0]},
			"faces": {
				"north": {"uv": [13, 12, 12.5, 16], "texture": "#0"},
				"east": {"uv": [13.5, 12, 13, 16], "texture": "#0"},
				"south": {"uv": [14, 12, 13.5, 16], "texture": "#0"},
				"west": {"uv": [12.5, 12, 12, 16], "texture": "#0"},
				"up": {"uv": [12.5, 12, 13, 11], "texture": "#0"},
				"down": {"uv": [13, 11, 13.5, 12], "texture": "#0"}
			}
		},
		{
			"from": [0, -1, 6],
			"to": [2, 7, 8],
			"faces": {
				"north": {"uv": [0.5, 12, 1, 16], "texture": "#0"},
				"east": {"uv": [0, 12, 0.5, 16], "texture": "#0"},
				"south": {"uv": [1.5, 12, 2, 16], "texture": "#0"},
				"west": {"uv": [1, 12, 1.5, 16], "texture": "#0"},
				"up": {"uv": [1, 12, 0.5, 11], "texture": "#0"},
				"down": {"uv": [1.5, 11, 1, 12], "texture": "#0"}
			}
		},
		{
			"from": [0, 7, 6],
			"to": [16, 9, 8],
			"faces": {
				"north": {"uv": [3, 15, 7, 16], "texture": "#0"},
				"east": {"uv": [2.5, 15, 3, 16], "texture": "#0"},
				"south": {"uv": [7.5, 15, 11.5, 16], "texture": "#0"},
				"west": {"uv": [7, 15, 7.5, 16], "texture": "#0"},
				"up": {"uv": [7, 15, 3, 14], "texture": "#0"},
				"down": {"uv": [11, 14, 7, 15], "texture": "#0"}
			}
		}
	],
	"display": {
		"thirdperson_righthand": {
			"rotation": [90, -90, 0],
			"translation": [-1, -1.5, 1.5],
			"scale": [0.74, 0.74, 0.74]
		},
		"thirdperson_lefthand": {
			"rotation": [90, -90, 0],
			"translation": [-1, -1.5, 1.5],
			"scale": [0.74, 0.74, 0.74]
		},
		"firstperson_righthand": {
			"rotation": [0, 90, 0],
			"translation": [3.75, 0.25, 5.25]
		},
		"firstperson_lefthand": {
			"rotation": [0, 90, 0],
			"translation": [3.75, 0.25, 5.25]
		},
		"ground": {
			"translation": [0, 7, 0]
		},
		"gui": {
			"rotation": [30.25, 29.75, 0],
			"translation": [0.25, 0.5, 0],
			"scale": [0.54, 0.54, 0.54]
		},
		"head": {
			"translation": [0, 7.25, 0]
		},
		"fixed": {
			"translation": [0, 3.25, 0]
		}
	},
	"groups": [
		{
			"name": "left_tendril",
			"origin": [-8, 46, 0],
			"color": 0,
			"children": [0]
		},
		{
			"name": "right_tendril",
			"origin": [8, 46, 0],
			"color": 0,
			"children": [1]
		},
		{
			"name": "band",
			"origin": [0, 0, 0],
			"color": 0,
			"children": [2, 3, 4]
		}
	]
}