{
	"credit": "Made with Blockbench",
	"texture_size": [100, 100],
	"textures": {
		"0": "item/weasel_bike",
		"particle": "item/weasel_bike"
	},
	"elements": [
		{
			"from": [13, -2, -4],
			"to": [13, 8, 6],
			"rotation": {"angle": 0, "axis": "y", "origin": [0, -7, 0]},
			"faces": {
				"north": {"uv": [10.72, 10.08, 10.72, 11.36], "texture": "#0"},
				"east": {"uv": [10.72, 9.92, 9.12, 11.52], "texture": "#0"},
				"south": {"uv": [12, 10.08, 12, 11.36], "texture": "#0"},
				"west": {"uv": [9.12, 9.92, 10.72, 11.52], "texture": "#0"},
				"up": {"uv": [10.72, 10.08, 10.72, 8.8], "texture": "#0"},
				"down": {"uv": [10.72, 8.8, 10.72, 10.08], "texture": "#0"}
			}
		},
		{
			"from": [2, -2, -4],
			"to": [2, 8, 6],
			"rotation": {"angle": 0, "axis": "y", "origin": [0, -7, 0]},
			"faces": {
				"north": {"uv": [10.72, 10.08, 10.72, 11.36], "texture": "#0"},
				"east": {"uv": [10.72, 9.92, 9.12, 11.52], "texture": "#0"},
				"south": {"uv": [12, 10.08, 12, 11.36], "texture": "#0"},
				"west": {"uv": [9.12, 9.92, 10.72, 11.52], "texture": "#0"},
				"up": {"uv": [10.72, 10.08, 10.72, 8.8], "texture": "#0"},
				"down": {"uv": [10.72, 8.8, 10.72, 10.08], "texture": "#0"}
			}
		},
		{
			"from": [3, 4, 2],
			"to": [12, 4, 14],
			"rotation": {"angle": 0, "axis": "y", "origin": [0, -7, 0]},
			"faces": {
				"north": {"uv": [7.68, 12, 9.12, 12], "texture": "#0"},
				"east": {"uv": [5.76, 12, 7.68, 12], "texture": "#0"},
				"south": {"uv": [11.04, 12, 12.48, 12], "texture": "#0"},
				"west": {"uv": [9.12, 12, 11.04, 12], "texture": "#0"},
				"up": {"uv": [9.12, 12, 7.68, 10.08], "texture": "#0"},
				"down": {"uv": [9.12, 10.08, 7.68, 12], "texture": "#0"}
			}
		},
		{
			"from": [3, -6, 2],
			"to": [3, 4, 14],
			"rotation": {"angle": 0, "axis": "y", "origin": [0, -7, 0]},
			"faces": {
				"north": {"uv": [7.36, 10.08, 7.36, 11.68], "texture": "#0"},
				"east": {"uv": [5.44, 10.08, 7.36, 11.68], "texture": "#0"},
				"south": {"uv": [9.28, 10.08, 9.28, 11.68], "texture": "#0"},
				"west": {"uv": [5.44, 10.08, 7.36, 11.68], "texture": "#0"},
				"up": {"uv": [7.36, 10.08, 7.36, 8.16], "texture": "#0"},
				"down": {"uv": [7.36, 8.16, 7.36, 10.08], "texture": "#0"}
			}
		},
		{
			"from": [12, -6, 2],
			"to": [12, 4, 14],
			"rotation": {"angle": 0, "axis": "y", "origin": [0, -7, 0]},
			"faces": {
				"north": {"uv": [7.36, 10.08, 7.36, 11.68], "texture": "#0"},
				"east": {"uv": [5.44, 10.08, 7.36, 11.68], "texture": "#0"},
				"south": {"uv": [9.28, 10.08, 9.28, 11.68], "texture": "#0"},
				"west": {"uv": [5.44, 10.08, 7.36, 11.68], "texture": "#0"},
				"up": {"uv": [7.36, 10.08, 7.36, 8.16], "texture": "#0"},
				"down": {"uv": [7.36, 8.16, 7.36, 10.08], "texture": "#0"}
			}
		},
		{
			"from": [4, -10, -4],
			"to": [11, -3, 18],
			"rotation": {"angle": 0, "axis": "y", "origin": [0, -7, 3]},
			"faces": {
				"north": {"uv": [3.52, 8.64, 4.64, 9.76], "texture": "#0"},
				"east": {"uv": [0, 8.64, 3.52, 9.76], "texture": "#0"},
				"south": {"uv": [8.16, 8.64, 9.28, 9.76], "texture": "#0"},
				"west": {"uv": [4.64, 8.64, 8.16, 9.76], "texture": "#0"},
				"up": {"uv": [4.64, 8.64, 3.52, 5.12], "texture": "#0"},
				"down": {"uv": [5.76, 5.12, 4.64, 8.64], "texture": "#0"}
			}
		},
		{
			"from": [4, -3, -4],
			"to": [11, 3, 22],
			"rotation": {"angle": 0, "axis": "y", "origin": [0, -7, 3]},
			"faces": {
				"north": {"uv": [4.16, 4.16, 5.28, 5.12], "texture": "#0"},
				"east": {"uv": [0, 4.16, 4.16, 5.12], "texture": "#0"},
				"south": {"uv": [9.44, 4.16, 10.56, 5.12], "texture": "#0"},
				"west": {"uv": [5.28, 4.16, 9.44, 5.12], "texture": "#0"},
				"up": {"uv": [5.28, 4.16, 4.16, 0], "texture": "#0"},
				"down": {"uv": [6.4, 0, 5.28, 4.16], "texture": "#0"}
			}
		},
		{
			"from": [3, 0, -12],
			"to": [12, 10, -4],
			"rotation": {"angle": 0, "axis": "y", "origin": [0, -7, 3]},
			"faces": {
				"north": {"uv": [7.68, 1.28, 9.12, 2.88], "texture": "#0"},
				"east": {"uv": [6.4, 1.28, 7.68, 2.88], "texture": "#0"},
				"south": {"uv": [10.4, 1.28, 11.84, 2.88], "texture": "#0"},
				"west": {"uv": [9.12, 1.28, 10.4, 2.88], "texture": "#0"},
				"up": {"uv": [9.12, 1.28, 7.68, 0], "texture": "#0"},
				"down": {"uv": [10.56, 0, 9.12, 1.28], "texture": "#0"}
			}
		},
		{
			"from": [3, 3, -16],
			"to": [12, 10, -12],
			"rotation": {"angle": 0, "axis": "y", "origin": [0, -7, 3]},
			"faces": {
				"north": {"uv": [11.2, 3.84, 12.64, 4.96], "texture": "#0"},
				"east": {"uv": [10.56, 3.84, 11.2, 4.96], "texture": "#0"},
				"south": {"uv": [13.28, 3.84, 14.72, 4.96], "texture": "#0"},
				"west": {"uv": [12.64, 3.84, 13.28, 4.96], "texture": "#0"},
				"up": {"uv": [12.64, 3.84, 11.2, 3.2], "texture": "#0"},
				"down": {"uv": [14.08, 3.2, 12.64, 3.84], "texture": "#0"}
			}
		},
		{
			"from": [3, 9, -6],
			"to": [12, 15, -6],
			"rotation": {"angle": 22.5, "axis": "x", "origin": [7.5, 13, -6]},
			"faces": {
				"north": {"uv": [6.4, 3.2, 7.84, 4.16], "texture": "#0"},
				"east": {"uv": [6.4, 3.2, 6.4, 4.16], "texture": "#0"},
				"south": {"uv": [6.4, 3.2, 7.84, 4.16], "texture": "#0"},
				"west": {"uv": [7.84, 3.2, 7.84, 4.16], "texture": "#0"},
				"up": {"uv": [7.84, 3.2, 6.4, 3.2], "texture": "#0"},
				"down": {"uv": [9.28, 3.2, 7.84, 3.2], "texture": "#0"}
			}
		},
		{
			"from": [-1, 8, -8],
			"to": [4, 13, -8],
			"rotation": {"angle": 0, "axis": "y", "origin": [0, -7, 3]},
			"faces": {
				"north": {"uv": [6.56, 5.12, 5.76, 5.92], "texture": "#0"},
				"east": {"uv": [5.76, 5.92, 5.76, 6.72], "texture": "#0"},
				"south": {"uv": [5.76, 5.12, 6.56, 5.92], "texture": "#0"},
				"west": {"uv": [6.56, 5.92, 6.56, 6.72], "texture": "#0"},
				"up": {"uv": [6.56, 5.92, 5.76, 5.92], "texture": "#0"},
				"down": {"uv": [7.36, 5.92, 6.56, 5.92], "texture": "#0"}
			}
		},
		{
			"from": [11, 8, -8],
			"to": [16, 13, -8],
			"rotation": {"angle": 0, "axis": "y", "origin": [0, -7, 3]},
			"faces": {
				"north": {"uv": [5.76, 5.12, 6.56, 5.92], "texture": "#0"},
				"east": {"uv": [5.76, 5.12, 5.76, 5.92], "texture": "#0"},
				"south": {"uv": [6.56, 5.12, 5.76, 5.92], "texture": "#0"},
				"west": {"uv": [6.56, 5.12, 6.56, 5.92], "texture": "#0"},
				"up": {"uv": [6.56, 5.12, 5.76, 5.12], "texture": "#0"},
				"down": {"uv": [7.36, 5.12, 6.56, 5.12], "texture": "#0"}
			}
		},
		{
			"from": [4, 3, 14],
			"to": [11, 8, 30],
			"rotation": {"angle": 0, "axis": "y", "origin": [0, -7, 3]},
			"faces": {
				"north": {"uv": [8.32, 7.68, 9.44, 8.48], "texture": "#0"},
				"east": {"uv": [5.76, 7.68, 8.32, 8.48], "texture": "#0"},
				"south": {"uv": [12, 7.68, 13.12, 8.48], "texture": "#0"},
				"west": {"uv": [9.44, 7.68, 12, 8.48], "texture": "#0"},
				"up": {"uv": [9.44, 7.68, 8.32, 5.12], "texture": "#0"},
				"down": {"uv": [10.56, 5.12, 9.44, 7.68], "texture": "#0"}
			}
		},
		{
			"from": [4, 3, -4],
			"to": [11, 8, 2],
			"rotation": {"angle": 0, "axis": "y", "origin": [0, -7, 3]},
			"faces": {
				"north": {"uv": [0.96, 0.96, 2.08, 1.76], "texture": "#0"},
				"east": {"uv": [0, 0.96, 0.96, 1.76], "texture": "#0"},
				"south": {"uv": [3.04, 0.96, 4.16, 1.76], "texture": "#0"},
				"west": {"uv": [2.08, 0.96, 3.04, 1.76], "texture": "#0"},
				"up": {"uv": [2.08, 0.96, 0.96, 0], "texture": "#0"},
				"down": {"uv": [3.2, 0, 2.08, 0.96], "texture": "#0"}
			}
		},
		{
			"from": [-2, 7, -6],
			"to": [17, 8, -5],
			"rotation": {"angle": 0, "axis": "y", "origin": [0, -7, 3]},
			"faces": {
				"north": {"uv": [6.56, 3.04, 9.6, 3.2], "texture": "#0"},
				"east": {"uv": [6.4, 3.04, 6.56, 3.2], "texture": "#0"},
				"south": {"uv": [9.76, 3.04, 12.8, 3.2], "texture": "#0"},
				"west": {"uv": [9.6, 3.04, 9.76, 3.2], "texture": "#0"},
				"up": {"uv": [9.6, 3.04, 6.56, 2.88], "texture": "#0"},
				"down": {"uv": [12.64, 2.88, 9.6, 3.04], "texture": "#0"}
			}
		},
		{
			"from": [5, -13.33168, -15.46924],
			"to": [10, -3.33168, -5.46924],
			"rotation": {"angle": 0, "axis": "x", "origin": [8, -3.33168, -8.46924]},
			"faces": {
				"north": {"uv": [1.6, 11.36, 2.4, 12.96], "texture": "#0"},
				"east": {"uv": [0, 11.36, 1.6, 12.96], "texture": "#0"},
				"south": {"uv": [4, 11.36, 4.8, 12.96], "texture": "#0"},
				"west": {"uv": [2.4, 11.36, 4, 12.96], "texture": "#0"},
				"up": {"uv": [2.4, 11.36, 1.6, 9.76], "texture": "#0"},
				"down": {"uv": [3.2, 9.76, 2.4, 11.36], "texture": "#0"}
			}
		},
		{
			"from": [5, -13.94142, 20],
			"to": [10, -3.94142, 30],
			"rotation": {"angle": 0, "axis": "x", "origin": [8, -9.94142, 31.00621]},
			"faces": {
				"north": {"uv": [1.6, 11.36, 2.4, 12.96], "texture": "#0"},
				"east": {"uv": [0, 11.36, 1.6, 12.96], "texture": "#0"},
				"south": {"uv": [4, 11.36, 4.8, 12.96], "texture": "#0"},
				"west": {"uv": [2.4, 11.36, 4, 12.96], "texture": "#0"},
				"up": {"uv": [2.4, 11.36, 1.6, 9.76], "texture": "#0"},
				"down": {"uv": [3.2, 9.76, 2.4, 11.36], "texture": "#0"}
			}
		},
		{
			"from": [11, -9, -12],
			"to": [11, 0, -4],
			"rotation": {"angle": 0, "axis": "y", "origin": [0, -7, 3]},
			"faces": {
				"north": {"uv": [1.28, 5.12, 1.28, 6.56], "texture": "#0"},
				"east": {"uv": [1.28, 5.12, 0, 6.56], "texture": "#0"},
				"south": {"uv": [2.56, 5.12, 2.56, 6.56], "texture": "#0"},
				"west": {"uv": [0, 5.12, 1.28, 6.56], "texture": "#0"},
				"up": {"uv": [1.28, 5.12, 1.28, 3.84], "texture": "#0"},
				"down": {"uv": [1.28, 3.84, 1.28, 5.12], "texture": "#0"}
			}
		},
		{
			"from": [11, -10, 18],
			"to": [11, -3, 28],
			"rotation": {"angle": 0, "axis": "y", "origin": [0, -7, 3]},
			"faces": {
				"north": {"uv": [1.6, 1.76, 1.6, 2.88], "texture": "#0"},
				"east": {"uv": [1.6, 1.76, 0, 2.88], "texture": "#0"},
				"south": {"uv": [3.2, 1.76, 3.2, 2.88], "texture": "#0"},
				"west": {"uv": [0, 1.76, 1.6, 2.88], "texture": "#0"},
				"up": {"uv": [1.6, 1.76, 1.6, 0.16], "texture": "#0"},
				"down": {"uv": [1.6, 0.16, 1.6, 1.76], "texture": "#0"}
			}
		},
		{
			"from": [4, -10, 18],
			"to": [4, -3, 28],
			"rotation": {"angle": 0, "axis": "y", "origin": [0, -7, 3]},
			"faces": {
				"north": {"uv": [1.6, 1.76, 1.6, 2.88], "texture": "#0"},
				"east": {"uv": [1.6, 1.76, 0, 2.88], "texture": "#0"},
				"south": {"uv": [3.2, 1.76, 3.2, 2.88], "texture": "#0"},
				"west": {"uv": [0, 1.76, 1.6, 2.88], "texture": "#0"},
				"up": {"uv": [1.6, 1.76, 1.6, 0.16], "texture": "#0"},
				"down": {"uv": [1.6, 0.16, 1.6, 1.76], "texture": "#0"}
			}
		},
		{
			"from": [4, -9, -12],
			"to": [4, 0, -4],
			"rotation": {"angle": 0, "axis": "y", "origin": [0, -7, 3]},
			"faces": {
				"north": {"uv": [1.28, 5.12, 1.28, 6.56], "texture": "#0"},
				"east": {"uv": [1.28, 5.12, 0, 6.56], "texture": "#0"},
				"south": {"uv": [2.56, 5.12, 2.56, 6.56], "texture": "#0"},
				"west": {"uv": [0, 5.12, 1.28, 6.56], "texture": "#0"},
				"up": {"uv": [1.28, 5.12, 1.28, 3.84], "texture": "#0"},
				"down": {"uv": [1.28, 3.84, 1.28, 5.12], "texture": "#0"}
			}
		}
	],
	"gui_light": "front",
	"display": {
		"thirdperson_righthand": {
			"rotation": [89, 0, 0],
			"translation": [0, -2.25, 2.5],
			"scale": [0.5, 0.5, 0.5]
		},
		"thirdperson_lefthand": {
			"rotation": [89, 0, 0],
			"translation": [0, -2.25, 2.5],
			"scale": [0.5, 0.5, 0.5]
		},
		"firstperson_righthand": {
			"rotation": [17, 0, 0],
			"translation": [8, -2.25, 0]
		},
		"firstperson_lefthand": {
			"rotation": [17, 0, 0],
			"translation": [8, -2.25, 0]
		},
		"ground": {
			"translation": [0, 2.75, 0],
			"scale": [0.5, 0.5, 0.5]
		},
		"gui": {
			"rotation": [168.39, -50.92, 164.22],
			"translation": [-1, 2.5, 0],
			"scale": [0.35, 0.35, 0.35]
		},
		"head": {
			"translation": [1, -72.6, -5.5],
			"scale": [2.4, 2.4, 2.4]
		},
		"fixed": {
			"rotation": [90, 76.5, -90],
			"translation": [1, 3.75, 0],
			"scale": [0.5, 0.5, 0.5]
		}
	},
	"groups": [
		{
			"name": "group",
			"origin": [8, 8, 8],
			"color": 0,
			"children": [
				{
					"name": "group",
					"origin": [0, 0, 0],
					"color": 0,
					"children": [
						{
							"name": "group",
							"origin": [0, 0, 0],
							"color": 0,
							"children": [0, 1]
						},
						2,
						3,
						4
					]
				},
				{
					"name": "Hull",
					"origin": [0, 0, 3],
					"color": 0,
					"children": [5, 6, 7, 8, 9, 10, 11, 12, 13, 14]
				},
				{
					"name": "wheels",
					"origin": [8, -2.94142, 31.00621],
					"color": 0,
					"children": [15, 16, 17, 18, 19, 20]
				}
			]
		}
	]
}