{
	"credit": "Made with Blockbench",
	"texture_size": [96, 64],
	"textures": {
		"0": "item/hats/wing_cap",
		"particle": "item/hats/wing_cap"
	},
	"elements": [
		{
			"from": [0, 0, -2],
			"to": [16, 2, 17],
			"faces": {
				"north": {"uv": [3.16667, 4.75, 5.83333, 5.25], "texture": "#0"},
				"east": {"uv": [0, 4.75, 3.16667, 5.25], "texture": "#0"},
				"south": {"uv": [9, 4.75, 11.66667, 5.25], "texture": "#0"},
				"west": {"uv": [5.83333, 4.75, 9, 5.25], "texture": "#0"},
				"up": {"uv": [5.83333, 4.75, 3.16667, 0], "texture": "#0"},
				"down": {"uv": [8.5, 0, 5.83333, 4.75], "texture": "#0"}
			}
		},
		{
			"from": [0, 2, 2],
			"to": [16, 8, 12],
			"faces": {
				"north": {"uv": [1.66667, 14.5, 4.33333, 16], "texture": "#0"},
				"east": {"uv": [0, 14.5, 1.66667, 16], "texture": "#0"},
				"south": {"uv": [6, 14.5, 8.66667, 16], "texture": "#0"},
				"west": {"uv": [4.33333, 14.5, 6, 16], "texture": "#0"},
				"up": {"uv": [4.33333, 14.5, 1.66667, 12], "texture": "#0"},
				"down": {"uv": [7, 12, 4.33333, 14.5], "texture": "#0"}
			}
		},
		{
			"from": [1, 2, 12],
			"to": [15, 5, 17],
			"faces": {
				"north": {"uv": [0.83333, 8.75, 3.16667, 9.5], "texture": "#0"},
				"east": {"uv": [0, 8.75, 0.83333, 9.5], "texture": "#0"},
				"south": {"uv": [4, 8.75, 6.33333, 9.5], "texture": "#0"},
				"west": {"uv": [3.16667, 8.75, 4, 9.5], "texture": "#0"},
				"up": {"uv": [3.16667, 8.75, 0.83333, 7.5], "texture": "#0"},
				"down": {"uv": [5.5, 7.5, 3.16667, 8.75], "texture": "#0"}
			}
		},
		{
			"from": [1, 4, 14],
			"to": [3, 9, 17],
			"rotation": {"angle": -22.5, "axis": "y", "origin": [0, 0, 0]},
			"faces": {
				"north": {"uv": [14.83333, 0.75, 15.16667, 2], "texture": "#0"},
				"east": {"uv": [14.33333, 0.75, 14.83333, 2], "texture": "#0"},
				"south": {"uv": [15.66667, 0.75, 16, 2], "texture": "#0"},
				"west": {"uv": [15.16667, 0.75, 15.66667, 2], "texture": "#0"},
				"up": {"uv": [15.16667, 0.75, 14.83333, 0], "texture": "#0"},
				"down": {"uv": [15.5, 0, 15.16667, 0.75], "texture": "#0"}
			}
		},
		{
			"from": [1, 2, 8],
			"to": [3, 8, 14],
			"rotation": {"angle": -22.5, "axis": "y", "origin": [0, 0, 0]},
			"faces": {
				"north": {"uv": [14.33333, 4.25, 14.66667, 5.75], "texture": "#0"},
				"east": {"uv": [13.33333, 4.25, 14.33333, 5.75], "texture": "#0"},
				"south": {"uv": [15.66667, 4.25, 16, 5.75], "texture": "#0"},
				"west": {"uv": [14.66667, 4.25, 15.66667, 5.75], "texture": "#0"},
				"up": {"uv": [14.66667, 4.25, 14.33333, 2.75], "texture": "#0"},
				"down": {"uv": [15, 2.75, 14.66667, 4.25], "texture": "#0"}
			}
		},
		{
			"from": [1, 8, 9],
			"to": [3, 9, 14],
			"rotation": {"angle": -22.5, "axis": "y", "origin": [0, 0, 0]},
			"faces": {
				"north": {"uv": [14.5, 8.25, 14.83333, 8.5], "texture": "#0"},
				"east": {"uv": [13.66667, 8.25, 14.5, 8.5], "texture": "#0"},
				"south": {"uv": [15.66667, 8.25, 16, 8.5], "texture": "#0"},
				"west": {"uv": [14.83333, 8.25, 15.66667, 8.5], "texture": "#0"},
				"up": {"uv": [14.83333, 8.25, 14.5, 7], "texture": "#0"},
				"down": {"uv": [15.16667, 7, 14.83333, 8.25], "texture": "#0"}
			}
		},
		{
			"from": [13, 4, 14],
			"to": [15, 9, 17],
			"rotation": {"angle": 22.5, "axis": "y", "origin": [16, 0, 0]},
			"faces": {
				"north": {"uv": [15.16667, 0.75, 14.83333, 2], "texture": "#0"},
				"east": {"uv": [15.66667, 0.75, 15.16667, 2], "texture": "#0"},
				"south": {"uv": [16, 0.75, 15.66667, 2], "texture": "#0"},
				"west": {"uv": [14.83333, 0.75, 14.33333, 2], "texture": "#0"},
				"up": {"uv": [14.83333, 0.75, 15.16667, 0], "texture": "#0"},
				"down": {"uv": [15.16667, 0, 15.5, 0.75], "texture": "#0"}
			}
		},
		{
			"from": [13, 2, 8],
			"to": [15, 8, 14],
			"rotation": {"angle": 22.5, "axis": "y", "origin": [16, 0, 0]},
			"faces": {
				"north": {"uv": [14.66667, 4.25, 14.33333, 5.75], "texture": "#0"},
				"east": {"uv": [15.66667, 4.25, 14.66667, 5.75], "texture": "#0"},
				"south": {"uv": [16, 4.25, 15.66667, 5.75], "texture": "#0"},
				"west": {"uv": [14.33333, 4.25, 13.33333, 5.75], "texture": "#0"},
				"up": {"uv": [14.33333, 4.25, 14.66667, 2.75], "texture": "#0"},
				"down": {"uv": [14.66667, 2.75, 15, 4.25], "texture": "#0"}
			}
		},
		{
			"from": [13, 8, 9],
			"to": [15, 9, 14],
			"rotation": {"angle": 22.5, "axis": "y", "origin": [16, 0, 0]},
			"faces": {
				"north": {"uv": [14.83333, 8.25, 14.5, 8.5], "texture": "#0"},
				"east": {"uv": [15.66667, 8.25, 14.83333, 8.5], "texture": "#0"},
				"south": {"uv": [16, 8.25, 15.66667, 8.5], "texture": "#0"},
				"west": {"uv": [14.5, 8.25, 13.66667, 8.5], "texture": "#0"},
				"up": {"uv": [14.5, 8.25, 14.83333, 7], "texture": "#0"},
				"down": {"uv": [14.83333, 7, 15.16667, 8.25], "texture": "#0"}
			}
		}
	],
	"display": {
		"thirdperson_righthand": {
			"rotation": [74, 12, -75],
			"translation": [3.75, 1.5, -2],
			"scale": [0.7, 0.7, 0.7]
		},
		"thirdperson_lefthand": {
			"rotation": [74, 12, -75],
			"translation": [3.75, 1.5, -2],
			"scale": [0.7, 0.7, 0.7]
		},
		"firstperson_righthand": {
			"scale": [0.7, 0.7, 0.7]
		},
		"firstperson_lefthand": {
			"scale": [0.7, 0.7, 0.7]
		},
		"gui": {
			"rotation": [29, -165, 0],
			"translation": [1, 1.25, 0],
			"scale": [0.55, 0.55, 0.55]
		},
		"head": {
			"translation": [0, 11, -1],
			"scale": [1.1, 1.1, 1.1]
		},
		"fixed": {
			"translation": [0, 4.25, 0]
		}
	},
	"groups": [
		{
			"name": "group",
			"origin": [0, 0, 0],
			"color": 0,
			"children": [0, 1, 2]
		},
		{
			"name": "r_wing",
			"origin": [0, 0, 0],
			"color": 0,
			"children": [3, 4, 5]
		},
		{
			"name": "l_wing",
			"origin": [0, 0, 0],
			"color": 0,
			"children": [6, 7, 8]
		}
	]
}